{"nodes":[{"id":375491,"nodelink":{"x":12.327,"y":-14.338},"geo":{"latitudeDiff":0,"longitudeDiff":0},"selected":true,"data":{"properties":{"name":"H.E. ANG VONG VATHANA","certificateNumber":"4","numbershares":"5,000","classofshares":"ORDINARY","dateofissue":"03-05-2007","ceasedmembership":"","transferdate":"","sharestransferred":"","newcertificate":"","custodianname":"","custodianaddress":"","citizenship":"NO","pep":"NO","rst":"NOT NEGATIVE RESULT","registerlocation":""},"categories":{"0":"Officer"},"statistics":{"digest":{"0":{"edgeType":"registered address","nodeCategories":{"0":"Address"},"nodes":1,"edges":1},"1":{"edgeType":"is officer of","nodeCategories":{"0":"Company"},"nodes":1,"edges":1}},"edgeCount":2,"visibleEdgeCount":2,"hiddenEdgeCount":0}},"label":"H.E. ANG VONG VATHANA","x":35,"y":-14.699999999999994,"fixed":true,"size":1,"glyphs":{"0":{"draw":false,"position":"top-right","content":"0"},"1":{"draw":true,"position":"bottom-right","font":"FontAwesome","textColor":"#000","content":""}},"active":false,"color":"#be4400","icon":{"font":"FontAwesome","scale":1,"color":"#fff","content":""},"fa2_x":35,"fa2_y":-14.699999999999994,"colors":{"0":"#be4400"},"read_cam0:size":5,"read_cam0:x":35,"read_cam0:y":-14.699999999999994,"renderer1:x":1535.145,"renderer1:y":389.18709886806033,"renderer1:size":31.547867224009664},{"id":51918,"nodelink":{"x":-16.029,"y":-14.318,"fixed":true},"geo":{"latitudeDiff":0,"longitudeDiff":0},"data":{"properties":{"file_number":"586647","jurisdiction":"BVI","name":"RCD INTERNATIONAL LTD","status":"MOR","inactivationDate":"09-NOV-2010","struck_off_date":"31-OCT-2010","registrationDate":"12-FEB-2007"},"categories":{"0":"Company"},"statistics":{"digest":{"0":{"edgeType":"is officer of","nodeCategories":{"0":"Officer"},"nodes":6,"edges":6},"1":{"edgeType":"registered","nodeCategories":{"0":"Client"},"nodes":1,"edges":1}},"edgeCount":7,"visibleEdgeCount":3,"hiddenEdgeCount":4}},"label":"RCD INTERNATIONAL LTD","x":-16.029,"y":-14.318,"fixed":true,"size":1,"glyphs":{"0":{"draw":true,"position":"top-right","content":"4"}},"active":true,"color":"#420e00","icon":{"font":"FontAwesome","scale":1,"color":"#fff","content":""},"fa2_x":-16.029,"fa2_y":-14.318,"colors":{"0":"#420e00"},"read_cam0:size":5,"read_cam0:x":-16.029,"read_cam0:y":-14.318,"renderer1:x":1024.855,"renderer1:y":393.00709886806027,"renderer1:size":31.547867224009664},{"id":500209,"nodelink":{"x":-10.984,"y":14.202},"geo":{"latitudeDiff":0,"longitudeDiff":0},"data":{"properties":{"name":"#E2; Norodom Blvd.; Sangkattonae Basaf Khan Chamkamon; Phnon Penn; Cambodia"},"categories":{"0":"Address"},"statistics":{"digest":{"0":{"edgeType":"registered address","nodeCategories":{"0":"Officer"},"nodes":1,"edges":1}},"edgeCount":1,"visibleEdgeCount":1,"hiddenEdgeCount":0}},"label":"#E2; Norodom Blvd.; Sangkattonae Basaf Khan Chamkamon; Phnon Penn; Cambodia","x":18.63131096865311,"y":-31.80976551917555,"fixed":true,"size":1,"glyphs":{"0":{"draw":false,"position":"top-right","content":"0"},"1":{"draw":true,"position":"bottom-right","font":"FontAwesome","textColor":"#000","content":""}},"active":false,"color":"#937c6f","icon":{"font":"FontAwesome","scale":1,"color":"#fff","content":""},"fa2_x":58.05312728881836,"fa2_y":-25.552719116210938,"colors":{"0":"#937c6f"},"read_cam0:size":5,"read_cam0:x":18.63131096865311,"read_cam0:y":-31.80976551917555,"renderer1:x":1371.458109686531,"renderer1:y":218.08944367630477,"renderer1:size":31.547867224009664},{"id":582980,"data":{"properties":{"name":"CORPORATE MANAGEMENT SERVICES LIMITED","status":"ACTIVE","client_number":"15805","client_name":"CORPORATE MANAGEMENT SERVICES LIMITED","prospect_date":"","active_since":"20-MAY-2004","country":"HONG KONG S.A.R.","city":"HONG KONG","former_name":"","cross_reference":"","activity":"CORPORATE & BUSINESS SERVICES","classification":"Special rates","subclassification":"","region":"HONG KONG PROFESSIONAL CLIENTS","compliance_classification":"INTERMEDIARY"},"categories":{"0":"Client"},"statistics":{"digest":{"0":{"edgeType":"registered","nodeCategories":{"0":"Company"},"nodes":657,"edges":657}},"edgeCount":657,"visibleEdgeCount":1,"hiddenEdgeCount":656}},"x":8.317241668701172,"y":-0.6276542544364929,"label":"CORPORATE MANAGEMENT SERVICES LIMITED","size":1,"glyphs":{"0":{"draw":true,"position":"top-right","content":"656"}},"colors":{"0":"#851d00"},"color":"#851d00","icon":{"font":"FontAwesome","scale":1,"color":"#fff","content":""},"fa2_x":8.317241668701172,"fa2_y":-0.6276542544364929,"read_cam0:size":5,"read_cam0:x":8.317241668701172,"read_cam0:y":-0.6276542544364929,"renderer1:x":1268.3174166870117,"renderer1:y":529.9105563236953,"renderer1:size":31.547867224009664},{"id":667755,"data":{"properties":{"name":"Ang Vong Vathana"},"categories":{"0":"Officer"},"statistics":{"digest":{"0":{"edgeType":"is officer of","nodeCategories":{"0":"Company"},"nodes":1,"edges":1}},"edgeCount":1,"visibleEdgeCount":1,"hiddenEdgeCount":0}},"x":-6.868689031346889,"y":-34.80976551917556,"label":"Ang Vong Vathana","size":1,"glyphs":{"0":{"draw":false,"position":"top-right","content":"0"},"1":{"draw":true,"position":"bottom-right","font":"FontAwesome","textColor":"#000","content":""}},"colors":{"0":"#be4400"},"color":"#be4400","icon":{"font":"FontAwesome","scale":1,"color":"#fff","content":""},"fa2_x":1.3789336681365967,"fa2_y":-9.798130989074707,"fixed":true,"read_cam0:size":5,"read_cam0:x":-6.868689031346889,"read_cam0:y":-34.80976551917556,"renderer1:x":1116.458109686531,"renderer1:y":188.08944367630465,"renderer1:size":31.547867224009664}],"edges":[{"id":833802,"source":375491,"target":500209,"data":{"properties":{},"type":"registered address"},"label":"registered address","size":1,"active":false,"color":"#baaba3","hover":false,"read_cam0:size":2,"renderer1:size":12.619146889603865},{"id":539174,"source":375491,"target":51918,"data":{"properties":{"name":"Shareholder"},"type":"is officer of"},"label":"Shareholder","size":1,"color":"#d48a60","active":false,"hover":false,"read_cam0:size":2,"renderer1:size":12.619146889603865},{"id":69523,"source":667755,"target":51918,"data":{"properties":{"name":"Shareholder","date_start":"03/05/2007","date_end":""},"type":"is officer of"},"label":"Shareholder","size":1,"color":"#d48a60","hover":false,"read_cam0:size":2,"renderer1:size":12.619146889603865},{"id":725390,"source":582980,"target":51918,"data":{"properties":{},"type":"registered"},"label":"registered","size":1,"color":"#8a6960","hover":false,"read_cam0:size":2,"renderer1:size":12.619146889603865}]}