{"nodes":[{"id":61851,"nodelink":{"x":-8,"y":14.1,"fixed":true},"geo":{"latitudeDiff":0,"longitudeDiff":0},"data":{"properties":{"file_number":"52079","jurisdiction":"PMA","name":"REFILL TRADING CORP.","status":"ACT","inactivationDate":"","struck_off_date":"","registrationDate":"06-JAN-2009"},"categories":{"0":"Company"},"statistics":{"digest":{"0":{"edgeType":"is officer of","nodeCategories":{"0":"Officer"},"nodes":2,"edges":2},"1":{"edgeType":"registered","nodeCategories":{"0":"Client"},"nodes":1,"edges":1}},"edgeCount":3,"visibleEdgeCount":3,"hiddenEdgeCount":0}},"label":"REFILL TRADING CORP.","x":-8,"y":14.1,"fixed":true,"size":1,"glyphs":{"0":{"draw":false,"position":"top-right","content":"0"}},"active":false,"colors":{"0":"#420e00"},"color":"#420e00","icon":{"font":"FontAwesome","scale":1,"color":"#fff","content":""},"read_cam0:size":5,"read_cam0:x":-8,"read_cam0:y":14.1,"renderer1:x":1354.63,"renderer1:y":547,"renderer1:size":31.547867224009664},{"id":455430,"nodelink":{"x":-34.386,"y":-2.376,"fixed":true},"geo":{"latitudeDiff":0,"longitudeDiff":0},"data":{"properties":{"name":"THE BEARER","certificateNumber":"1","numbershares":"100","classofshares":"","dateofissue":"06-01-2009","ceasedmembership":"","transferdate":"","sharestransferred":"","newcertificate":"","custodianname":"","custodianaddress":"","citizenship":"NO","pep":"NO","rst":"NOT NEGATIVE RESULT","registerlocation":""},"categories":{"0":"Officer"},"statistics":{"digest":{"0":{"edgeType":"is officer of","nodeCategories":{"0":"Company"},"nodes":1,"edges":1}},"edgeCount":1,"visibleEdgeCount":1,"hiddenEdgeCount":0}},"label":"THE BEARER","x":-34.386,"y":-2.376,"fixed":true,"size":1,"glyphs":{"0":{"draw":false,"position":"top-right","content":"0"}},"active":false,"colors":{"0":"#be4400"},"color":"#be4400","icon":{"font":"FontAwesome","scale":1,"color":"#fff","content":""},"read_cam0:size":5,"read_cam0:x":-34.386,"read_cam0:y":-2.376,"renderer1:x":1090.77,"renderer1:y":382.24,"renderer1:size":31.547867224009664},{"id":588485,"nodelink":{"x":3.46,"y":-0.176,"fixed":true},"geo":{"latitudeDiff":0,"longitudeDiff":0},"data":{"properties":{"name":"PRIME PARTNERS S.A.","client_number":"90433","client_name":"PRIME PARTNERS S.A."},"categories":{"0":"Client"},"statistics":{"digest":{"0":{"edgeType":"registered","nodeCategories":{"0":"Company"},"nodes":34,"edges":34}},"edgeCount":34,"visibleEdgeCount":1,"hiddenEdgeCount":33}},"label":"PRIME PARTNERS S.A.","x":3.46,"y":-0.176,"fixed":true,"size":1,"glyphs":{"0":{"draw":true,"position":"top-right","content":"33"}},"active":false,"colors":{"0":"#851d00"},"color":"#851d00","icon":{"font":"FontAwesome","scale":1,"color":"#fff","content":""},"read_cam0:size":5,"read_cam0:x":3.46,"read_cam0:y":-0.176,"renderer1:x":1469.23,"renderer1:y":404.24,"renderer1:size":31.547867224009664},{"id":667754,"nodelink":{"x":-4.4,"y":-23.5,"fixed":true},"geo":{"latitudeDiff":0,"longitudeDiff":0},"data":{"properties":{"name":"João Lyra"},"categories":{"0":"Officer"},"statistics":{"digest":{"0":{"edgeType":"is officer of","nodeCategories":{"0":"Company"},"nodes":1,"edges":1}},"edgeCount":1,"visibleEdgeCount":1,"hiddenEdgeCount":0}},"label":"João Lyra","x":-4.4,"y":-23.5,"fixed":true,"size":1,"glyphs":{"0":{"draw":false,"position":"top-right","content":"0"}},"active":false,"colors":{"0":"#be4400"},"color":"#be4400","icon":{"font":"FontAwesome","scale":1,"color":"#fff","content":""},"read_cam0:size":5,"read_cam0:x":-4.4,"read_cam0:y":-23.5,"renderer1:x":1390.63,"renderer1:y":171,"renderer1:size":31.547867224009664}],"edges":[{"id":674801,"source":588485,"target":61851,"data":{"properties":{},"type":"registered"},"label":"registered","size":1,"active":false,"color":"#8a6960","read_cam0:size":2,"renderer1:size":12.619146889603865},{"id":39315,"source":455430,"target":61851,"data":{"properties":{"name":"Shareholder"},"type":"is officer of"},"label":"Shareholder","size":1,"active":false,"color":"#d48a60","read_cam0:size":2,"renderer1:size":12.619146889603865},{"id":69522,"source":667754,"target":61851,"selected":true,"data":{"properties":{"date_end":"","name":"Power of attorney","date_start":"21/01/2009"},"type":"is officer of"},"label":"Power of attorney","size":1,"active":true,"color":"#d48a60","read_cam0:size":2,"renderer1:size":12.619146889603865}]}