{"nodes":[{"id":467936,"nodelink":{"x":18.491,"y":4.924},"geo":{"latitudeDiff":0,"longitudeDiff":0},"data":{"properties":{"name":"PAWEL BARTLOMIEJ PISKORSKI","certificateNumber":"7","numbershares":"100","classofshares":"","dateofissue":"30-09-2014","ceasedmembership":"","transferdate":"","sharestransferred":"","newcertificate":"","custodianname":"","custodianaddress":"","citizenship":"NO","pep":"NO","rst":"NOT NEGATIVE RESULT","registerlocation":""},"categories":{"0":"Officer"},"statistics":{"digest":{"0":{"edgeType":"registered address","nodeCategories":{"0":"Address"},"nodes":1,"edges":1},"1":{"edgeType":"is officer of","nodeCategories":{"0":"Company"},"nodes":1,"edges":2}},"edgeCount":3,"visibleEdgeCount":3,"hiddenEdgeCount":0}},"label":"PAWEL BARTLOMIEJ PISKORSKI","x":3.539447784423828,"y":-4.690943717956543,"size":1,"glyphs":{"0":{"draw":false,"position":"top-right","content":"0"}},"active":false,"color":"#be4400","icon":{"font":"FontAwesome","scale":1,"color":"#fff","content":""},"colors":{"0":"#be4400"},"fa2_x":3.539447784423828,"fa2_y":-4.690943717956543,"read_cam0:size":5,"read_cam0:x":3.539447784423828,"read_cam0:y":-4.690943717956543,"renderer1:x":1254.178310303177,"renderer1:y":226.22596035504426,"renderer1:size":19.182717741868444},{"id":16835,"nodelink":{"x":-13.575,"y":-7.602,"fixed":true},"geo":{"latitudeDiff":0,"longitudeDiff":0},"selected":true,"data":{"properties":{"file_number":"68376","jurisdiction":"PMA","name":"STARDALE MANAGEMENT INC.","status":"DIS","inactivationDate":"14-APR-2015","struck_off_date":"15-JAN-2017","registrationDate":"16-AUG-2012"},"categories":{"0":"Company"},"statistics":{"digest":{"0":{"edgeType":"is officer of","nodeCategories":{"0":"Officer"},"nodes":8,"edges":9},"1":{"edgeType":"registered","nodeCategories":{"0":"Client"},"nodes":1,"edges":1}},"edgeCount":10,"visibleEdgeCount":10,"hiddenEdgeCount":0}},"label":"STARDALE MANAGEMENT INC.","x":-13.575,"y":-7.602,"fixed":true,"size":1,"glyphs":{"0":{"draw":false,"position":"top-right","content":"0"}},"active":true,"color":"#420e00","icon":{"font":"FontAwesome","scale":1,"color":"#fff","content":""},"colors":{"0":"#420e00"},"fa2_x":-13.575,"fa2_y":-7.602,"read_cam0:size":5,"read_cam0:x":-13.575,"read_cam0:y":-7.602,"renderer1:x":1162.2841198865065,"renderer1:y":210.59535610386814,"renderer1:size":19.182717741868444},{"id":525230,"nodelink":{"x":72.057,"y":4.953,"fixed":true},"geo":{"latitudeDiff":0,"longitudeDiff":0},"data":{"properties":{"name":"Al. Prymasa Tysiaclecia 93/4 01-242 Warsaw, Poland"},"categories":{"0":"Address"},"statistics":{"digest":{"0":{"edgeType":"registered address","nodeCategories":{"0":"Officer"},"nodes":1,"edges":1}},"edgeCount":1,"visibleEdgeCount":1,"hiddenEdgeCount":0}},"label":"Al. Prymasa Tysiaclecia 93/4 01-242 Warsaw, Poland","x":72.057,"y":4.953,"fixed":true,"size":1,"glyphs":{"0":{"draw":false,"position":"top-right","content":"0"}},"active":false,"color":"#937c6f","icon":{"font":"FontAwesome","scale":1,"color":"#fff","content":""},"colors":{"0":"#937c6f"},"fa2_x":72.057,"fa2_y":4.953,"read_cam0:size":5,"read_cam0:x":72.057,"read_cam0:y":4.953,"renderer1:x":1622.0759526631468,"renderer1:y":278.00808102575155,"renderer1:size":19.182717741868444},{"id":586932,"nodelink":{"x":-55.36,"y":-30.649,"fixed":true},"geo":{"latitudeDiff":0,"longitudeDiff":0},"data":{"properties":{"name":"TAXWAYS LIMITED","status":"ACTIVE","client_number":"33815","client_name":"TAXWAYS LIMITED","prospect_date":"","active_since":"08-MAR-2012","country":"POLAND","city":"WARSAW","former_name":"","cross_reference":"","activity":"TAX ADVISOR","classification":"Special rates","subclassification":"","region":"PROFESSIONAL CLIENTS","compliance_classification":"INTRODUCER"},"categories":{"0":"Client"},"statistics":{"digest":{"0":{"edgeType":"registered","nodeCategories":{"0":"Company"},"nodes":27,"edges":27}},"edgeCount":27,"visibleEdgeCount":1,"hiddenEdgeCount":26}},"label":"TAXWAYS LIMITED","x":-55.36,"y":-30.649,"fixed":true,"size":1,"glyphs":{"0":{"draw":true,"position":"top-right","content":"26"}},"active":false,"color":"#851d00","icon":{"font":"FontAwesome","scale":1,"color":"#fff","content":""},"colors":{"0":"#851d00"},"fa2_x":-55.36,"fa2_y":-30.649,"read_cam0:size":5,"read_cam0:x":-55.36,"read_cam0:y":-30.649,"renderer1:x":937.9240473368529,"renderer1:y":86.84696333010095,"renderer1:size":19.182717741868444},{"id":344591,"nodelink":{"x":20.153,"y":59.855,"fixed":true},"geo":{"latitudeDiff":0,"longitudeDiff":0},"data":{"properties":{"name":"Krzysztof Kubala","certificateNumber":"6","numbershares":"100","classofshares":"","dateofissue":"12-02-2014","ceasedmembership":"30-09-2014","transferdate":"","sharestransferred":"","newcertificate":"","custodianname":"","custodianaddress":"","citizenship":"NO","pep":"NO","rst":"NOT NEGATIVE RESULT(SEARCHES CONDUCTED)","registerlocation":""},"categories":{"0":"Officer"},"statistics":{"digest":{"0":{"edgeType":"is officer of","nodeCategories":{"0":"Company"},"nodes":1,"edges":1}},"edgeCount":1,"visibleEdgeCount":1,"hiddenEdgeCount":0}},"label":"Krzysztof Kubala","x":20.153,"y":59.855,"fixed":true,"size":1,"glyphs":{"0":{"draw":false,"position":"top-right","content":"0"}},"active":false,"color":"#be4400","icon":{"font":"FontAwesome","scale":1,"color":"#fff","content":""},"colors":{"0":"#be4400"},"fa2_x":20.153,"fa2_y":59.855,"read_cam0:size":5,"read_cam0:x":20.153,"read_cam0:y":59.855,"renderer1:x":1343.3829957260352,"renderer1:y":572.7984771755916,"renderer1:size":19.182717741868444},{"id":467930,"nodelink":{"x":19.591,"y":50.111,"fixed":true},"geo":{"latitudeDiff":0,"longitudeDiff":0},"data":{"properties":{"name":"THE BEARER","certificateNumber":"1","numbershares":"1","classofshares":"","dateofissue":"17-08-2012","ceasedmembership":"12-02-2014","transferdate":"","sharestransferred":"","newcertificate":"","custodianname":"","custodianaddress":"","citizenship":"NO","pep":"NO","rst":"NOT NEGATIVE RESULT","registerlocation":""},"categories":{"0":"Officer"},"statistics":{"digest":{"0":{"edgeType":"is officer of","nodeCategories":{"0":"Company"},"nodes":1,"edges":1}},"edgeCount":1,"visibleEdgeCount":1,"hiddenEdgeCount":0}},"label":"THE BEARER","x":19.591,"y":50.111,"fixed":true,"size":1,"glyphs":{"0":{"draw":false,"position":"top-right","content":"0"}},"active":false,"color":"#be4400","icon":{"font":"FontAwesome","scale":1,"color":"#fff","content":""},"colors":{"0":"#be4400"},"fa2_x":19.591,"fa2_y":50.111,"read_cam0:size":5,"read_cam0:x":19.591,"read_cam0:y":50.111,"renderer1:x":1340.365397047732,"renderer1:y":520.479115037891,"renderer1:size":19.182717741868444},{"id":467931,"nodelink":{"x":20.153,"y":70.723,"fixed":true},"geo":{"latitudeDiff":0,"longitudeDiff":0},"data":{"properties":{"name":"THE BEARER","certificateNumber":"2","numbershares":"1","classofshares":"","dateofissue":"17-08-2012","ceasedmembership":"12-02-2014","transferdate":"","sharestransferred":"","newcertificate":"","custodianname":"","custodianaddress":"","citizenship":"NO","pep":"NO","rst":"NOT NEGATIVE RESULT","registerlocation":""},"categories":{"0":"Officer"},"statistics":{"digest":{"0":{"edgeType":"is officer of","nodeCategories":{"0":"Company"},"nodes":1,"edges":1}},"edgeCount":1,"visibleEdgeCount":1,"hiddenEdgeCount":0}},"label":"THE BEARER","x":20.153,"y":70.723,"fixed":true,"size":1,"glyphs":{"0":{"draw":false,"position":"top-right","content":"0"}},"active":false,"color":"#be4400","icon":{"font":"FontAwesome","scale":1,"color":"#fff","content":""},"colors":{"0":"#be4400"},"fa2_x":20.153,"fa2_y":70.723,"read_cam0:size":5,"read_cam0:x":20.153,"read_cam0:y":70.723,"renderer1:x":1343.3829957260352,"renderer1:y":631.153036669899,"renderer1:size":19.182717741868444},{"id":467932,"nodelink":{"x":18.842,"y":22.754,"fixed":true},"geo":{"latitudeDiff":0,"longitudeDiff":0},"data":{"properties":{"name":"THE BEARER","certificateNumber":"3","numbershares":"1","classofshares":"","dateofissue":"17-08-2012","ceasedmembership":"12-02-2014","transferdate":"","sharestransferred":"","newcertificate":"","custodianname":"","custodianaddress":"","citizenship":"NO","pep":"NO","rst":"NOT NEGATIVE RESULT","registerlocation":""},"categories":{"0":"Officer"},"statistics":{"digest":{"0":{"edgeType":"is officer of","nodeCategories":{"0":"Company"},"nodes":1,"edges":1}},"edgeCount":1,"visibleEdgeCount":1,"hiddenEdgeCount":0}},"label":"THE BEARER","x":18.842,"y":22.754,"fixed":true,"size":1,"glyphs":{"0":{"draw":false,"position":"top-right","content":"0"}},"active":false,"color":"#be4400","icon":{"font":"FontAwesome","scale":1,"color":"#fff","content":""},"colors":{"0":"#be4400"},"fa2_x":18.842,"fa2_y":22.754,"read_cam0:size":5,"read_cam0:x":18.842,"read_cam0:y":22.754,"renderer1:x":1336.3437219408827,"renderer1:y":373.5886398735769,"renderer1:size":19.182717741868444},{"id":467933,"nodelink":{"x":19.216,"y":32.123,"fixed":true},"geo":{"latitudeDiff":0,"longitudeDiff":0},"data":{"properties":{"name":"THE BEARER","certificateNumber":"4","numbershares":"1","classofshares":"","dateofissue":"17-08-2012","ceasedmembership":"12-02-2014","transferdate":"","sharestransferred":"","newcertificate":"","custodianname":"","custodianaddress":"","citizenship":"NO","pep":"NO","rst":"NOT NEGATIVE RESULT","registerlocation":""},"categories":{"0":"Officer"},"statistics":{"digest":{"0":{"edgeType":"is officer of","nodeCategories":{"0":"Company"},"nodes":1,"edges":1}},"edgeCount":1,"visibleEdgeCount":1,"hiddenEdgeCount":0}},"label":"THE BEARER","x":19.216,"y":32.123,"fixed":true,"size":1,"glyphs":{"0":{"draw":false,"position":"top-right","content":"0"}},"active":false,"color":"#be4400","icon":{"font":"FontAwesome","scale":1,"color":"#fff","content":""},"colors":{"0":"#be4400"},"fa2_x":19.216,"fa2_y":32.123,"read_cam0:size":5,"read_cam0:x":19.216,"read_cam0:y":32.123,"renderer1:x":1338.3518747979742,"renderer1:y":423.89447976151996,"renderer1:size":19.182717741868444},{"id":467934,"nodelink":{"x":19.404,"y":40.93,"fixed":true},"geo":{"latitudeDiff":0,"longitudeDiff":0},"data":{"properties":{"name":"THE BEARER","certificateNumber":"5","numbershares":"96","classofshares":"","dateofissue":"27-11-2012","ceasedmembership":"12-02-2014","transferdate":"","sharestransferred":"","newcertificate":"","custodianname":"","custodianaddress":"","citizenship":"NO","pep":"NO","rst":"NOT NEGATIVE RESULT","registerlocation":""},"categories":{"0":"Officer"},"statistics":{"digest":{"0":{"edgeType":"is officer of","nodeCategories":{"0":"Company"},"nodes":1,"edges":1}},"edgeCount":1,"visibleEdgeCount":1,"hiddenEdgeCount":0}},"label":"THE BEARER","x":19.404,"y":40.93,"fixed":true,"size":1,"glyphs":{"0":{"draw":false,"position":"top-right","content":"0"}},"active":false,"color":"#be4400","icon":{"font":"FontAwesome","scale":1,"color":"#fff","content":""},"colors":{"0":"#be4400"},"fa2_x":19.404,"fa2_y":40.93,"read_cam0:size":5,"read_cam0:x":19.404,"read_cam0:y":40.93,"renderer1:x":1339.361320619186,"renderer1:y":471.1827209711597,"renderer1:size":19.182717741868444},{"id":662786,"nodelink":{"x":18.654,"y":13.76,"fixed":true},"geo":{"latitudeDiff":0,"longitudeDiff":0},"data":{"properties":{"name":"PAWEL PISKORSKI","citizenship":"NO","pep":"NO","passport_copy":""},"categories":{"0":"Officer"},"statistics":{"digest":{"0":{"edgeType":"is officer of","nodeCategories":{"0":"Company"},"nodes":1,"edges":1}},"edgeCount":1,"visibleEdgeCount":1,"hiddenEdgeCount":0}},"label":"PAWEL PISKORSKI","x":18.654,"y":13.76,"fixed":true,"size":1,"glyphs":{"0":{"draw":false,"position":"top-right","content":"0"}},"active":false,"color":"#be4400","icon":{"font":"FontAwesome","scale":1,"color":"#fff","content":""},"colors":{"0":"#be4400"},"fa2_x":18.654,"fa2_y":13.76,"read_cam0:size":5,"read_cam0:x":18.654,"read_cam0:y":13.76,"renderer1:x":1335.334276119671,"renderer1:y":325.2963222353913,"renderer1:size":19.182717741868444}],"edges":[{"id":255876,"source":467936,"target":525230,"data":{"properties":{},"type":"registered address"},"label":"registered address","size":1,"active":false,"color":"#baaba3","read_cam0:size":2,"renderer1:size":7.673087096747378},{"id":768215,"source":586932,"target":16835,"data":{"properties":{},"type":"registered"},"label":"registered","size":1,"active":false,"color":"#8a6960","read_cam0:size":2,"renderer1:size":7.673087096747378},{"id":62679,"source":662786,"target":16835,"data":{"properties":{"name":"Beneficiay"},"type":"is officer of"},"label":"Beneficiay","size":1,"color":"#d48a60","read_cam0:size":2,"renderer1:size":7.673087096747378},{"id":68550,"source":467936,"target":16835,"data":{"properties":{"name":"Beneficial Owner"},"type":"is officer of"},"label":"Beneficial Owner","size":1,"type":"curvedArrow","cc":{"y":null},"color":"#d48a60","read_cam0:size":2,"renderer1:size":7.673087096747378},{"id":428634,"source":467931,"target":16835,"data":{"properties":{"name":"Shareholder"},"type":"is officer of"},"label":"Shareholder","size":1,"color":"#d48a60","read_cam0:size":2,"renderer1:size":7.673087096747378},{"id":428635,"source":467933,"target":16835,"data":{"properties":{"name":"Shareholder"},"type":"is officer of"},"label":"Shareholder","size":1,"color":"#d48a60","read_cam0:size":2,"renderer1:size":7.673087096747378},{"id":428636,"source":467932,"target":16835,"data":{"properties":{"name":"Shareholder"},"type":"is officer of"},"label":"Shareholder","size":1,"color":"#d48a60","read_cam0:size":2,"renderer1:size":7.673087096747378},{"id":428637,"source":467934,"target":16835,"data":{"properties":{"name":"Shareholder"},"type":"is officer of"},"label":"Shareholder","size":1,"color":"#d48a60","read_cam0:size":2,"renderer1:size":7.673087096747378},{"id":428638,"source":467936,"target":16835,"data":{"properties":{"name":"Shareholder"},"type":"is officer of"},"label":"Shareholder","size":1,"type":"curvedArrow","cc":{"y":2},"color":"#d48a60","read_cam0:size":2,"renderer1:size":7.673087096747378},{"id":428639,"source":344591,"target":16835,"data":{"properties":{"name":"Shareholder"},"type":"is officer of"},"label":"Shareholder","size":1,"color":"#d48a60","read_cam0:size":2,"renderer1:size":7.673087096747378},{"id":428640,"source":467930,"target":16835,"data":{"properties":{"name":"Shareholder"},"type":"is officer of"},"label":"Shareholder","size":1,"color":"#d48a60","read_cam0:size":2,"renderer1:size":7.673087096747378}]}