{"nodes":[{"id":499449,"nodelink":{"x":1.658,"y":-33.876,"fixed":true},"geo":{"latitudeDiff":0,"longitudeDiff":0},"data":{"properties":{"name":"Dr. Zsolt HORVATH","certificateNumber":"7","numbershares":"50,000","classofshares":"Ordinary","dateofissue":"10-09-2014","ceasedmembership":"","transferdate":"","sharestransferred":"","newcertificate":"","custodianname":"","custodianaddress":"","citizenship":"NO","pep":"NO","rst":"NOT NEGATIVE RESULT","registerlocation":""},"categories":{"0":"Officer"},"statistics":{"digest":{"0":{"edgeType":"registered address","nodeCategories":{"0":"Address"},"nodes":1,"edges":1},"1":{"edgeType":"is officer of","nodeCategories":{"0":"Company"},"nodes":2,"edges":3}},"edgeCount":4,"visibleEdgeCount":4,"hiddenEdgeCount":0}},"label":"Dr. Zsolt HORVATH","x":6.909523422460004,"y":-31.67797536512886,"fixed":true,"size":1,"glyphs":{"0":{"draw":false,"position":"top-right","content":"0"},"1":{"draw":true,"position":"bottom-right","font":"FontAwesome","textColor":"#000","content":""}},"active":false,"color":"#be4400","icon":{"font":"FontAwesome","scale":1,"color":"#fff","content":""},"fa2_x":6.909523422460004,"fa2_y":-31.67797536512886,"colors":{"0":"#be4400"},"read_cam0:size":5,"read_cam0:x":6.909523422460004,"read_cam0:y":-31.67797536512886,"renderer1:x":1355.5919498529195,"renderer1:y":159.3839184245524,"renderer1:size":28.052786969028507},{"id":142697,"nodelink":{"x":-26.778,"y":-9.686,"fixed":true},"geo":{"latitudeDiff":0,"longitudeDiff":0},"data":{"properties":{"file_number":"217729","jurisdiction":"SEY","name":"MAYER & COLLINS TRADING COMPANY LTD.","status":"ACT","inactivationDate":"","struck_off_date":"","registrationDate":"04-JAN-2012"},"categories":{"0":"Company"},"statistics":{"digest":{"0":{"edgeType":"is officer of","nodeCategories":{"0":"Officer"},"nodes":5,"edges":6},"1":{"edgeType":"registered","nodeCategories":{"0":"Client"},"nodes":1,"edges":1}},"edgeCount":7,"visibleEdgeCount":7,"hiddenEdgeCount":0}},"label":"MAYER & COLLINS TRADING COMPANY LTD.","x":-53.92116339936053,"y":-38.187532257500806,"fixed":true,"size":1,"glyphs":{"0":{"draw":false,"position":"top-right","content":"0"},"1":{"draw":true,"position":"bottom-right","font":"FontAwesome","textColor":"#000","content":""}},"active":false,"color":"#420e00","icon":{"font":"FontAwesome","scale":1,"color":"#fff","content":""},"fa2_x":-53.92116339936053,"fa2_y":-38.187532257500806,"colors":{"0":"#420e00"},"read_cam0:size":5,"read_cam0:x":-53.92116339936053,"read_cam0:y":-38.187532257500806,"renderer1:x":830.3248111313517,"renderer1:y":103.17451981597134,"renderer1:size":28.052786969028507},{"id":576128,"nodelink":{"x":34.527,"y":-37.384,"fixed":true},"geo":{"latitudeDiff":0,"longitudeDiff":0},"data":{"properties":{"name":"Tizedes Utca 8; 6000 Kecskemet; Hungary."},"categories":{"0":"Address"},"statistics":{"digest":{"0":{"edgeType":"registered address","nodeCategories":{"0":"Officer"},"nodes":1,"edges":1}},"edgeCount":1,"visibleEdgeCount":1,"hiddenEdgeCount":0}},"label":"Tizedes Utca 8; 6000 Kecskemet; Hungary.","x":55.17003141763128,"y":-32.35137780227078,"fixed":true,"size":1,"glyphs":{"0":{"draw":false,"position":"top-right","content":"0"},"1":{"draw":true,"position":"bottom-right","font":"FontAwesome","textColor":"#000","content":""}},"active":false,"color":"#937c6f","icon":{"font":"FontAwesome","scale":1,"color":"#fff","content":""},"fa2_x":55.17003141763128,"fa2_y":-32.35137780227078,"colors":{"0":"#937c6f"},"read_cam0:size":5,"read_cam0:x":55.17003141763128,"read_cam0:y":-32.35137780227078,"renderer1:x":1772.3168016061927,"renderer1:y":153.56915305125096,"renderer1:size":28.052786969028507},{"id":497961,"nodelink":{"x":2.582,"y":2.686,"fixed":true},"geo":{"latitudeDiff":0,"longitudeDiff":0},"selected":true,"data":{"properties":{"name":"FIDELITY HOLDINGS LTD.","certificateNumber":"1","numbershares":"10","classofshares":"","dateofissue":"21-12-2012","ceasedmembership":"","transferdate":"05-09-2013","sharestransferred":"10.0","newcertificate":"2","custodianname":"","custodianaddress":"","citizenship":"NO","pep":"NO","rst":"NOT NEGATIVE RESULT","registerlocation":""},"categories":{"0":"Officer"},"statistics":{"digest":{"0":{"edgeType":"registered address","nodeCategories":{"0":"Address"},"nodes":1,"edges":1},"1":{"edgeType":"is officer of","nodeCategories":{"0":"Company"},"nodes":2,"edges":2}},"edgeCount":3,"visibleEdgeCount":1,"hiddenEdgeCount":2}},"label":"FIDELITY HOLDINGS LTD.","x":4.664848631986922,"y":-1.1503982146949312,"fixed":true,"size":1,"glyphs":{"0":{"draw":true,"position":"top-right","content":"2"},"1":{"draw":true,"position":"bottom-right","font":"FontAwesome","textColor":"#000","content":""}},"active":false,"color":"#be4400","icon":{"font":"FontAwesome","scale":1,"color":"#fff","content":""},"fa2_x":4.664848631986922,"fa2_y":-1.1503982146949312,"colors":{"0":"#be4400"},"read_cam0:size":5,"read_cam0:x":4.664848631986922,"read_cam0:y":-1.1503982146949312,"renderer1:x":1336.209398608581,"renderer1:y":422.9866153475532,"renderer1:size":28.052786969028507},{"id":499500,"nodelink":{"x":1.658,"y":-15.226,"fixed":true},"geo":{"latitudeDiff":0,"longitudeDiff":0},"data":{"properties":{"name":"Imre KOKENYESI","certificateNumber":"6","numbershares":"50,000","classofshares":"Ordinary","dateofissue":"10-09-2014","ceasedmembership":"","transferdate":"","sharestransferred":"","newcertificate":"","custodianname":"","custodianaddress":"","citizenship":"NO","pep":"NO","rst":"NEGATIVE RESULT(NOT ACCEPTED)","registerlocation":""},"categories":{"0":"Officer"},"statistics":{"digest":{"0":{"edgeType":"registered address","nodeCategories":{"0":"Address"},"nodes":1,"edges":1},"1":{"edgeType":"is officer of","nodeCategories":{"0":"Company"},"nodes":1,"edges":1}},"edgeCount":2,"visibleEdgeCount":2,"hiddenEdgeCount":0}},"label":"Imre KOKENYESI","x":6.011653506270771,"y":-16.414186789911895,"fixed":true,"size":1,"glyphs":{"0":{"draw":false,"position":"top-right","content":"0"},"1":{"draw":true,"position":"bottom-right","font":"FontAwesome","textColor":"#000","content":""}},"active":false,"color":"#be4400","icon":{"font":"FontAwesome","scale":1,"color":"#fff","content":""},"fa2_x":6.011653506270771,"fa2_y":-16.414186789911895,"colors":{"0":"#be4400"},"read_cam0:size":5,"read_cam0:x":6.011653506270771,"read_cam0:y":-16.414186789911895,"renderer1:x":1347.838929355184,"renderer1:y":291.18526688605283,"renderer1:size":28.052786969028507},{"id":499531,"nodelink":{"x":1.474,"y":-6.178,"fixed":true},"geo":{"latitudeDiff":0,"longitudeDiff":0},"data":{"properties":{"name":"ALTUS MANAGEMENT LTD","certificateNumber":"4","numbershares":"50,000","classofshares":"Ordinary","dateofissue":"10-09-2014","ceasedmembership":"10-09-2014","transferdate":"10-09-2014","sharestransferred":"50000.0","newcertificate":"","custodianname":"","custodianaddress":"","citizenship":"NO","pep":"NO","rst":"NOT NEGATIVE RESULT","registerlocation":""},"categories":{"0":"Officer"},"statistics":{"digest":{"0":{"edgeType":"registered address","nodeCategories":{"0":"Address"},"nodes":1,"edges":1},"1":{"edgeType":"is officer of","nodeCategories":{"0":"Company"},"nodes":1,"edges":1}},"edgeCount":2,"visibleEdgeCount":1,"hiddenEdgeCount":1}},"label":"ALTUS MANAGEMENT LTD","x":4.88931611103423,"y":-8.782292502303413,"fixed":true,"size":1,"glyphs":{"0":{"draw":true,"position":"top-right","content":"1"},"1":{"draw":true,"position":"bottom-right","font":"FontAwesome","textColor":"#000","content":""}},"active":false,"color":"#be4400","icon":{"font":"FontAwesome","scale":1,"color":"#fff","content":""},"fa2_x":4.88931611103423,"fa2_y":-8.782292502303413,"colors":{"0":"#be4400"},"read_cam0:size":5,"read_cam0:x":4.88931611103423,"read_cam0:y":-8.782292502303413,"renderer1:x":1338.147653733015,"renderer1:y":357.08594111680304,"renderer1:size":28.052786969028507},{"id":499532,"nodelink":{"x":1.658,"y":-24.458,"fixed":true},"geo":{"latitudeDiff":0,"longitudeDiff":0},"data":{"properties":{"name":"Imre KOKENYESI and Benedek Balint KOKENYESI","certificateNumber":"5","numbershares":"100,000","classofshares":"Ordinary","dateofissue":"10-09-2014","ceasedmembership":"10-09-2014","transferdate":"10-09-2014","sharestransferred":"100000.0","newcertificate":"","custodianname":"","custodianaddress":"","citizenship":"NO","pep":"NO","rst":"NOT NEGATIVE RESULT","registerlocation":""},"categories":{"0":"Officer"},"statistics":{"digest":{"0":{"edgeType":"registered address","nodeCategories":{"0":"Address"},"nodes":1,"edges":1},"1":{"edgeType":"is officer of","nodeCategories":{"0":"Company"},"nodes":1,"edges":1}},"edgeCount":2,"visibleEdgeCount":2,"hiddenEdgeCount":0}},"label":"Imre KOKENYESI and Benedek Balint KOKENYESI","x":6.236120985318079,"y":-23.372678640378453,"fixed":true,"size":1,"glyphs":{"0":{"draw":false,"position":"top-right","content":"0"},"1":{"draw":true,"position":"bottom-right","font":"FontAwesome","textColor":"#000","content":""}},"active":false,"color":"#be4400","icon":{"font":"FontAwesome","scale":1,"color":"#fff","content":""},"fa2_x":6.236120985318079,"fa2_y":-23.372678640378453,"colors":{"0":"#be4400"},"read_cam0:size":5,"read_cam0:x":6.236120985318079,"read_cam0:y":-23.372678640378453,"renderer1:x":1349.777184479618,"renderer1:y":231.09935802860412,"renderer1:size":28.052786969028507},{"id":586541,"nodelink":{"x":-60.201,"y":-6.178,"fixed":true},"geo":{"latitudeDiff":0,"longitudeDiff":0},"data":{"properties":{"name":"COMPANY REGISTRATION & BUSINESS SERVICES LIMITED","status":"ACTIVE","client_number":"30892","client_name":"COMPANY REGISTRATION & BUSINESS SERVICES LIMITED","prospect_date":"","active_since":"16-MAR-2011","country":"HONG KONG S.A.R.","city":"TSIM SHA TSUI","former_name":"","cross_reference":"","activity":"CORPORATE & BUSINESS SERVICES","classification":"Special rates","subclassification":"","region":"HONG KONG PROFESSIONAL CLIENTS","compliance_classification":"INTERMEDIARY"},"categories":{"0":"Client"},"statistics":{"digest":{"0":{"edgeType":"registered","nodeCategories":{"0":"Company"},"nodes":141,"edges":141}},"edgeCount":141,"visibleEdgeCount":2,"hiddenEdgeCount":139}},"label":"COMPANY REGISTRATION & BUSINESS SERVICES LIMITED","x":-61.3285902079217,"y":0.19640665958890224,"fixed":true,"size":1,"glyphs":{"0":{"draw":true,"position":"top-right","content":"139"},"1":{"draw":true,"position":"bottom-right","font":"FontAwesome","textColor":"#000","content":""}},"active":false,"color":"#851d00","icon":{"font":"FontAwesome","scale":1,"color":"#fff","content":""},"fa2_x":-61.3285902079217,"fa2_y":0.19640665958890224,"colors":{"0":"#851d00"},"read_cam0:size":5,"read_cam0:x":-61.3285902079217,"read_cam0:y":0.19640665958890224,"renderer1:x":766.3623920250354,"renderer1:y":434.616146094156,"renderer1:size":28.052786969028507},{"id":33065,"nodelink":{"x":-26.594,"y":20.967,"fixed":true},"geo":{"latitudeDiff":0,"longitudeDiff":0},"data":{"properties":{"file_number":"216484","jurisdiction":"SEY","name":"EXCELLE MEDIA INTERNATIONAL LTD.","status":"MOR","inactivationDate":"03-AUG-2015","struck_off_date":"31-DEC-2016","registrationDate":"19-SEP-2013"},"categories":{"0":"Company"},"statistics":{"digest":{"0":{"edgeType":"is officer of","nodeCategories":{"0":"Officer"},"nodes":2,"edges":2},"1":{"edgeType":"registered","nodeCategories":{"0":"Client"},"nodes":1,"edges":1}},"edgeCount":3,"visibleEdgeCount":3,"hiddenEdgeCount":0}},"label":"EXCELLE MEDIA INTERNATIONAL LTD.","x":-26.594,"y":20.967,"fixed":true,"size":1,"glyphs":{"0":{"draw":false,"position":"top-right","content":"0"}},"active":false,"color":"#420e00","icon":{"font":"FontAwesome","scale":1,"color":"#fff","content":""},"fa2_x":-26.594,"fa2_y":20.967,"colors":{"0":"#420e00"},"read_cam0:size":5,"read_cam0:x":-26.594,"read_cam0:y":20.967,"renderer1:x":1066.2922426713474,"renderer1:y":613.9682248471684,"renderer1:size":28.052786969028507},{"id":358328,"nodelink":{"x":6.275,"y":28.168,"fixed":true},"geo":{"latitudeDiff":0,"longitudeDiff":0},"data":{"properties":{"name":"CORE Limited","certificateNumber":"2","numbershares":"1","classofshares":"","dateofissue":"01-03-2012","ceasedmembership":"","transferdate":"","sharestransferred":"","newcertificate":"","custodianname":"","custodianaddress":"","citizenship":"NO","pep":"NO","rst":"NOT NEGATIVE RESULT","registerlocation":""},"categories":{"0":"Officer"},"statistics":{"digest":{"0":{"edgeType":"has similar name and address as","nodeCategories":{"0":"Officer"},"nodes":1,"edges":1},"1":{"edgeType":"registered address","nodeCategories":{"0":"Address"},"nodes":1,"edges":1},"2":{"edgeType":"is officer of","nodeCategories":{"0":"Company"},"nodes":5,"edges":5}},"edgeCount":7,"visibleEdgeCount":1,"hiddenEdgeCount":6}},"label":"CORE Limited","x":20.55254833263172,"y":21.066277923705265,"fixed":true,"size":1,"glyphs":{"0":{"draw":true,"position":"top-right","content":"6"},"1":{"draw":true,"position":"bottom-right","font":"FontAwesome","textColor":"#000","content":""}},"active":false,"color":"#be4400","icon":{"font":"FontAwesome","scale":1,"color":"#fff","content":""},"fa2_x":37.88603553098854,"fa2_y":20.174012294799354,"colors":{"0":"#be4400"},"read_cam0:size":5,"read_cam0:x":20.55254833263172,"read_cam0:y":21.066277923705265,"renderer1:x":1473.3981597197194,"renderer1:y":614.8254801840286,"renderer1:size":28.052786969028507},{"id":541420,"nodelink":{"x":35.34,"y":-25.722,"fixed":true},"geo":{"latitudeDiff":0,"longitudeDiff":0},"data":{"properties":{"name":"Hajo u 6; Debrecen; 4026 Hungary and 1113 Budapest 11; Villanyi Ut 20/A 4 em 1 a; Hungary."},"categories":{"0":"Address"},"statistics":{"digest":{"0":{"edgeType":"registered address","nodeCategories":{"0":"Officer"},"nodes":1,"edges":1}},"edgeCount":1,"visibleEdgeCount":1,"hiddenEdgeCount":0}},"label":"Hajo u 6; Debrecen; 4026 Hungary and 1113 Budapest 11; Villanyi Ut 20/A 4 em 1 a; Hungary.","x":57.63917368715167,"y":-23.821613598473068,"fixed":true,"size":1,"glyphs":{"0":{"draw":false,"position":"top-right","content":"0"},"1":{"draw":true,"position":"bottom-right","font":"FontAwesome","textColor":"#000","content":""}},"active":false,"color":"#937c6f","icon":{"font":"FontAwesome","scale":1,"color":"#fff","content":""},"fa2_x":57.63917368715167,"fa2_y":-23.821613598473068,"colors":{"0":"#937c6f"},"read_cam0:size":5,"read_cam0:x":57.63917368715167,"read_cam0:y":-23.821613598473068,"renderer1:x":1793.6376079749648,"renderer1:y":227.22284777973647,"renderer1:size":28.052786969028507},{"id":541419,"nodelink":{"x":36.008,"y":-15.54,"fixed":true},"geo":{"latitudeDiff":0,"longitudeDiff":0},"data":{"properties":{"name":"Hajo u 6; Debrecen; 4026 Hungary"},"categories":{"0":"Address"},"statistics":{"digest":{"0":{"edgeType":"registered address","nodeCategories":{"0":"Officer"},"nodes":1,"edges":1}},"edgeCount":1,"visibleEdgeCount":1,"hiddenEdgeCount":0}},"label":"Hajo u 6; Debrecen; 4026 Hungary","x":50.2317468785905,"y":-15.965251831817277,"fixed":true,"size":1,"glyphs":{"0":{"draw":false,"position":"top-right","content":"0"},"1":{"draw":true,"position":"bottom-right","font":"FontAwesome","textColor":"#000","content":""}},"active":false,"color":"#937c6f","icon":{"font":"FontAwesome","scale":1,"color":"#fff","content":""},"fa2_x":50.2317468785905,"fa2_y":-15.965251831817277,"colors":{"0":"#937c6f"},"read_cam0:size":5,"read_cam0:x":50.2317468785905,"read_cam0:y":-15.965251831817277,"renderer1:x":1729.6751888686483,"renderer1:y":295.0617771349205,"renderer1:size":28.052786969028507}],"edges":[{"id":633114,"source":586541,"target":33065,"data":{"properties":{},"type":"registered"},"label":"registered","size":1,"active":false,"color":"#8a6960","hover":false,"read_cam0:size":2,"renderer1:size":11.221114787611404},{"id":794699,"source":586541,"target":142697,"data":{"properties":{},"type":"registered"},"label":"registered","size":1,"active":false,"color":"#8a6960","hover":false,"read_cam0:size":2,"renderer1:size":11.221114787611404},{"id":866313,"source":499449,"target":576128,"data":{"properties":{},"type":"registered address"},"label":"registered address","size":1,"active":false,"color":"#baaba3","hover":false,"read_cam0:size":2,"renderer1:size":11.221114787611404},{"id":247339,"source":499532,"target":541420,"data":{"properties":{},"type":"registered address"},"label":"registered address","size":1,"active":false,"color":"#baaba3","hover":false,"read_cam0:size":2,"renderer1:size":11.221114787611404},{"id":836097,"source":499500,"target":541419,"data":{"properties":{},"type":"registered address"},"label":"registered address","size":1,"active":false,"color":"#baaba3","hover":false,"read_cam0:size":2,"renderer1:size":11.221114787611404},{"id":68578,"source":499449,"target":142697,"data":{"properties":{"name":"Director"},"type":"is officer of"},"label":"Director","size":1,"type":"curvedArrow","cc":{"y":null},"color":"#d48a60","active":false,"hover":false,"read_cam0:size":2,"renderer1:size":11.221114787611404},{"id":68579,"source":499449,"target":33065,"data":{"properties":{"name":"Director"},"type":"is officer of"},"label":"Director","size":1,"color":"#d48a60","active":false,"hover":false,"read_cam0:size":2,"renderer1:size":11.221114787611404},{"id":490929,"source":497961,"target":142697,"data":{"properties":{"name":"Shareholder"},"type":"is officer of"},"label":"Shareholder","size":1,"color":"#d48a60","active":false,"hover":false,"read_cam0:size":2,"renderer1:size":11.221114787611404},{"id":490930,"source":499531,"target":142697,"data":{"properties":{"name":"Shareholder"},"type":"is officer of"},"label":"Shareholder","size":1,"color":"#d48a60","active":false,"hover":false,"read_cam0:size":2,"renderer1:size":11.221114787611404},{"id":490931,"source":499532,"target":142697,"data":{"properties":{"name":"Shareholder"},"type":"is officer of"},"label":"Shareholder","size":1,"color":"#d48a60","active":false,"hover":false,"read_cam0:size":2,"renderer1:size":11.221114787611404},{"id":490932,"source":499500,"target":142697,"data":{"properties":{"name":"Shareholder"},"type":"is officer of"},"label":"Shareholder","size":1,"color":"#d48a60","active":false,"hover":false,"read_cam0:size":2,"renderer1:size":11.221114787611404},{"id":490933,"source":499449,"target":142697,"data":{"properties":{"name":"Shareholder"},"type":"is officer of"},"label":"Shareholder","size":1,"type":"curvedArrow","cc":{"y":2},"color":"#d48a60","active":false,"read_cam0:size":2,"renderer1:size":11.221114787611404},{"id":438564,"source":358328,"target":33065,"data":{"properties":{"name":"Shareholder"},"type":"is officer of"},"label":"Shareholder","size":1,"color":"#d48a60","active":false,"hover":false,"read_cam0:size":2,"renderer1:size":11.221114787611404}]}