{"nodes":[{"id":667772,"nodelink":{"x":10.061,"y":-1.178,"fixed":true},"geo":{"latitudeDiff":0,"longitudeDiff":0},"data":{"properties":{"name":"James Ibori"},"categories":{"0":"Officer"},"statistics":{"digest":{"0":{"edgeType":"is officer of","nodeCategories":{"0":"Company"},"nodes":4,"edges":4}},"edgeCount":4,"visibleEdgeCount":4,"hiddenEdgeCount":0}},"label":"James Ibori","x":10.061,"y":-1.178,"fixed":true,"size":1,"glyphs":{"0":{"draw":false,"position":"top-right","content":"0"}},"active":false,"colors":{"0":"#be4400"},"color":"#be4400","icon":{"font":"FontAwesome","scale":1,"color":"#fff","content":""},"read_cam0:size":5,"read_cam0:x":10.061,"read_cam0:y":-1.178,"renderer1:x":1399.2959690110156,"renderer1:y":252.23123377584096,"renderer1:size":26.503964809701554},{"id":168837,"nodelink":{"x":-6.271,"y":18.571,"fixed":true},"geo":{"latitudeDiff":0,"longitudeDiff":0},"data":{"properties":{"file_number":"700814","jurisdiction":"PMA","name":"JULEX FOUNDATION","status":"REN","inactivationDate":"14-DEC-2005","struck_off_date":"15-JAN-2007","registrationDate":"26-AUG-2003"},"categories":{"0":"Company"},"statistics":{"digest":{"0":{"edgeType":"is officer of","nodeCategories":{"0":"Officer"},"nodes":1,"edges":1},"1":{"edgeType":"registered","nodeCategories":{"0":"Client"},"nodes":1,"edges":1}},"edgeCount":2,"visibleEdgeCount":2,"hiddenEdgeCount":0}},"label":"JULEX FOUNDATION","x":-6.271,"y":18.571,"fixed":true,"size":1,"glyphs":{"0":{"draw":false,"position":"top-right","content":"0"}},"active":false,"colors":{"0":"#420e00"},"color":"#420e00","icon":{"font":"FontAwesome","scale":1,"color":"#fff","content":""},"read_cam0:size":5,"read_cam0:x":-6.271,"read_cam0:y":18.571,"renderer1:x":1267.9352782149053,"renderer1:y":411.0753607983968,"renderer1:size":26.503964809701554},{"id":183324,"nodelink":{"x":-0.839,"y":-20.078,"fixed":true},"geo":{"latitudeDiff":0,"longitudeDiff":0},"data":{"properties":{"file_number":"202328","jurisdiction":"SEY","name":"FINANCIAL ADVISORY GROUP LTD.","status":"DIS","inactivationDate":"27-APR-2013","struck_off_date":"31-DEC-2014","registrationDate":"26-JAN-2005"},"categories":{"0":"Company"},"statistics":{"digest":{"0":{"edgeType":"is officer of","nodeCategories":{"0":"Officer"},"nodes":4,"edges":4},"1":{"edgeType":"registered","nodeCategories":{"0":"Client"},"nodes":1,"edges":1}},"edgeCount":5,"visibleEdgeCount":1,"hiddenEdgeCount":4}},"label":"FINANCIAL ADVISORY GROUP LTD.","x":-0.839,"y":-20.078,"fixed":true,"size":1,"glyphs":{"0":{"draw":true,"position":"top-right","content":"4"}},"active":false,"colors":{"0":"#420e00"},"color":"#420e00","icon":{"font":"FontAwesome","scale":1,"color":"#fff","content":""},"read_cam0:size":5,"read_cam0:x":-0.839,"read_cam0:y":-20.078,"renderer1:x":1311.6256573726614,"renderer1:y":100.21573928364873,"renderer1:size":26.503964809701554},{"id":221347,"nodelink":{"x":-33.971,"y":14.071,"fixed":true},"geo":{"latitudeDiff":0,"longitudeDiff":0},"selected":true,"data":{"properties":{"file_number":"30014","jurisdiction":"PMA","name":"HUNGLEVEST CORPORATION","status":"REN","inactivationDate":"13-AUG-2008","struck_off_date":"15-JUL-2007","registrationDate":"12-APR-2005"},"categories":{"0":"Company"},"statistics":{"digest":{"0":{"edgeType":"is officer of","nodeCategories":{"0":"Officer"},"nodes":2,"edges":2},"1":{"edgeType":"registered","nodeCategories":{"0":"Client"},"nodes":1,"edges":1}},"edgeCount":3,"visibleEdgeCount":3,"hiddenEdgeCount":0}},"label":"HUNGLEVEST CORPORATION","x":-33.971,"y":14.071,"fixed":true,"size":1,"glyphs":{"0":{"draw":false,"position":"top-right","content":"0"}},"active":true,"colors":{"0":"#420e00"},"color":"#420e00","icon":{"font":"FontAwesome","scale":1,"color":"#fff","content":""},"read_cam0:size":5,"read_cam0:x":-33.971,"read_cam0:y":14.071,"renderer1:x":1045.1400825834914,"renderer1:y":374.88119544311286,"renderer1:size":26.503964809701554},{"id":252265,"nodelink":{"x":24.629,"y":23.471,"fixed":true},"geo":{"latitudeDiff":0,"longitudeDiff":0},"data":{"properties":{"file_number":"202336","jurisdiction":"SEY","name":"STANHOPE INVESTMENTS LTD.","status":"MOR","inactivationDate":"02-NOV-2005","struck_off_date":"31-DEC-2006","registrationDate":"26-JAN-2005"},"categories":{"0":"Company"},"statistics":{"digest":{"0":{"edgeType":"is officer of","nodeCategories":{"0":"Officer"},"nodes":1,"edges":1},"1":{"edgeType":"registered","nodeCategories":{"0":"Client"},"nodes":1,"edges":1}},"edgeCount":2,"visibleEdgeCount":2,"hiddenEdgeCount":0}},"label":"STANHOPE INVESTMENTS LTD.","x":24.629,"y":23.471,"fixed":true,"size":1,"glyphs":{"0":{"draw":false,"position":"top-right","content":"0"}},"active":false,"colors":{"0":"#420e00"},"color":"#420e00","icon":{"font":"FontAwesome","scale":1,"color":"#fff","content":""},"read_cam0:size":5,"read_cam0:x":24.629,"read_cam0:y":23.471,"renderer1:x":1516.4685469878546,"renderer1:y":450.48678529637255,"renderer1:size":26.503964809701554},{"id":593777,"nodelink":{"x":-25.471,"y":44.271,"fixed":true},"geo":{"latitudeDiff":0,"longitudeDiff":0},"data":{"properties":{"name":"CLAMORGAN S.A.","client_number":"90311","client_name":"CLAMORGAN S.A."},"categories":{"0":"Client"},"statistics":{"digest":{"0":{"edgeType":"registered","nodeCategories":{"0":"Company"},"nodes":125,"edges":125}},"edgeCount":125,"visibleEdgeCount":3,"hiddenEdgeCount":122}},"label":"CLAMORGAN S.A.","x":-25.471,"y":44.271,"fixed":true,"size":1,"glyphs":{"0":{"draw":true,"position":"top-right","content":"122"}},"active":false,"colors":{"0":"#851d00"},"color":"#851d00","icon":{"font":"FontAwesome","scale":1,"color":"#fff","content":""},"read_cam0:size":5,"read_cam0:x":-25.471,"read_cam0:y":44.271,"renderer1:x":1113.5068393656943,"renderer1:y":617.7842607163512,"renderer1:size":26.503964809701554},{"id":432771,"nodelink":{"x":-34.171,"y":-2.129,"fixed":true},"geo":{"latitudeDiff":0,"longitudeDiff":0},"data":{"properties":{"name":"THE BEARER","certificateNumber":"1","numbershares":"100","classofshares":"","dateofissue":"12-04-2005","ceasedmembership":"","transferdate":"","sharestransferred":"","newcertificate":"","custodianname":"","custodianaddress":"","citizenship":"NO","pep":"NO","rst":"NOT NEGATIVE RESULT","registerlocation":""},"categories":{"0":"Officer"},"statistics":{"digest":{"0":{"edgeType":"is officer of","nodeCategories":{"0":"Company"},"nodes":1,"edges":1}},"edgeCount":1,"visibleEdgeCount":1,"hiddenEdgeCount":0}},"label":"THE BEARER","x":-34.171,"y":-2.129,"fixed":true,"size":1,"glyphs":{"0":{"draw":false,"position":"top-right","content":"0"}},"active":false,"colors":{"0":"#be4400"},"color":"#be4400","icon":{"font":"FontAwesome","scale":1,"color":"#fff","content":""},"read_cam0:size":5,"read_cam0:x":-34.171,"read_cam0:y":-2.129,"renderer1:x":1043.5314530121454,"renderer1:y":244.58220016409095,"renderer1:size":26.503964809701554}],"edges":[{"id":69546,"source":667772,"target":183324,"data":{"properties":{"date_end":"","name":"Connected","date_start":""},"type":"is officer of"},"label":"is officer of","size":1,"active":false,"color":"#d48a60","read_cam0:size":2,"renderer1:size":10.601585923880622},{"id":69547,"source":667772,"target":221347,"data":{"properties":{"date_end":"2005","name":"Connected","date_start":""},"type":"is officer of"},"label":"is officer of","size":1,"active":false,"color":"#d48a60","read_cam0:size":2,"renderer1:size":10.601585923880622},{"id":69548,"source":667772,"target":168837,"data":{"properties":{"date_end":"","name":"First beneficiary","date_start":""},"type":"is officer of"},"label":"is officer of","size":1,"active":false,"color":"#d48a60","read_cam0:size":2,"renderer1:size":10.601585923880622},{"id":69549,"source":667772,"target":252265,"data":{"properties":{"date_end":"","name":"Shareholder (through Julex Foundation)","date_start":"11/08/2013"},"type":"is officer of"},"label":"is officer of","size":1,"active":false,"color":"#d48a60","read_cam0:size":2,"renderer1:size":10.601585923880622},{"id":623940,"source":593777,"target":252265,"data":{"properties":{},"type":"registered"},"label":"registered","size":1,"active":false,"color":"#8a6960","read_cam0:size":2,"renderer1:size":10.601585923880622},{"id":639749,"source":593777,"target":221347,"data":{"properties":{},"type":"registered"},"label":"registered","size":1,"active":false,"color":"#8a6960","read_cam0:size":2,"renderer1:size":10.601585923880622},{"id":763189,"source":593777,"target":168837,"data":{"properties":{},"type":"registered"},"label":"registered","size":1,"active":false,"color":"#8a6960","read_cam0:size":2,"renderer1:size":10.601585923880622},{"id":590416,"source":432771,"target":221347,"data":{"properties":{"name":"Shareholder"},"type":"is officer of"},"label":"is officer of","size":1,"active":false,"color":"#d48a60","read_cam0:size":2,"renderer1:size":10.601585923880622}]}