{"nodes":[{"id":359341,"nodelink":{"x":-10.499,"y":6.857},"geo":{"latitudeDiff":0,"longitudeDiff":0},"data":{"properties":{"name":"Ian Stuart Kirby","certificateNumber":"35","numbershares":"119","classofshares":"","dateofissue":"22-06-2006","ceasedmembership":"","transferdate":"","sharestransferred":"","newcertificate":"","custodianname":"","custodianaddress":"","citizenship":"NO","pep":"NO","rst":"NOT NEGATIVE RESULT","registerlocation":"Kingsway House   Havilland Street   St Peter Port   Guernsey GY1 3PN"},"categories":{"0":"Officer"},"statistics":{"digest":{"0":{"edgeType":"registered address","nodeCategories":{"0":"Address"},"nodes":1,"edges":1},"1":{"edgeType":"is officer of","nodeCategories":{"0":"Company"},"nodes":6,"edges":6}},"edgeCount":7,"visibleEdgeCount":7,"hiddenEdgeCount":0}},"label":"Ian Stuart Kirby","x":-6.438560159185393,"y":27.62479184044944,"fixed":true,"size":1,"glyphs":{"0":{"draw":false,"position":"top-right","content":"0"},"1":{"draw":true,"position":"bottom-right","font":"FontAwesome","textColor":"#000","content":""}},"active":true,"color":"#be4400","icon":{"font":"FontAwesome","scale":1,"color":"#fff","content":""},"fa2_x":12.901860237121582,"fa2_y":9.409924507141113,"colors":{"0":"#be4400"},"read_cam0:size":5,"read_cam0:x":-6.438560159185393,"read_cam0:y":27.62479184044944,"renderer1:x":1197.771904284721,"renderer1:y":618.8306033947098,"renderer1:size":19.90125573588909},{"id":12465,"nodelink":{"x":-34.888,"y":8.064,"fixed":true},"geo":{"latitudeDiff":0,"longitudeDiff":0},"data":{"properties":{"file_number":"576813","jurisdiction":"BVI","name":"COWIN PROPERTIES LIMITED","status":"ACT","inactivationDate":"","struck_off_date":"","registrationDate":"07-MAR-2006"},"categories":{"0":"Company"},"statistics":{"digest":{"0":{"edgeType":"is officer of","nodeCategories":{"0":"Officer"},"nodes":69,"edges":69},"1":{"edgeType":"registered","nodeCategories":{"0":"Client"},"nodes":1,"edges":1}},"edgeCount":70,"visibleEdgeCount":2,"hiddenEdgeCount":68}},"label":"COWIN PROPERTIES LIMITED","x":-26.885105829184297,"y":-0.9937529367982947,"fixed":true,"size":1,"glyphs":{"0":{"draw":true,"position":"top-right","content":"68"},"1":{"draw":true,"position":"bottom-right","font":"FontAwesome","textColor":"#000","content":""}},"active":false,"color":"#420e00","icon":{"font":"FontAwesome","scale":1,"color":"#fff","content":""},"fa2_x":-47.8,"fa2_y":11.899999999999999,"colors":{"0":"#420e00"},"read_cam0:size":5,"read_cam0:x":-26.885105829184297,"read_cam0:y":-0.9937529367982947,"renderer1:x":1082.8221513541253,"renderer1:y":457.93816197832126,"renderer1:size":19.90125573588909},{"id":547269,"nodelink":{"x":-1.62,"y":-26.082,"fixed":true},"geo":{"latitudeDiff":0,"longitudeDiff":0},"data":{"properties":{"name":"Mokolodi  Estates P.O. Box 170Gaborone Botswana"},"categories":{"0":"Address"},"statistics":{"digest":{"0":{"edgeType":"registered address","nodeCategories":{"0":"Officer"},"nodes":2,"edges":2}},"edgeCount":2,"visibleEdgeCount":2,"hiddenEdgeCount":0}},"label":"Mokolodi  Estates P.O. Box 170Gaborone Botswana","x":75.37532210165978,"y":-19.84737892805611,"fixed":true,"size":1,"glyphs":{"0":{"draw":false,"position":"top-right","content":"0"},"1":{"draw":true,"position":"bottom-right","font":"FontAwesome","textColor":"#000","content":""}},"active":false,"color":"#937c6f","icon":{"font":"FontAwesome","scale":1,"color":"#fff","content":""},"fa2_x":-1.62,"fa2_y":-26.082,"colors":{"0":"#937c6f"},"read_cam0:size":5,"read_cam0:x":75.37532210165978,"read_cam0:y":-19.84737892805611,"renderer1:x":1657.7266420659848,"renderer1:y":351.9437468570967,"renderer1:size":19.90125573588909},{"id":360057,"nodelink":{"x":-18.478,"y":-52.01,"fixed":true},"geo":{"latitudeDiff":0,"longitudeDiff":0},"selected":true,"data":{"properties":{"name":"Ian Stuart Kirb","certificateNumber":"50","numbershares":"238","classofshares":"","dateofissue":"25-05-2005","ceasedmembership":"08-12-2006","transferdate":"","sharestransferred":"","newcertificate":"","custodianname":"","custodianaddress":"","citizenship":"NO","pep":"NO","rst":"NOT NEGATIVE RESULT","registerlocation":"Kingsway House   Havilland Street   St Peter Port   Guernsey   GY1 2QE."},"categories":{"0":"Officer"},"statistics":{"digest":{"0":{"edgeType":"registered address","nodeCategories":{"0":"Address"},"nodes":1,"edges":1},"1":{"edgeType":"is officer of","nodeCategories":{"0":"Company"},"nodes":1,"edges":1}},"edgeCount":2,"visibleEdgeCount":2,"hiddenEdgeCount":0}},"label":"Ian Stuart Kirb","x":17.379929106812334,"y":-66.77651318890435,"fixed":true,"size":1,"glyphs":{"0":{"draw":false,"position":"top-right","content":"0"},"1":{"draw":true,"position":"bottom-right","font":"FontAwesome","textColor":"#000","content":""}},"active":false,"color":"#be4400","icon":{"font":"FontAwesome","scale":1,"color":"#fff","content":""},"fa2_x":-18.478,"fa2_y":-52.01,"colors":{"0":"#be4400"},"read_cam0:size":5,"read_cam0:x":17.379929106812334,"read_cam0:y":-66.77651318890435,"renderer1:x":1331.6786042474353,"renderer1:y":88.10982226187491,"renderer1:size":19.90125573588909},{"id":285117,"nodelink":{"x":-46.18,"y":-52.233,"fixed":true},"geo":{"latitudeDiff":0,"longitudeDiff":0},"selected":true,"data":{"properties":{"file_number":"568892","jurisdiction":"BVI","name":"BELLBROOK ESTATES LIMITED","status":"MOR","inactivationDate":"06-NOV-2015","struck_off_date":"31-OCT-2015","registrationDate":"01-MAR-2005"},"categories":{"0":"Company"},"statistics":{"digest":{"0":{"edgeType":"is officer of","nodeCategories":{"0":"Officer"},"nodes":79,"edges":79},"1":{"edgeType":"registered","nodeCategories":{"0":"Client"},"nodes":1,"edges":1}},"edgeCount":80,"visibleEdgeCount":2,"hiddenEdgeCount":78}},"label":"BELLBROOK ESTATES LIMITED","x":-46.18,"y":-52.233,"fixed":true,"size":1,"glyphs":{"0":{"draw":true,"position":"top-right","content":"78"}},"active":false,"color":"#420e00","icon":{"font":"FontAwesome","scale":1,"color":"#fff","content":""},"fa2_x":-46.18,"fa2_y":-52.233,"colors":{"0":"#420e00"},"read_cam0:size":5,"read_cam0:x":-46.18,"read_cam0:y":-52.233,"renderer1:x":974.3469422134622,"renderer1:y":169.8729364225419,"renderer1:size":19.90125573588909},{"id":284439,"nodelink":{"x":45.769,"y":17.692,"fixed":true},"geo":{"latitudeDiff":0,"longitudeDiff":0},"data":{"properties":{"file_number":"573175","jurisdiction":"BVI","name":"NORTHCROFT LIMITED","status":"ACT","inactivationDate":"","struck_off_date":"","registrationDate":"13-SEP-2005"},"categories":{"0":"Company"},"statistics":{"digest":{"0":{"edgeType":"is officer of","nodeCategories":{"0":"Officer"},"nodes":57,"edges":57},"1":{"edgeType":"registered","nodeCategories":{"0":"Client"},"nodes":1,"edges":1}},"edgeCount":58,"visibleEdgeCount":2,"hiddenEdgeCount":56}},"label":"NORTHCROFT LIMITED","x":45.769,"y":17.692,"fixed":true,"size":1,"glyphs":{"0":{"draw":true,"position":"top-right","content":"56"}},"active":false,"color":"#420e00","icon":{"font":"FontAwesome","scale":1,"color":"#fff","content":""},"fa2_x":45.769,"fa2_y":17.692,"colors":{"0":"#420e00"},"read_cam0:size":5,"read_cam0:x":45.769,"read_cam0:y":17.692,"renderer1:x":1491.2809516448897,"renderer1:y":562.9888007548627,"renderer1:size":19.90125573588909},{"id":218731,"nodelink":{"x":22.669,"y":29.592,"fixed":true},"geo":{"latitudeDiff":0,"longitudeDiff":0},"data":{"properties":{"file_number":"575639","jurisdiction":"BVI","name":"INLAY PROPERTIES LIMITED","status":"MOR","inactivationDate":"06-NOV-2015","struck_off_date":"31-OCT-2015","registrationDate":"03-JAN-2006"},"categories":{"0":"Company"},"statistics":{"digest":{"0":{"edgeType":"is officer of","nodeCategories":{"0":"Officer"},"nodes":81,"edges":81},"1":{"edgeType":"registered","nodeCategories":{"0":"Client"},"nodes":1,"edges":1}},"edgeCount":82,"visibleEdgeCount":2,"hiddenEdgeCount":80}},"label":"INLAY PROPERTIES LIMITED","x":22.669,"y":29.592,"fixed":true,"size":1,"glyphs":{"0":{"draw":true,"position":"top-right","content":"80"}},"active":false,"color":"#420e00","icon":{"font":"FontAwesome","scale":1,"color":"#fff","content":""},"fa2_x":22.669,"fa2_y":29.592,"colors":{"0":"#420e00"},"read_cam0:size":5,"read_cam0:x":22.669,"read_cam0:y":29.592,"renderer1:x":1361.4135727950274,"renderer1:y":629.8901777381251,"renderer1:size":19.90125573588909},{"id":65126,"nodelink":{"x":25.371,"y":-6.945,"fixed":true},"geo":{"latitudeDiff":0,"longitudeDiff":0},"data":{"properties":{"file_number":"585043","jurisdiction":"BVI","name":"JAYE LIMITED","status":"ACT","inactivationDate":"","struck_off_date":"","registrationDate":"06-MAR-2007"},"categories":{"0":"Company"},"statistics":{"digest":{"0":{"edgeType":"is officer of","nodeCategories":{"0":"Officer"},"nodes":50,"edges":50},"1":{"edgeType":"registered","nodeCategories":{"0":"Client"},"nodes":1,"edges":1}},"edgeCount":51,"visibleEdgeCount":2,"hiddenEdgeCount":49}},"label":"JAYE LIMITED","x":25.371,"y":-6.945,"fixed":true,"size":1,"glyphs":{"0":{"draw":true,"position":"top-right","content":"49"}},"active":false,"color":"#420e00","icon":{"font":"FontAwesome","scale":1,"color":"#fff","content":""},"fa2_x":25.371,"fa2_y":-6.945,"colors":{"0":"#420e00"},"read_cam0:size":5,"read_cam0:x":25.371,"read_cam0:y":-6.945,"renderer1:x":1376.6041207453447,"renderer1:y":424.48046254170026,"renderer1:size":19.90125573588909},{"id":264048,"nodelink":{"x":-49.729,"y":-7.145,"fixed":true},"geo":{"latitudeDiff":0,"longitudeDiff":0},"data":{"properties":{"file_number":"568160","jurisdiction":"BVI","name":"BEACHLEIGH HOLDINGS LIMITED","status":"ACT","inactivationDate":"","struck_off_date":"","registrationDate":"03-FEB-2005"},"categories":{"0":"Company"},"statistics":{"digest":{"0":{"edgeType":"is officer of","nodeCategories":{"0":"Officer"},"nodes":110,"edges":110},"1":{"edgeType":"registered","nodeCategories":{"0":"Client"},"nodes":1,"edges":1}},"edgeCount":111,"visibleEdgeCount":2,"hiddenEdgeCount":109}},"label":"BEACHLEIGH HOLDINGS LIMITED","x":-58.99999999999997,"y":-8.899999999999778,"fixed":true,"size":1,"glyphs":{"0":{"draw":true,"position":"top-right","content":"109"},"1":{"draw":true,"position":"bottom-right","font":"FontAwesome","textColor":"#000","content":""}},"active":false,"color":"#420e00","icon":{"font":"FontAwesome","scale":1,"color":"#fff","content":""},"fa2_x":-58.99999999999997,"fa2_y":-8.899999999999778,"colors":{"0":"#420e00"},"read_cam0:size":5,"read_cam0:x":-58.99999999999997,"read_cam0:y":-8.899999999999778,"renderer1:x":902.2733579340149,"renderer1:y":413.4895220373084,"renderer1:size":19.90125573588909},{"id":8422,"nodelink":{"x":11.594,"y":-39.358,"fixed":true},"geo":{"latitudeDiff":0,"longitudeDiff":0},"selected":true,"data":{"properties":{"file_number":"595290","jurisdiction":"BVI","name":"ALLMONDE COMPANY LIMITED","status":"ACT","inactivationDate":"","struck_off_date":"","registrationDate":"24-APR-2008"},"categories":{"0":"Company"},"statistics":{"digest":{"0":{"edgeType":"is officer of","nodeCategories":{"0":"Officer"},"nodes":53,"edges":53},"1":{"edgeType":"registered","nodeCategories":{"0":"Client"},"nodes":1,"edges":1}},"edgeCount":54,"visibleEdgeCount":2,"hiddenEdgeCount":52}},"label":"ALLMONDE COMPANY LIMITED","x":11.594,"y":-39.358,"fixed":true,"size":1,"glyphs":{"0":{"draw":true,"position":"top-right","content":"52"}},"active":false,"color":"#420e00","icon":{"font":"FontAwesome","scale":1,"color":"#fff","content":""},"fa2_x":11.594,"fa2_y":-39.358,"colors":{"0":"#420e00"},"read_cam0:size":5,"read_cam0:x":11.594,"read_cam0:y":-39.358,"renderer1:x":1299.1503164849746,"renderer1:y":242.25572874686983,"renderer1:size":19.90125573588909},{"id":591662,"nodelink":{"x":-33.74,"y":-29.494,"fixed":true},"geo":{"latitudeDiff":0,"longitudeDiff":0},"selected":true,"data":{"properties":{"name":"CANNON ASSET MANAGEMENT LTD.","status":"ACTIVE","client_number":"9316","client_name":"CANNON ASSET MANAGEMENT LTD.","prospect_date":"","active_since":"18-JUN-1997","country":"UNITED KINGDOM","city":"ST. PETER PORT","former_name":"(PMA CLT) CANNON TRUST COMPANY LIMITED","cross_reference":"(GVA CLT) CANNON ASSET MANAGEMENT LIMITED","activity":"TRUST CO.","classification":"Special rates","subclassification":"","region":"CHANNEL ISLANDS & ISLE OF MAN PROFESSIONAL CLIENTS","compliance_classification":"INTRODUCER"},"categories":{"0":"Client"},"statistics":{"digest":{"0":{"edgeType":"registered","nodeCategories":{"0":"Company"},"nodes":607,"edges":607}},"edgeCount":607,"visibleEdgeCount":7,"hiddenEdgeCount":600}},"label":"CANNON ASSET MANAGEMENT LTD.","x":-41.230256039923944,"y":-35.422113442573426,"fixed":true,"size":1,"glyphs":{"0":{"draw":true,"position":"top-right","content":"600"},"1":{"draw":true,"position":"bottom-right","font":"FontAwesome","textColor":"#000","content":""}},"active":false,"color":"#851d00","icon":{"font":"FontAwesome","scale":1,"color":"#fff","content":""},"fa2_x":-33.74,"fa2_y":-29.494,"colors":{"0":"#851d00"},"read_cam0:size":5,"read_cam0:x":-41.230256039923944,"read_cam0:y":-35.422113442573426,"renderer1:x":1002.1742268053675,"renderer1:y":264.3831430613026,"renderer1:size":19.90125573588909}],"edges":[{"id":825524,"source":359341,"target":547269,"data":{"properties":{},"type":"registered address"},"label":"registered address","size":1,"active":false,"color":"#baaba3","hover":false,"read_cam0:size":2,"renderer1:size":7.960502294355636},{"id":259976,"source":360057,"target":547269,"data":{"properties":{},"type":"registered address"},"label":"registered address","size":1,"active":false,"color":"#baaba3","hover":false,"read_cam0:size":2,"renderer1:size":7.960502294355636},{"id":713873,"source":591662,"target":264048,"data":{"properties":{},"type":"registered"},"label":"registered","size":1,"active":false,"color":"#8a6960","hover":false,"read_cam0:size":2,"renderer1:size":7.960502294355636},{"id":717569,"source":591662,"target":285117,"data":{"properties":{},"type":"registered"},"label":"registered","size":1,"active":false,"color":"#8a6960","hover":false,"read_cam0:size":2,"renderer1:size":7.960502294355636},{"id":808621,"source":591662,"target":65126,"data":{"properties":{},"type":"registered"},"label":"registered","size":1,"active":false,"color":"#8a6960","hover":false,"read_cam0:size":2,"renderer1:size":7.960502294355636},{"id":721700,"source":591662,"target":218731,"data":{"properties":{},"type":"registered"},"label":"registered","size":1,"active":false,"color":"#8a6960","hover":false,"read_cam0:size":2,"renderer1:size":7.960502294355636},{"id":728260,"source":591662,"target":284439,"data":{"properties":{},"type":"registered"},"label":"registered","size":1,"active":false,"color":"#8a6960","hover":false,"read_cam0:size":2,"renderer1:size":7.960502294355636},{"id":734823,"source":591662,"target":8422,"data":{"properties":{},"type":"registered"},"label":"registered","size":1,"active":false,"color":"#8a6960","hover":false,"read_cam0:size":2,"renderer1:size":7.960502294355636},{"id":396527,"source":360057,"target":285117,"data":{"properties":{"name":"Shareholder"},"type":"is officer of"},"label":"Shareholder","size":1,"color":"#d48a60","active":false,"read_cam0:size":2,"renderer1:size":7.960502294355636},{"id":26234,"source":359341,"target":284439,"data":{"properties":{"name":"Shareholder"},"type":"is officer of"},"label":"Shareholder","size":1,"color":"#d48a60","read_cam0:size":2,"renderer1:size":7.960502294355636},{"id":449185,"source":359341,"target":12465,"data":{"properties":{"name":"Shareholder"},"type":"is officer of"},"label":"Shareholder","size":1,"color":"#d48a60","hover":false,"read_cam0:size":2,"renderer1:size":7.960502294355636},{"id":532243,"source":359341,"target":264048,"data":{"properties":{"name":"Shareholder"},"type":"is officer of"},"label":"Shareholder","size":1,"color":"#d48a60","hover":false,"read_cam0:size":2,"renderer1:size":7.960502294355636},{"id":537915,"source":359341,"target":218731,"data":{"properties":{"name":"Shareholder"},"type":"is officer of"},"label":"Shareholder","size":1,"color":"#d48a60","read_cam0:size":2,"renderer1:size":7.960502294355636},{"id":543075,"source":359341,"target":8422,"data":{"properties":{"name":"Shareholder"},"type":"is officer of"},"label":"Shareholder","size":1,"color":"#d48a60","hover":false,"read_cam0:size":2,"renderer1:size":7.960502294355636},{"id":561268,"source":359341,"target":65126,"data":{"properties":{"name":"Shareholder"},"type":"is officer of"},"label":"Shareholder","size":1,"color":"#d48a60","read_cam0:size":2,"renderer1:size":7.960502294355636},{"id":744482,"source":591662,"target":12465,"data":{"properties":{},"type":"registered"},"label":"registered","size":1,"color":"#8a6960","hover":false,"read_cam0:size":2,"renderer1:size":7.960502294355636}]}