{"nodes":[{"id":70846,"nodelink":{"x":-278.444,"y":-203.153,"fixed":true},"geo":{"latitudeDiff":0,"longitudeDiff":0},"selected":true,"data":{"properties":{"file_number":"511961","jurisdiction":"BVI","name":"ARAB PALESTINIAN INVESTMENT (HOLDING) COMPANY LTD.","status":"ACT","inactivationDate":"","struck_off_date":"","registrationDate":"20-SEP-1994"},"categories":{"0":"Company"},"statistics":{"digest":{"0":{"edgeType":"is officer of","nodeCategories":{"0":"Officer"},"nodes":119,"edges":119},"1":{"edgeType":"registered","nodeCategories":{"0":"Client"},"nodes":1,"edges":1}},"edgeCount":120,"visibleEdgeCount":2,"hiddenEdgeCount":118}},"label":"ARAB PALESTINIAN INVESTMENT (HOLDING) COMPANY LTD.","x":-294.35640014230245,"y":-209.98799897534622,"fixed":true,"size":1,"glyphs":{"0":{"draw":true,"position":"top-right","content":"118"},"1":{"draw":true,"position":"bottom-right","font":"FontAwesome","textColor":"#000","content":""}},"active":false,"color":"#420e00","icon":{"font":"FontAwesome","scale":1,"color":"#fff","content":""},"colors":{"0":"#420e00"},"fa2_x":-278.444,"fa2_y":-203.153,"read_cam0:size":5,"read_cam0:x":-294.35640014230245,"read_cam0:y":-209.98799897534622,"renderer1:x":1247.0000000000005,"renderer1:y":282.49999999999955,"renderer1:size":31.547867224009664},{"id":588084,"nodelink":{"x":-302.338,"y":-218.078,"fixed":true},"geo":{"latitudeDiff":0,"longitudeDiff":0},"data":{"properties":{"name":"APIC HOLDING","status":"ACTIVE","client_number":"22931","client_name":"APIC HOLDING","prospect_date":"11-JUN-2007","active_since":"11-JUN-2007","country":"JORDAN","city":"AMMAN","former_name":"","cross_reference":"","activity":"MANUFACTURERS","classification":"Special rates","subclassification":"Private Fees","region":"PRIVATE CLIENTS","compliance_classification":"INTERMEDIARY"},"categories":{"0":"Client"},"statistics":{"digest":{"0":{"edgeType":"registered","nodeCategories":{"0":"Company"},"nodes":1,"edges":1}},"edgeCount":1,"visibleEdgeCount":1,"hiddenEdgeCount":0}},"label":"APIC HOLDING","x":-309.2564001423025,"y":-217.88799897534622,"fixed":true,"size":1,"glyphs":{"0":{"draw":false,"position":"top-right","content":"0"},"1":{"draw":true,"position":"bottom-right","font":"FontAwesome","textColor":"#000","content":""}},"active":false,"color":"#851d00","icon":{"font":"FontAwesome","scale":1,"color":"#fff","content":""},"colors":{"0":"#851d00"},"fa2_x":-302.338,"fa2_y":-218.078,"read_cam0:size":5,"read_cam0:x":-309.2564001423025,"read_cam0:y":-217.88799897534622,"renderer1:x":1098,"renderer1:y":203.49999999999955,"renderer1:size":31.547867224009664},{"id":306932,"nodelink":{"x":-250.388,"y":-184.449,"fixed":true},"geo":{"latitudeDiff":0,"longitudeDiff":0},"data":{"properties":{"name":"Palestine Investement Fund","certificateNumber":"229","numbershares":"10,000","classofshares":"Ordinary","dateofissue":"09-09-2004","ceasedmembership":"","transferdate":"","sharestransferred":"","newcertificate":"","custodianname":"","custodianaddress":"","citizenship":"NO","pep":"NO","rst":"NOT NEGATIVE RESULT","registerlocation":"APIC HOLDING Mecca Street- Xpress Building (2) 4th Floor Amman- Jordan"},"categories":{"0":"Officer"},"statistics":{"digest":{"0":{"edgeType":"registered address","nodeCategories":{"0":"Address"},"nodes":1,"edges":1},"1":{"edgeType":"is officer of","nodeCategories":{"0":"Company"},"nodes":1,"edges":1}},"edgeCount":2,"visibleEdgeCount":2,"hiddenEdgeCount":0}},"label":"Palestine Investement Fund","x":-282.0564001423025,"y":-198.48799897534622,"fixed":true,"size":1,"glyphs":{"0":{"draw":false,"position":"top-right","content":"0"},"1":{"draw":true,"position":"bottom-right","font":"FontAwesome","textColor":"#000","content":""}},"active":true,"color":"#be4400","icon":{"font":"FontAwesome","scale":1,"color":"#fff","content":""},"colors":{"0":"#be4400"},"fa2_x":-250.388,"fa2_y":-184.449,"read_cam0:size":5,"read_cam0:x":-282.0564001423025,"read_cam0:y":-198.48799897534622,"renderer1:x":1370,"renderer1:y":397.49999999999955,"renderer1:size":31.547867224009664},{"id":558959,"data":{"properties":{"name":"P. O. Box 413 / Ramallah  - Palestine"},"categories":{"0":"Address"},"statistics":{"digest":{"0":{"edgeType":"registered address","nodeCategories":{"0":"Officer"},"nodes":2,"edges":2}},"edgeCount":2,"visibleEdgeCount":1,"hiddenEdgeCount":1}},"x":-272.8564001423025,"y":-186.7879989753462,"label":"P. O. Box 413 / Ramallah  - Palestine","size":1,"glyphs":{"0":{"draw":true,"position":"top-right","content":"1"},"1":{"draw":true,"position":"bottom-right","font":"FontAwesome","textColor":"#000","content":""}},"colors":{"0":"#937c6f"},"color":"#937c6f","icon":{"font":"FontAwesome","scale":1,"color":"#fff","content":""},"fa2_x":-128.0374755859375,"fa2_y":-85.54655456542969,"fixed":true,"read_cam0:size":5,"read_cam0:x":-272.8564001423025,"read_cam0:y":-186.7879989753462,"renderer1:x":1462,"renderer1:y":514.4999999999998,"renderer1:size":31.547867224009664}],"edges":[{"id":664749,"source":588084,"target":70846,"data":{"properties":{},"type":"registered"},"label":"registered","size":1,"active":false,"color":"#8a6960","hover":false,"read_cam0:size":2,"renderer1:size":12.619146889603865},{"id":298079,"source":306932,"target":558959,"data":{"properties":{},"type":"registered address"},"label":"registered address","size":1,"color":"#baaba3","hover":false,"read_cam0:size":2,"renderer1:size":12.619146889603865},{"id":471759,"source":306932,"target":70846,"data":{"properties":{"name":"Shareholder"},"type":"is officer of"},"label":"Shareholder","size":1,"color":"#d48a60","hover":false,"read_cam0:size":2,"renderer1:size":12.619146889603865}]}