{"nodes":[{"id":667747,"nodelink":{"x":3.511,"y":12.351},"geo":{"latitudeDiff":0,"longitudeDiff":0},"data":{"properties":{"name":"José Maria Botelho de Vasconcelos"},"categories":{"0":"Officer"},"statistics":{"digest":{"0":{"edgeType":"is officer of","nodeCategories":{"0":"Company"},"nodes":2,"edges":2}},"edgeCount":2,"visibleEdgeCount":2,"hiddenEdgeCount":0}},"label":"José Maria Botelho de Vasconcelos","x":2.2999696731567383,"y":0.36075493693351746,"size":1,"glyphs":{"0":{"draw":false,"position":"top-right","content":"0"}},"active":false,"color":"#be4400","icon":{"font":"FontAwesome","scale":1,"color":"#fff","content":""},"colors":{"0":"#be4400"},"fa2_x":2.2999696731567383,"fa2_y":0.36075493693351746,"read_cam0:size":5,"read_cam0:x":2.2999696731567383,"read_cam0:y":0.36075493693351746,"renderer1:x":1315.640952859225,"renderer1:y":360.1855464644419,"renderer1:size":28.649992802832475},{"id":144669,"nodelink":{"x":-20.565,"y":16.453,"fixed":true},"geo":{"latitudeDiff":0,"longitudeDiff":0},"selected":true,"data":{"properties":{"file_number":"1002197","jurisdiction":"SAM","name":"MEDEA INVESTMENTS LIMITED","status":"MOR","inactivationDate":"16-FEB-2009","struck_off_date":"15-FEB-2009","registrationDate":"28-DEC-2006"},"categories":{"0":"Company"},"statistics":{"digest":{"0":{"edgeType":"is officer of","nodeCategories":{"0":"Officer"},"nodes":2,"edges":2},"1":{"edgeType":"registered","nodeCategories":{"0":"Client"},"nodes":1,"edges":1}},"edgeCount":3,"visibleEdgeCount":3,"hiddenEdgeCount":0}},"label":"MEDEA INVESTMENTS LIMITED","x":-32.6,"y":17.700000000000003,"fixed":true,"size":1,"glyphs":{"0":{"draw":false,"position":"top-right","content":"0"},"1":{"draw":true,"position":"bottom-right","font":"FontAwesome","textColor":"#000","content":""}},"active":false,"color":"#420e00","icon":{"font":"FontAwesome","scale":1,"color":"#fff","content":""},"colors":{"0":"#420e00"},"fa2_x":-32.6,"fa2_y":17.700000000000003,"read_cam0:size":5,"read_cam0:x":-32.6,"read_cam0:y":17.700000000000003,"renderer1:x":1006.2424622632038,"renderer1:y":513.9030511164177,"renderer1:size":28.649992802832475},{"id":163792,"nodelink":{"x":1.656,"y":-15.697},"geo":{"latitudeDiff":0,"longitudeDiff":0},"data":{"properties":{"file_number":"900775","jurisdiction":"NIUE","name":"MEDEA INVESTMENTS LIMITED","status":"CON","inactivationDate":"27-APR-2007","struck_off_date":"13-MAY-2008","registrationDate":"13-SEP-2001"},"categories":{"0":"Company"},"statistics":{"digest":{"0":{"edgeType":"is officer of","nodeCategories":{"0":"Officer"},"nodes":2,"edges":2},"1":{"edgeType":"registered","nodeCategories":{"0":"Client"},"nodes":1,"edges":1}},"edgeCount":3,"visibleEdgeCount":3,"hiddenEdgeCount":0}},"label":"MEDEA INVESTMENTS LIMITED","x":22.80000000000002,"y":-19.10000000000001,"fixed":true,"size":1,"glyphs":{"0":{"draw":false,"position":"top-right","content":"0"},"1":{"draw":true,"position":"bottom-right","font":"FontAwesome","textColor":"#000","content":""}},"active":false,"color":"#420e00","icon":{"font":"FontAwesome","scale":1,"color":"#fff","content":""},"colors":{"0":"#420e00"},"fa2_x":22.80000000000002,"fa2_y":-19.10000000000001,"read_cam0:size":5,"read_cam0:x":22.80000000000002,"read_cam0:y":-19.10000000000001,"renderer1:x":1497.3797480415153,"renderer1:y":187.66023312649241,"renderer1:size":28.649992802832475},{"id":475992,"nodelink":{"x":-1.386,"y":34.419},"geo":{"latitudeDiff":0,"longitudeDiff":0},"data":{"properties":{"name":"THE BEARER","certificateNumber":"1","numbershares":"1,000,000","classofshares":"","dateofissue":"28-12-2006","ceasedmembership":"","transferdate":"","sharestransferred":"","newcertificate":"","custodianname":"","custodianaddress":"","citizenship":"NO","pep":"NO","rst":"NOT NEGATIVE RESULT","registerlocation":""},"categories":{"0":"Officer"},"statistics":{"digest":{"0":{"edgeType":"is officer of","nodeCategories":{"0":"Company"},"nodes":1,"edges":1}},"edgeCount":1,"visibleEdgeCount":1,"hiddenEdgeCount":0}},"label":"THE BEARER","x":-21.329288482666016,"y":28.954051971435547,"size":1,"glyphs":{"0":{"draw":false,"position":"top-right","content":"0"}},"active":true,"color":"#be4400","icon":{"font":"FontAwesome","scale":1,"color":"#fff","content":""},"colors":{"0":"#be4400"},"fa2_x":-21.329288482666016,"fa2_y":28.954051971435547,"read_cam0:size":5,"read_cam0:x":-21.329288482666016,"read_cam0:y":28.954051971435547,"renderer1:x":1106.160633082947,"renderer1:y":613.6735301644123,"renderer1:size":28.649992802832475},{"id":583355,"nodelink":{"x":-18.527,"y":-12.053,"fixed":true},"geo":{"latitudeDiff":0,"longitudeDiff":0},"data":{"properties":{"name":"ESTUDIO LEGAL ROCA & ASOCIADOS","status":"ACTIVE","client_number":"10176","client_name":"ESTUDIO LEGAL ROCA & ASOCIADOS","prospect_date":"","active_since":"10-DEC-2007","country":"SPAIN","city":"BARCELONA","former_name":"","cross_reference":"","activity":"","classification":"","subclassification":"","region":"","compliance_classification":""},"categories":{"0":"Client"},"statistics":{"digest":{"0":{"edgeType":"registered","nodeCategories":{"0":"Company"},"nodes":115,"edges":115}},"edgeCount":115,"visibleEdgeCount":2,"hiddenEdgeCount":113}},"label":"ESTUDIO LEGAL ROCA & ASOCIADOS","x":-43.6,"y":-28.500000000000007,"fixed":true,"size":1,"glyphs":{"0":{"draw":true,"position":"top-right","content":"113"},"1":{"draw":true,"position":"bottom-right","font":"FontAwesome","textColor":"#000","content":""}},"active":false,"color":"#851d00","icon":{"font":"FontAwesome","scale":1,"color":"#fff","content":""},"colors":{"0":"#851d00"},"fa2_x":-43.6,"fa2_y":-28.500000000000007,"read_cam0:size":5,"read_cam0:x":-43.6,"read_cam0:y":-28.500000000000007,"renderer1:x":908.724228624911,"renderer1:y":104.32646983558763,"renderer1:size":28.649992802832475},{"id":403398,"data":{"properties":{"name":"THE BEARER","certificateNumber":"1","numbershares":"1,000,000","classofshares":"","dateofissue":"13-09-2001","ceasedmembership":"","transferdate":"","sharestransferred":"","newcertificate":"","custodianname":"","custodianaddress":"","citizenship":"NO","pep":"NO","rst":"NOT NEGATIVE RESULT","registerlocation":""},"categories":{"0":"Officer"},"statistics":{"digest":{"0":{"edgeType":"is officer of","nodeCategories":{"0":"Company"},"nodes":1,"edges":1}},"edgeCount":1,"visibleEdgeCount":1,"hiddenEdgeCount":0}},"x":40.15938186645508,"y":-5.946011066436768,"label":"THE BEARER","size":1,"glyphs":{"0":{"draw":false,"position":"top-right","content":"0"}},"colors":{"0":"#be4400"},"color":"#be4400","icon":{"font":"FontAwesome","scale":1,"color":"#fff","content":""},"fa2_x":40.15938186645508,"fa2_y":-5.946011066436768,"active":false,"read_cam0:size":5,"read_cam0:x":40.15938186645508,"read_cam0:y":-5.946011066436768,"renderer1:x":1651.2757713750889,"renderer1:y":304.27421186274137,"renderer1:size":28.649992802832475}],"edges":[{"id":69479,"source":667747,"target":144669,"data":{"properties":{"date_end":"","name":"Power of Attorney","date_start":"06/03/2002"},"type":"is officer of"},"label":"is officer of","size":1,"active":false,"color":"#d48a60","hover":false,"read_cam0:size":2,"renderer1:size":11.45999712113299},{"id":69480,"source":667747,"target":163792,"data":{"properties":{"date_end":"","name":"Power of Attorney","date_start":"06/03/2002"},"type":"is officer of"},"label":"is officer of","size":1,"active":false,"color":"#d48a60","hover":false,"read_cam0:size":2,"renderer1:size":11.45999712113299},{"id":562506,"source":475992,"target":144669,"data":{"properties":{"name":"Shareholder"},"type":"is officer of"},"label":"is officer of","size":1,"active":false,"color":"#d48a60","read_cam0:size":2,"renderer1:size":11.45999712113299},{"id":792288,"source":583355,"target":144669,"data":{"properties":{},"type":"registered"},"label":"registered","size":1,"active":false,"color":"#8a6960","hover":false,"read_cam0:size":2,"renderer1:size":11.45999712113299},{"id":793752,"source":583355,"target":163792,"data":{"properties":{},"type":"registered"},"label":"registered","size":1,"active":false,"color":"#8a6960","hover":false,"read_cam0:size":2,"renderer1:size":11.45999712113299},{"id":559355,"source":403398,"target":163792,"data":{"properties":{"name":"Shareholder"},"type":"is officer of"},"label":"is officer of","size":1,"color":"#d48a60","active":false,"read_cam0:size":2,"renderer1:size":11.45999712113299}]}