{"nodes":[{"id":398871,"nodelink":{"x":25.033,"y":22.333,"fixed":true},"geo":{"latitudeDiff":0,"longitudeDiff":0},"data":{"properties":{"name":"Patrick Henri Devillers","certificateNumber":"3","numbershares":"100","classofshares":"","dateofissue":"29-11-2011","ceasedmembership":"","transferdate":"","sharestransferred":"","newcertificate":"","custodianname":"","custodianaddress":"","citizenship":"NO","pep":"NO","rst":"NOT NEGATIVE RESULT","registerlocation":"IFG House   15 Union Street   St. Helier   Jersey   Jersey Channel Islands   JE1 1FG"},"categories":{"0":"Officer"},"statistics":{"digest":{"0":{"edgeType":"has similar name and address as","nodeCategories":{"0":"Officer"},"nodes":1,"edges":1},"1":{"edgeType":"registered address","nodeCategories":{"0":"Address"},"nodes":1,"edges":1},"2":{"edgeType":"is officer of","nodeCategories":{"0":"Company"},"nodes":1,"edges":2}},"edgeCount":4,"visibleEdgeCount":4,"hiddenEdgeCount":0}},"label":"Patrick Henri Devillers","x":39.24442479222121,"y":22.849066300488275,"fixed":true,"size":1,"glyphs":{"0":{"draw":false,"position":"top-right","content":"0"},"1":{"draw":true,"position":"bottom-right","font":"FontAwesome","textColor":"#000","content":""}},"active":false,"color":"#be4400","icon":{"font":"FontAwesome","scale":1,"color":"#fff","content":""},"fa2_x":39.24442479222121,"fa2_y":22.849066300488275,"colors":{"0":"#be4400"},"read_cam0:size":5,"read_cam0:x":39.24442479222121,"read_cam0:y":22.849066300488275,"renderer1:x":1682.2838629587643,"renderer1:y":529.3870964311535,"renderer1:size":18.028371610893377},{"id":222385,"nodelink":{"x":-0.061,"y":-4.461},"geo":{"latitudeDiff":0,"longitudeDiff":0},"selected":true,"data":{"properties":{"file_number":"6015818","jurisdiction":"BVI","name":"RUSSELL PROPERTIES S.A.","status":"CAR","inactivationDate":"27-JUN-2012","struck_off_date":"30-APR-2013","registrationDate":"21-SEP-2000"},"categories":{"0":"Company"},"statistics":{"digest":{"0":{"edgeType":"is officer of","nodeCategories":{"0":"Officer"},"nodes":4,"edges":5},"1":{"edgeType":"registered","nodeCategories":{"0":"Client"},"nodes":1,"edges":1}},"edgeCount":6,"visibleEdgeCount":6,"hiddenEdgeCount":0}},"label":"RUSSELL PROPERTIES S.A.","x":13.605534553527832,"y":6.982297897338867,"size":1,"glyphs":{"0":{"draw":false,"position":"top-right","content":"0"}},"active":false,"color":"#420e00","icon":{"font":"FontAwesome","scale":1,"color":"#fff","content":""},"fa2_x":13.605534553527832,"fa2_y":6.982297897338867,"colors":{"0":"#420e00"},"read_cam0:size":5,"read_cam0:x":13.605534553527832,"read_cam0:y":6.982297897338867,"renderer1:x":1554.8947409237508,"renderer1:y":450.5516367996096,"renderer1:size":18.028371610893377},{"id":552278,"nodelink":{"x":-2.1,"y":34.9,"fixed":true},"geo":{"latitudeDiff":0,"longitudeDiff":0},"data":{"properties":{"name":"No. 318, Building K Huiyuan Apartment Asian Olympic Village Chaoyang District Beijing China"},"categories":{"0":"Address"},"statistics":{"digest":{"0":{"edgeType":"registered address","nodeCategories":{"0":"Officer"},"nodes":2,"edges":2}},"edgeCount":2,"visibleEdgeCount":2,"hiddenEdgeCount":0}},"label":"No. 318, Building K Huiyuan Apartment Asian Olympic Village Chaoyang District Beijing China","x":-2.1701800076796545,"y":43.73426014753417,"fixed":true,"size":1,"glyphs":{"0":{"draw":false,"position":"top-right","content":"0"},"1":{"draw":true,"position":"bottom-right","font":"FontAwesome","textColor":"#000","content":""}},"active":false,"color":"#937c6f","icon":{"font":"FontAwesome","scale":1,"color":"#fff","content":""},"fa2_x":-2.1,"fa2_y":34.9,"colors":{"0":"#937c6f"},"read_cam0:size":5,"read_cam0:x":-2.1701800076796545,"read_cam0:y":43.73426014753417,"renderer1:x":1476.511690459488,"renderer1:y":633.1570522653196,"renderer1:size":18.028371610893377},{"id":398869,"nodelink":{"x":17.789,"y":-18.54},"geo":{"latitudeDiff":0,"longitudeDiff":0},"data":{"properties":{"name":"IFG Trust Channel Islands) Limited","certificateNumber":"1","numbershares":"50","classofshares":"","dateofissue":"19-10-2000","ceasedmembership":"","transferdate":"29-11-2011","sharestransferred":"50.0","newcertificate":"3","custodianname":"","custodianaddress":"","citizenship":"NO","pep":"NO","rst":"NOT NEGATIVE RESULT","registerlocation":"IFG House   15 Union Street   St. Helier   Jersey   Jersey Channel Islands   JE1 1FG"},"categories":{"0":"Officer"},"statistics":{"digest":{"0":{"edgeType":"registered address","nodeCategories":{"0":"Address"},"nodes":1,"edges":1},"1":{"edgeType":"is officer of","nodeCategories":{"0":"Company"},"nodes":1,"edges":1}},"edgeCount":2,"visibleEdgeCount":2,"hiddenEdgeCount":0}},"label":"IFG Trust Channel Islands) Limited","x":21.894862392320317,"y":-43.74025905246583,"fixed":true,"size":1,"glyphs":{"0":{"draw":false,"position":"top-right","content":"0"},"1":{"draw":true,"position":"bottom-right","font":"FontAwesome","textColor":"#000","content":""}},"active":false,"color":"#be4400","icon":{"font":"FontAwesome","scale":1,"color":"#fff","content":""},"fa2_x":-10.141101837158203,"fa2_y":-45.79993438720703,"colors":{"0":"#be4400"},"read_cam0:size":5,"read_cam0:x":21.894862392320317,"read_cam0:y":-43.74025905246583,"renderer1:x":1596.0810085747014,"renderer1:y":198.5320705449396,"renderer1:size":18.028371610893377},{"id":398870,"nodelink":{"x":-33.149,"y":-17.884,"fixed":true},"geo":{"latitudeDiff":0,"longitudeDiff":0},"data":{"properties":{"name":"IFG Secretaries Limited","certificateNumber":"2","numbershares":"50","classofshares":"","dateofissue":"19-10-2000","ceasedmembership":"","transferdate":"29-11-2011","sharestransferred":"50.0","newcertificate":"3","custodianname":"","custodianaddress":"","citizenship":"NO","pep":"NO","rst":"NOT NEGATIVE RESULT","registerlocation":"IFG House   15 Union Street   St. Helier   Jersey   Jersey Channel Islands   JE1 1FG"},"categories":{"0":"Officer"},"statistics":{"digest":{"0":{"edgeType":"has similar name and address as","nodeCategories":{"0":"Officer"},"nodes":2,"edges":2},"1":{"edgeType":"registered address","nodeCategories":{"0":"Address"},"nodes":1,"edges":1},"2":{"edgeType":"is officer of","nodeCategories":{"0":"Company"},"nodes":1,"edges":1}},"edgeCount":4,"visibleEdgeCount":4,"hiddenEdgeCount":0}},"label":"IFG Secretaries Limited","x":-33.149,"y":-17.884,"fixed":true,"size":1,"glyphs":{"0":{"draw":false,"position":"top-right","content":"0"}},"active":false,"color":"#be4400","icon":{"font":"FontAwesome","scale":1,"color":"#fff","content":""},"fa2_x":-33.149,"fa2_y":-17.884,"colors":{"0":"#be4400"},"read_cam0:size":5,"read_cam0:x":-33.149,"read_cam0:y":-17.884,"renderer1:x":1322.5906492692302,"renderer1:y":327.00120899589285,"renderer1:size":18.028371610893377},{"id":593661,"nodelink":{"x":-3.339,"y":-23.757},"geo":{"latitudeDiff":0,"longitudeDiff":0},"data":{"properties":{"name":"FIRST NAMES GROUP (JERSEY)","status":"ACTIVE","client_number":"4113","client_name":"FIRST NAMES (JERSEY) LIMITED","prospect_date":"","active_since":"20-MAY-1992","country":"UNITED KINGDOM","city":"ST. HELIER","former_name":"IFG TRUST (JERSEY) LIMITED","cross_reference":"FIRST NAMES GROUP (CYPRUS)","activity":"","classification":"","subclassification":"","region":"","compliance_classification":""},"categories":{"0":"Client"},"statistics":{"digest":{"0":{"edgeType":"registered","nodeCategories":{"0":"Company"},"nodes":236,"edges":236}},"edgeCount":236,"visibleEdgeCount":3,"hiddenEdgeCount":233}},"label":"FIRST NAMES GROUP (JERSEY)","x":-20.50545040767964,"y":-33.99964665246583,"fixed":true,"size":1,"glyphs":{"0":{"draw":true,"position":"top-right","content":"233"},"1":{"draw":true,"position":"bottom-right","font":"FontAwesome","textColor":"#000","content":""}},"active":false,"color":"#851d00","icon":{"font":"FontAwesome","scale":1,"color":"#fff","content":""},"fa2_x":1.5587466955184937,"fa2_y":-9.28368091583252,"colors":{"0":"#851d00"},"read_cam0:size":5,"read_cam0:x":-20.50545040767964,"read_cam0:y":-33.99964665246583,"renderer1:x":1385.4112576098014,"renderer1:y":246.92917549633563,"renderer1:size":18.028371610893377},{"id":659363,"nodelink":{"x":-22.922,"y":5.472,"fixed":true},"geo":{"latitudeDiff":0,"longitudeDiff":0},"data":{"properties":{"name":"Patrick Henri Devillers","citizenship":"YES","pep":"NO","passport_copy":"Y"},"categories":{"0":"Officer"},"statistics":{"digest":{"0":{"edgeType":"has similar name and address as","nodeCategories":{"0":"Officer"},"nodes":1,"edges":1},"1":{"edgeType":"registered address","nodeCategories":{"0":"Address"},"nodes":1,"edges":1},"2":{"edgeType":"is officer of","nodeCategories":{"0":"Company"},"nodes":1,"edges":1}},"edgeCount":3,"visibleEdgeCount":3,"hiddenEdgeCount":0}},"label":"Patrick Henri Devillers","x":-34.829880407679624,"y":31.70173894753417,"fixed":true,"size":1,"glyphs":{"0":{"draw":false,"position":"top-right","content":"0"},"1":{"draw":true,"position":"bottom-right","font":"FontAwesome","textColor":"#000","content":""}},"active":false,"color":"#be4400","icon":{"font":"FontAwesome","scale":1,"color":"#fff","content":""},"fa2_x":-39.06245920777879,"fa2_y":20.939142300488278,"colors":{"0":"#be4400"},"read_cam0:size":5,"read_cam0:x":-34.829880407679624,"read_cam0:y":31.70173894753417,"renderer1:x":1314.2390444459836,"renderer1:y":573.3723932077128,"renderer1:size":18.028371610893377},{"id":320219,"data":{"properties":{"name":"IFG Secretaries Limited","certificateNumber":"3","numbershares":"20","classofshares":"","dateofissue":"30-06-2005","ceasedmembership":"","transferdate":"","sharestransferred":"","newcertificate":"","custodianname":"","custodianaddress":"","citizenship":"NO","pep":"NO","rst":"NOT NEGATIVE RESULT","registerlocation":"IFG HOUSE 15 UNION STREET ST HELIER  JERSEY JE1 1FG CHANNEL ISLANDS"},"categories":{"0":"Officer"},"statistics":{"digest":{"0":{"edgeType":"has similar name and address as","nodeCategories":{"0":"Officer"},"nodes":2,"edges":2},"1":{"edgeType":"registered address","nodeCategories":{"0":"Address"},"nodes":1,"edges":1},"2":{"edgeType":"is officer of","nodeCategories":{"0":"Company"},"nodes":2,"edges":2}},"edgeCount":5,"visibleEdgeCount":5,"hiddenEdgeCount":0}},"x":-97.50613360777878,"y":3.3678415004882787,"label":"IFG Secretaries Limited","size":1,"glyphs":{"0":{"draw":false,"position":"top-right","content":"0"},"1":{"draw":true,"position":"bottom-right","font":"FontAwesome","textColor":"#000","content":""}},"color":"#be4400","icon":{"font":"FontAwesome","scale":1,"color":"#fff","content":""},"fa2_x":-97.50613360777878,"fa2_y":3.3678415004882787,"fixed":true,"active":false,"colors":{"0":"#be4400"},"read_cam0:size":5,"read_cam0:x":-97.50613360777878,"read_cam0:y":3.3678415004882787,"renderer1:x":1002.8264679548515,"renderer1:y":432.5928865283615,"renderer1:size":18.028371610893377},{"id":393432,"data":{"properties":{"name":"IFG Secretaries Limited","certificateNumber":"2","numbershares":"50","classofshares":"ORD.","dateofissue":"29-05-1998","ceasedmembership":"","transferdate":"","sharestransferred":"","newcertificate":"","custodianname":"","custodianaddress":"","citizenship":"NO","pep":"NO","rst":"NOT NEGATIVE RESULT","registerlocation":"IFG House   15 Union Street   St. Helier   Jersey JE1 1FG"},"categories":{"0":"Officer"},"statistics":{"digest":{"0":{"edgeType":"has similar name and address as","nodeCategories":{"0":"Officer"},"nodes":2,"edges":2},"1":{"edgeType":"registered address","nodeCategories":{"0":"Address"},"nodes":1,"edges":1},"2":{"edgeType":"is officer of","nodeCategories":{"0":"Company"},"nodes":1,"edges":1}},"edgeCount":4,"visibleEdgeCount":4,"hiddenEdgeCount":0}},"x":-53.165150807679595,"y":8.400666147534173,"label":"IFG Secretaries Limited","size":1,"glyphs":{"0":{"draw":false,"position":"top-right","content":"0"},"1":{"draw":true,"position":"bottom-right","font":"FontAwesome","textColor":"#000","content":""}},"color":"#be4400","icon":{"font":"FontAwesome","scale":1,"color":"#fff","content":""},"fa2_x":-44.98322360777878,"fa2_y":-0.45200649951172167,"active":true,"fixed":true,"colors":{"0":"#be4400"},"read_cam0:size":5,"read_cam0:x":-53.165150807679595,"read_cam0:y":8.400666147534173,"renderer1:x":1223.1386115962973,"renderer1:y":457.598926461236,"renderer1:size":18.028371610893377},{"id":542578,"data":{"properties":{"name":"IFG House 15 Union Street St. Helier Jersey, Jersey Channel Islands JE1 1FG"},"categories":{"0":"Address"},"statistics":{"digest":{"0":{"edgeType":"registered address","nodeCategories":{"0":"Officer"},"nodes":9,"edges":9}},"edgeCount":9,"visibleEdgeCount":2,"hiddenEdgeCount":7}},"x":-37.613518161062885,"y":-66.62182770213751,"label":"IFG House 15 Union Street St. Helier Jersey, Jersey Channel Islands JE1 1FG","size":1,"glyphs":{"0":{"draw":true,"position":"top-right","content":"7"},"1":{"draw":true,"position":"bottom-right","font":"FontAwesome","textColor":"#000","content":""}},"color":"#937c6f","icon":{"font":"FontAwesome","scale":1,"color":"#fff","content":""},"fa2_x":-37.613518161062885,"fa2_y":-66.62182770213751,"fixed":true,"active":false,"colors":{"0":"#937c6f"},"read_cam0:size":5,"read_cam0:x":-37.613518161062885,"read_cam0:y":-66.62182770213751,"renderer1:x":1300.408291002067,"renderer1:y":84.84294773468042,"renderer1:size":18.028371610893377},{"id":32340,"data":{"properties":{"file_number":"533204","jurisdiction":"BVI","name":"VERDANE COMPANY INC.","status":"CAR","inactivationDate":"14-NOV-2009","struck_off_date":"30-APR-2011","registrationDate":"04-OCT-1999"},"categories":{"0":"Company"},"statistics":{"digest":{"0":{"edgeType":"is officer of","nodeCategories":{"0":"Officer"},"nodes":4,"edges":4},"1":{"edgeType":"registered","nodeCategories":{"0":"Client"},"nodes":1,"edges":1}},"edgeCount":5,"visibleEdgeCount":1,"hiddenEdgeCount":4}},"x":-122.68638440767951,"y":16.99532414753417,"label":"VERDANE COMPANY INC.","size":1,"glyphs":{"0":{"draw":true,"position":"top-right","content":"4"},"1":{"draw":true,"position":"bottom-right","font":"FontAwesome","textColor":"#000","content":""}},"color":"#420e00","icon":{"font":"FontAwesome","scale":1,"color":"#fff","content":""},"fa2_x":-90.05743000777876,"fa2_y":23.42204350048828,"fixed":true,"active":false,"colors":{"0":"#420e00"},"read_cam0:size":5,"read_cam0:x":-122.68638440767951,"read_cam0:y":16.99532414753417,"renderer1:x":877.7161370412358,"renderer1:y":500.30225435952656,"renderer1:size":18.028371610893377},{"id":227328,"data":{"properties":{"file_number":"6015800","jurisdiction":"BVI","name":"MULLIGAN ASSOCIATES SA","status":"MOR","inactivationDate":"01-NOV-2012","struck_off_date":"31-OCT-2012","registrationDate":"30-JUN-2005"},"categories":{"0":"Company"},"statistics":{"digest":{"0":{"edgeType":"is officer of","nodeCategories":{"0":"Officer"},"nodes":2,"edges":2},"1":{"edgeType":"registered","nodeCategories":{"0":"Client"},"nodes":1,"edges":1}},"edgeCount":3,"visibleEdgeCount":2,"hiddenEdgeCount":1}},"x":-85.88338000777881,"y":-23.347424499511725,"label":"MULLIGAN ASSOCIATES SA","size":1,"glyphs":{"0":{"draw":true,"position":"top-right","content":"1"},"1":{"draw":true,"position":"bottom-right","font":"FontAwesome","textColor":"#000","content":""}},"color":"#420e00","icon":{"font":"FontAwesome","scale":1,"color":"#fff","content":""},"fa2_x":-85.88338000777881,"fa2_y":-23.347424499511725,"fixed":true,"active":false,"colors":{"0":"#420e00"},"read_cam0:size":5,"read_cam0:x":-85.88338000777881,"read_cam0:y":-23.347424499511725,"renderer1:x":1060.575159998425,"renderer1:y":299.8556951371444,"renderer1:size":18.028371610893377},{"id":542567,"data":{"properties":{"name":"IFG House 15 Union Street St Helier Jersey Channel Islands Je1 1FG"},"categories":{"0":"Address"},"statistics":{"digest":{"0":{"edgeType":"registered address","nodeCategories":{"0":"Officer"},"nodes":37,"edges":37}},"edgeCount":37,"visibleEdgeCount":1,"hiddenEdgeCount":36}},"x":-113.74048760777877,"y":-18.596284499511718,"label":"IFG House 15 Union Street St Helier Jersey Channel Islands Je1 1FG","size":1,"glyphs":{"0":{"draw":true,"position":"top-right","content":"36"},"1":{"draw":true,"position":"bottom-right","font":"FontAwesome","textColor":"#000","content":""}},"color":"#937c6f","icon":{"font":"FontAwesome","scale":1,"color":"#fff","content":""},"fa2_x":-113.74048760777877,"fa2_y":-18.596284499511718,"fixed":true,"active":false,"colors":{"0":"#937c6f"},"read_cam0:size":5,"read_cam0:x":-113.74048760777877,"read_cam0:y":-18.596284499511718,"renderer1:x":922.1646263691915,"renderer1:y":323.4621596771743,"renderer1:size":18.028371610893377},{"id":246682,"data":{"properties":{"file_number":"6015821","jurisdiction":"BVI","name":"SANDS INVEST & FINANCE LIMITED","status":"DIS","inactivationDate":"18-FEB-2013","struck_off_date":"31-OCT-2013","registrationDate":"20-APR-1998"},"categories":{"0":"Company"},"statistics":{"digest":{"0":{"edgeType":"is officer of","nodeCategories":{"0":"Officer"},"nodes":2,"edges":2},"1":{"edgeType":"registered","nodeCategories":{"0":"Client"},"nodes":1,"edges":1}},"edgeCount":3,"visibleEdgeCount":2,"hiddenEdgeCount":1}},"x":-20.123465607679634,"y":5.1537953475341745,"label":"SANDS INVEST & FINANCE LIMITED","size":1,"glyphs":{"0":{"draw":true,"position":"top-right","content":"1"},"1":{"draw":true,"position":"bottom-right","font":"FontAwesome","textColor":"#000","content":""}},"colors":{"0":"#420e00"},"color":"#420e00","icon":{"font":"FontAwesome","scale":1,"color":"#fff","content":""},"fa2_x":-11.460511207580566,"fa2_y":-11.089338302612305,"fixed":true,"read_cam0:size":5,"read_cam0:x":-20.123465607679634,"read_cam0:y":5.1537953475341745,"renderer1:x":1387.3091832941698,"renderer1:y":441.466558144104,"renderer1:size":18.028371610893377},{"id":542569,"data":{"properties":{"name":"IFG House; 15 Union Street; St. Helier; Jersey Channel Islands JF1 1FG"},"categories":{"0":"Address"},"statistics":{"digest":{"0":{"edgeType":"registered address","nodeCategories":{"0":"Officer"},"nodes":2,"edges":2}},"edgeCount":2,"visibleEdgeCount":1,"hiddenEdgeCount":1}},"x":-96.32943320767954,"y":31.892731347534173,"label":"IFG House; 15 Union Street; St. Helier; Jersey Channel Islands JF1 1FG","size":1,"glyphs":{"0":{"draw":true,"position":"top-right","content":"1"},"1":{"draw":true,"position":"bottom-right","font":"FontAwesome","textColor":"#000","content":""}},"colors":{"0":"#937c6f"},"color":"#937c6f","icon":{"font":"FontAwesome","scale":1,"color":"#fff","content":""},"fa2_x":-17.531414031982422,"fa2_y":17.46181869506836,"fixed":true,"read_cam0:size":5,"read_cam0:x":-96.32943320767954,"read_cam0:y":31.892731347534173,"renderer1:x":1008.6730092626601,"renderer1:y":574.321356049897,"renderer1:size":18.028371610893377}],"edges":[{"id":272759,"source":398871,"target":552278,"data":{"properties":{},"type":"registered address"},"label":"registered address","size":1,"active":false,"color":"#baaba3","hover":false,"read_cam0:size":2,"renderer1:size":7.211348644357351},{"id":334113,"source":659363,"target":552278,"data":{"properties":{},"type":"registered address"},"label":"registered address","size":1,"active":false,"color":"#baaba3","hover":false,"read_cam0:size":2,"renderer1:size":7.211348644357351},{"id":810424,"source":593661,"target":222385,"data":{"properties":{},"type":"registered"},"label":"registered","size":1,"active":false,"color":"#8a6960","hover":false,"read_cam0:size":2,"renderer1:size":7.211348644357351},{"id":881291,"source":398871,"target":659363,"data":{"properties":{"simil":1},"type":"has similar name and address as"},"label":"has similar name and address as","size":1,"active":false,"color":"#d48a60","hover":false,"read_cam0:size":2,"renderer1:size":7.211348644357351},{"id":59129,"source":659363,"target":222385,"data":{"properties":{"name":"Beneficiary"},"type":"is officer of"},"label":"Beneficiary","size":1,"color":"#d48a60","hover":false,"active":false,"read_cam0:size":2,"renderer1:size":7.211348644357351},{"id":68547,"source":398871,"target":222385,"data":{"properties":{"name":"Director and shareholder"},"type":"is officer of"},"label":"Director and shareholder","size":1,"type":"curvedArrow","cc":{"y":null},"color":"#d48a60","hover":false,"active":false,"read_cam0:size":2,"renderer1:size":7.211348644357351},{"id":240157,"source":398870,"target":542578,"data":{"properties":{},"type":"registered address"},"label":"registered address","size":1,"color":"#baaba3","hover":false,"active":false,"read_cam0:size":2,"renderer1:size":7.211348644357351},{"id":344850,"source":320219,"target":393432,"data":{"properties":{"simil":1},"type":"has similar name and address as"},"label":"has similar name and address as","size":1,"color":"#d48a60","hover":false,"active":false,"read_cam0:size":2,"renderer1:size":7.211348644357351},{"id":356147,"source":398870,"target":320219,"data":{"properties":{"simil":1},"type":"has similar name and address as"},"label":"has similar name and address as","size":1,"color":"#d48a60","hover":false,"active":false,"read_cam0:size":2,"renderer1:size":7.211348644357351},{"id":360588,"source":398870,"target":393432,"data":{"properties":{"simil":1},"type":"has similar name and address as"},"label":"has similar name and address as","size":1,"color":"#d48a60","hover":false,"active":false,"read_cam0:size":2,"renderer1:size":7.211348644357351},{"id":579349,"source":398870,"target":222385,"data":{"properties":{"name":"Shareholder"},"type":"is officer of"},"label":"Shareholder","size":1,"color":"#d48a60","hover":false,"active":false,"read_cam0:size":2,"renderer1:size":7.211348644357351},{"id":579350,"source":398869,"target":222385,"data":{"properties":{"name":"Shareholder"},"type":"is officer of"},"label":"Shareholder","size":1,"color":"#d48a60","hover":false,"active":false,"read_cam0:size":2,"renderer1:size":7.211348644357351},{"id":579351,"source":398871,"target":222385,"data":{"properties":{"name":"Shareholder"},"type":"is officer of"},"label":"Shareholder","size":1,"type":"curvedArrow","cc":{"y":2},"color":"#d48a60","hover":false,"active":false,"read_cam0:size":2,"renderer1:size":7.211348644357351},{"id":862715,"source":398869,"target":542578,"data":{"properties":{},"type":"registered address"},"label":"registered address","size":1,"color":"#baaba3","hover":false,"active":false,"read_cam0:size":2,"renderer1:size":7.211348644357351},{"id":268758,"source":320219,"target":542567,"data":{"properties":{},"type":"registered address"},"label":"registered address","size":1,"color":"#baaba3","hover":false,"active":false,"read_cam0:size":2,"renderer1:size":7.211348644357351},{"id":389076,"source":320219,"target":227328,"data":{"properties":{"name":"Shareholder"},"type":"is officer of"},"label":"Shareholder","size":1,"color":"#d48a60","hover":false,"active":false,"read_cam0:size":2,"renderer1:size":7.211348644357351},{"id":514862,"source":320219,"target":32340,"data":{"properties":{"name":"Shareholder"},"type":"is officer of"},"label":"Shareholder","size":1,"color":"#d48a60","hover":false,"active":false,"read_cam0:size":2,"renderer1:size":7.211348644357351},{"id":746812,"source":593661,"target":227328,"data":{"properties":{},"type":"registered"},"label":"registered","size":1,"color":"#8a6960","active":false,"hover":false,"read_cam0:size":2,"renderer1:size":7.211348644357351},{"id":283477,"source":393432,"target":542569,"data":{"properties":{},"type":"registered address"},"label":"registered address","size":1,"color":"#baaba3","hover":false,"read_cam0:size":2,"renderer1:size":7.211348644357351},{"id":453454,"source":393432,"target":246682,"data":{"properties":{"name":"Shareholder"},"type":"is officer of"},"label":"Shareholder","size":1,"color":"#d48a60","read_cam0:size":2,"renderer1:size":7.211348644357351},{"id":748877,"source":593661,"target":246682,"data":{"properties":{},"type":"registered"},"label":"registered","size":1,"color":"#8a6960","read_cam0:size":2,"renderer1:size":7.211348644357351}]}