{"nodes":[{"id":186424,"nodelink":{"x":-137.603,"y":75.222,"fixed":true},"geo":{"latitudeDiff":0,"longitudeDiff":0},"data":{"properties":{"file_number":"6003614","jurisdiction":"BVI","name":"NEWINGTON GROUP TRADING LIMITED","status":"MOR","inactivationDate":"","struck_off_date":"31-OCT-2012","registrationDate":"27-APR-2009"},"categories":{"0":"Company"},"statistics":{"digest":{"0":{"edgeType":"is officer of","nodeCategories":{"0":"Officer"},"nodes":2,"edges":2},"1":{"edgeType":"registered","nodeCategories":{"0":"Client"},"nodes":1,"edges":1}},"edgeCount":3,"visibleEdgeCount":3,"hiddenEdgeCount":0}},"label":"NEWINGTON GROUP TRADING LIMITED","x":-137.15809746063454,"y":-9.032672766866751,"fixed":true,"size":1,"glyphs":{"0":{"draw":false,"position":"top-right","content":"0"},"1":{"draw":true,"position":"bottom-right","font":"FontAwesome","textColor":"#000","content":""}},"active":false,"color":"#420e00","icon":{"font":"FontAwesome","scale":1,"color":"#fff","content":""},"fa2_x":-137.603,"fa2_y":75.222,"colors":{"0":"#420e00"},"read_cam0:size":5,"read_cam0:x":-137.15809746063454,"read_cam0:y":-9.032672766866751,"renderer1:x":1049.1970814903514,"renderer1:y":512.0323698813976,"renderer1:size":12.36997151718707},{"id":388661,"nodelink":{"x":-30.471,"y":96.783,"fixed":true},"geo":{"latitudeDiff":0,"longitudeDiff":0},"data":{"properties":{"name":"THE NEDSTAR FOUNDATION","certificateNumber":"1","numbershares":"50,000","classofshares":"","dateofissue":"27-04-2009","ceasedmembership":"","transferdate":"","sharestransferred":"","newcertificate":"","custodianname":"","custodianaddress":"","citizenship":"NO","pep":"NO","rst":"NOT NEGATIVE RESULT(SEARCHES CONDUCTED)","registerlocation":"RUE ETIENNE-DUMONT 14   1204 GENEVA   SWITZERLAND"},"categories":{"0":"Officer"},"statistics":{"digest":{"0":{"edgeType":"registered address","nodeCategories":{"0":"Address"},"nodes":1,"edges":1},"1":{"edgeType":"is officer of","nodeCategories":{"0":"Company"},"nodes":1,"edges":1}},"edgeCount":2,"visibleEdgeCount":2,"hiddenEdgeCount":0}},"label":"THE NEDSTAR FOUNDATION","x":-57.920522540787715,"y":20.07500781593412,"fixed":true,"size":1,"glyphs":{"0":{"draw":false,"position":"top-right","content":"0"},"1":{"draw":true,"position":"bottom-right","font":"FontAwesome","textColor":"#000","content":""}},"active":false,"color":"#be4400","icon":{"font":"FontAwesome","scale":1,"color":"#fff","content":""},"fa2_x":-30.471,"fa2_y":96.783,"colors":{"0":"#be4400"},"read_cam0:size":5,"read_cam0:x":-57.920522540787715,"read_cam0:y":20.07500781593412,"renderer1:x":1295.0523642506294,"renderer1:y":602.3465553851732,"renderer1:size":12.36997151718707},{"id":583363,"nodelink":{"x":-212.394,"y":-30.563,"fixed":true},"geo":{"latitudeDiff":0,"longitudeDiff":0},"data":{"properties":{"name":"TAYLOR, MAURICE","status":"ACTIVE","client_number":"10279","client_name":"TAYLOR, MAURICE","prospect_date":"","active_since":"25-APR-2007","country":"SWITZERLAND","city":"GENEVE","former_name":"","cross_reference":"","activity":"","classification":"","subclassification":"","region":"","compliance_classification":""},"categories":{"0":"Client"},"statistics":{"digest":{"0":{"edgeType":"registered","nodeCategories":{"0":"Company"},"nodes":692,"edges":692}},"edgeCount":692,"visibleEdgeCount":6,"hiddenEdgeCount":686}},"label":"TAYLOR, MAURICE","x":-177.58543160341358,"y":-149.71979558373772,"fixed":true,"size":1,"glyphs":{"0":{"draw":true,"position":"top-right","content":"686"},"1":{"draw":true,"position":"bottom-right","font":"FontAwesome","textColor":"#000","content":""}},"active":false,"color":"#851d00","icon":{"font":"FontAwesome","scale":1,"color":"#fff","content":""},"fa2_x":-212.394,"fa2_y":-30.563,"colors":{"0":"#851d00"},"read_cam0:size":5,"read_cam0:x":-177.58543160341358,"read_cam0:y":-149.71979558373772,"renderer1:x":923.7607127351073,"renderer1:y":75.5138066131488,"renderer1:size":12.36997151718707},{"id":375783,"nodelink":{"x":30.844,"y":-56.841,"fixed":true},"geo":{"latitudeDiff":0,"longitudeDiff":0},"data":{"properties":{"name":"THE NEDSTAR FOUNDATION","certificateNumber":"8","numbershares":"15,000","classofshares":"","dateofissue":"15-12-2008","ceasedmembership":"","transferdate":"","sharestransferred":"","newcertificate":"","custodianname":"","custodianaddress":"","citizenship":"NO","pep":"NO","rst":"NOT NEGATIVE RESULT","registerlocation":"MF Gva data base"},"categories":{"0":"Officer"},"statistics":{"digest":{"0":{"edgeType":"registered address","nodeCategories":{"0":"Address"},"nodes":1,"edges":1},"1":{"edgeType":"is officer of","nodeCategories":{"0":"Company"},"nodes":1,"edges":1}},"edgeCount":2,"visibleEdgeCount":2,"hiddenEdgeCount":0}},"label":"THE NEDSTAR FOUNDATION","x":-64.38889600363237,"y":-107.13633695334384,"fixed":true,"size":1,"glyphs":{"0":{"draw":false,"position":"top-right","content":"0"},"1":{"draw":true,"position":"bottom-right","font":"FontAwesome","textColor":"#000","content":""}},"active":false,"color":"#be4400","icon":{"font":"FontAwesome","scale":1,"color":"#fff","content":""},"fa2_x":30.844,"fa2_y":-56.841,"colors":{"0":"#be4400"},"read_cam0:size":5,"read_cam0:x":-64.38889600363237,"read_cam0:y":-107.13633695334384,"renderer1:x":1274.9825452497903,"renderer1:y":207.64011503533902,"renderer1:size":12.36997151718707},{"id":535773,"nodelink":{"x":40.951,"y":112.28,"fixed":true},"geo":{"latitudeDiff":0,"longitudeDiff":0},"data":{"properties":{"name":"Edificio Mossfon; 2° Planta; 54 Calle Este; Ciudad de Panama; Republic of Panama"},"categories":{"0":"Address"},"statistics":{"digest":{"0":{"edgeType":"registered address","nodeCategories":{"0":"Officer"},"nodes":1,"edges":1}},"edgeCount":1,"visibleEdgeCount":1,"hiddenEdgeCount":0}},"label":"Edificio Mossfon; 2° Planta; 54 Calle Este; Ciudad de Panama; Republic of Panama","x":50.424732961859974,"y":-18.196201839229992,"fixed":true,"size":1,"glyphs":{"0":{"draw":false,"position":"top-right","content":"0"},"1":{"draw":true,"position":"bottom-right","font":"FontAwesome","textColor":"#000","content":""}},"active":false,"color":"#937c6f","icon":{"font":"FontAwesome","scale":1,"color":"#fff","content":""},"fa2_x":40.951,"fa2_y":112.28,"colors":{"0":"#937c6f"},"read_cam0:size":5,"read_cam0:x":50.424732961859974,"read_cam0:y":-18.196201839229992,"renderer1:x":1631.2218325146828,"renderer1:y":483.6001262968757,"renderer1:size":12.36997151718707},{"id":118187,"nodelink":{"x":-140.972,"y":-61.557,"fixed":true},"geo":{"latitudeDiff":0,"longitudeDiff":0},"data":{"properties":{"file_number":"587020","jurisdiction":"BVI","name":"NEDSTAR COMMERCIAL LIMITED","status":"MOR","inactivationDate":"30-DEC-2011","struck_off_date":"31-OCT-2012","registrationDate":"21-MAY-2007"},"categories":{"0":"Company"},"statistics":{"digest":{"0":{"edgeType":"is officer of","nodeCategories":{"0":"Officer"},"nodes":9,"edges":9},"1":{"edgeType":"registered","nodeCategories":{"0":"Client"},"nodes":1,"edges":1}},"edgeCount":10,"visibleEdgeCount":10,"hiddenEdgeCount":0}},"label":"NEDSTAR COMMERCIAL LIMITED","x":-151.1729066301313,"y":-117.37792826951453,"fixed":true,"size":1,"glyphs":{"0":{"draw":false,"position":"top-right","content":"0"},"1":{"draw":true,"position":"bottom-right","font":"FontAwesome","textColor":"#000","content":""}},"active":false,"color":"#420e00","icon":{"font":"FontAwesome","scale":1,"color":"#fff","content":""},"fa2_x":-140.972,"fa2_y":-61.557,"colors":{"0":"#420e00"},"read_cam0:size":5,"read_cam0:x":-151.1729066301313,"read_cam0:y":-117.37792826951453,"renderer1:x":1005.7124736552,"renderer1:y":175.86290161734388,"renderer1:size":12.36997151718707},{"id":547603,"nodelink":{"x":115.068,"y":-58.188,"fixed":true},"geo":{"latitudeDiff":0,"longitudeDiff":0},"data":{"properties":{"name":"Mossfon  Bldg; 54th Street; Panama; Rep. of Panama"},"categories":{"0":"Address"},"statistics":{"digest":{"0":{"edgeType":"registered address","nodeCategories":{"0":"Officer"},"nodes":163,"edges":163}},"edgeCount":163,"visibleEdgeCount":1,"hiddenEdgeCount":162}},"label":"Mossfon  Bldg; 54th Street; Panama; Rep. of Panama","x":25.090270232385166,"y":-100.12893236859547,"fixed":true,"size":1,"glyphs":{"0":{"draw":true,"position":"top-right","content":"162"},"1":{"draw":true,"position":"bottom-right","font":"FontAwesome","textColor":"#000","content":""}},"active":false,"color":"#937c6f","icon":{"font":"FontAwesome","scale":1,"color":"#fff","content":""},"fa2_x":115.068,"fa2_y":-58.188,"colors":{"0":"#937c6f"},"read_cam0:size":5,"read_cam0:x":25.090270232385166,"read_cam0:y":-100.12893236859547,"renderer1:x":1552.6150414280635,"renderer1:y":229.38241895291463,"renderer1:size":12.36997151718707},{"id":114292,"nodelink":{"x":-134.908,"y":114.302,"fixed":true},"geo":{"latitudeDiff":0,"longitudeDiff":0},"selected":true,"data":{"properties":{"file_number":"6013164","jurisdiction":"BVI","name":"BISCAY EXPORTS LIMITED [BISCAY OVERSEAS LIMITED]","status":"MOR","inactivationDate":"16-OCT-2012","struck_off_date":"30-APR-2013","registrationDate":"01-JUL-2010"},"categories":{"0":"Company"},"statistics":{"digest":{"0":{"edgeType":"is officer of","nodeCategories":{"0":"Officer"},"nodes":2,"edges":2},"1":{"edgeType":"registered","nodeCategories":{"0":"Client"},"nodes":1,"edges":1}},"edgeCount":3,"visibleEdgeCount":3,"hiddenEdgeCount":0}},"label":"BISCAY EXPORTS LIMITED [BISCAY OVERSEAS LIMITED]","x":-136.61906633873082,"y":4.443105280726245,"fixed":true,"size":1,"glyphs":{"0":{"draw":false,"position":"top-right","content":"0"},"1":{"draw":true,"position":"bottom-right","font":"FontAwesome","textColor":"#000","content":""}},"active":false,"color":"#420e00","icon":{"font":"FontAwesome","scale":1,"color":"#fff","content":""},"fa2_x":-134.908,"fa2_y":114.302,"colors":{"0":"#420e00"},"read_cam0:size":5,"read_cam0:x":-136.61906633873082,"read_cam0:y":4.443105280726245,"renderer1:x":1050.8695664070879,"renderer1:y":553.8444927998122,"renderer1:size":12.36997151718707},{"id":225354,"nodelink":{"x":-140.972,"y":41.533,"fixed":true},"geo":{"latitudeDiff":0,"longitudeDiff":0},"data":{"properties":{"file_number":"702797","jurisdiction":"PMA","name":"THE NEDSTAR FOUNDATION","status":"INA","inactivationDate":"30-DEC-2011","struck_off_date":"15-JUL-2013","registrationDate":"23-MAY-2008"},"categories":{"0":"Company"},"statistics":{"digest":{"0":{"edgeType":"is officer of","nodeCategories":{"0":"Officer"},"nodes":1,"edges":1},"1":{"edgeType":"registered","nodeCategories":{"0":"Client"},"nodes":1,"edges":1}},"edgeCount":2,"visibleEdgeCount":2,"hiddenEdgeCount":0}},"label":"THE NEDSTAR FOUNDATION","x":-137.1580974606346,"y":-24.125544180170948,"fixed":true,"size":1,"glyphs":{"0":{"draw":false,"position":"top-right","content":"0"},"1":{"draw":true,"position":"bottom-right","font":"FontAwesome","textColor":"#000","content":""}},"active":false,"color":"#420e00","icon":{"font":"FontAwesome","scale":1,"color":"#fff","content":""},"fa2_x":-140.972,"fa2_y":41.533,"colors":{"0":"#420e00"},"read_cam0:size":5,"read_cam0:x":-137.1580974606346,"read_cam0:y":-24.125544180170948,"renderer1:x":1049.1970814903511,"renderer1:y":465.20279221277315,"renderer1:size":12.36997151718707},{"id":396540,"nodelink":{"x":-27.775,"y":166.184,"fixed":true},"geo":{"latitudeDiff":0,"longitudeDiff":0},"data":{"properties":{"name":"THE PRUAK FOUNDATION","certificateNumber":"1","numbershares":"50,000","classofshares":"","dateofissue":"01-07-2010","ceasedmembership":"","transferdate":"","sharestransferred":"","newcertificate":"","custodianname":"","custodianaddress":"","citizenship":"NO","pep":"NO","rst":"NOT NEGATIVE RESULT","registerlocation":"MR. MAURICE TAYLOR RUE ETIENNE-DUMONT 14 1204 GENEVE SWITZERLAND"},"categories":{"0":"Officer"},"statistics":{"digest":{"0":{"edgeType":"registered address","nodeCategories":{"0":"Address"},"nodes":1,"edges":1},"1":{"edgeType":"is officer of","nodeCategories":{"0":"Company"},"nodes":1,"edges":1}},"edgeCount":2,"visibleEdgeCount":2,"hiddenEdgeCount":0}},"label":"THE PRUAK FOUNDATION","x":-57.381491418883996,"y":33.0117547416234,"fixed":true,"size":1,"glyphs":{"0":{"draw":false,"position":"top-right","content":"0"},"1":{"draw":true,"position":"bottom-right","font":"FontAwesome","textColor":"#000","content":""}},"active":false,"color":"#be4400","icon":{"font":"FontAwesome","scale":1,"color":"#fff","content":""},"fa2_x":-27.775,"fa2_y":166.184,"colors":{"0":"#be4400"},"read_cam0:size":5,"read_cam0:x":-57.381491418883996,"read_cam0:y":33.0117547416234,"renderer1:x":1296.7248491673658,"renderer1:y":642.4861933868513,"renderer1:size":12.36997151718707},{"id":393288,"nodelink":{"x":-47.315,"y":-110.07,"fixed":true},"geo":{"latitudeDiff":0,"longitudeDiff":0},"data":{"properties":{"name":"The Pruak Foundation","certificateNumber":"2","numbershares":"50,000","classofshares":"","dateofissue":"08-06-2010","ceasedmembership":"","transferdate":"","sharestransferred":"","newcertificate":"","custodianname":"","custodianaddress":"","citizenship":"NO","pep":"NO","rst":"NOT NEGATIVE RESULT","registerlocation":"Akara Building   24 de Castro Street   Wickhams Cay I   Road Town   Tortola   British Virgin Islands"},"categories":{"0":"Officer"},"statistics":{"digest":{"0":{"edgeType":"registered address","nodeCategories":{"0":"Address"},"nodes":1,"edges":1},"1":{"edgeType":"is officer of","nodeCategories":{"0":"Company"},"nodes":1,"edges":1}},"edgeCount":2,"visibleEdgeCount":2,"hiddenEdgeCount":0}},"label":"The Pruak Foundation","x":-66.00598936934352,"y":-138.4001420237596,"fixed":true,"size":1,"glyphs":{"0":{"draw":false,"position":"top-right","content":"0"},"1":{"draw":true,"position":"bottom-right","font":"FontAwesome","textColor":"#000","content":""}},"active":false,"color":"#be4400","icon":{"font":"FontAwesome","scale":1,"color":"#fff","content":""},"fa2_x":-47.315,"fa2_y":-110.07,"colors":{"0":"#be4400"},"read_cam0:size":5,"read_cam0:x":-66.00598936934352,"read_cam0:y":-138.4001420237596,"renderer1:x":1269.9650904995806,"renderer1:y":110.63598986461704,"renderer1:size":12.36997151718707},{"id":547594,"nodelink":{"x":40.277,"y":199.199,"fixed":true},"geo":{"latitudeDiff":0,"longitudeDiff":0},"data":{"properties":{"name":"Mossfon Bldg. 54th East Street; Panama; Rep. of Panama"},"categories":{"0":"Address"},"statistics":{"digest":{"0":{"edgeType":"registered address","nodeCategories":{"0":"Officer"},"nodes":21,"edges":21}},"edgeCount":21,"visibleEdgeCount":1,"hiddenEdgeCount":20}},"label":"Mossfon Bldg. 54th East Street; Panama; Rep. of Panama","x":52.04182632757116,"y":16.301789962608083,"fixed":true,"size":1,"glyphs":{"0":{"draw":true,"position":"top-right","content":"20"},"1":{"draw":true,"position":"bottom-right","font":"FontAwesome","textColor":"#000","content":""}},"active":false,"color":"#937c6f","icon":{"font":"FontAwesome","scale":1,"color":"#fff","content":""},"fa2_x":40.277,"fa2_y":199.199,"colors":{"0":"#937c6f"},"read_cam0:size":5,"read_cam0:x":52.04182632757116,"read_cam0:y":16.301789962608083,"renderer1:x":1636.2392872648927,"renderer1:y":590.6391609680171,"renderer1:size":12.36997151718707},{"id":195448,"nodelink":{"x":-138.277,"y":-122.872,"fixed":true},"geo":{"latitudeDiff":0,"longitudeDiff":0},"data":{"properties":{"file_number":"6009320","jurisdiction":"BVI","name":"KRIMS INVESTMENTS INC.","status":"MOR","inactivationDate":"01-NOV-2013","struck_off_date":"31-OCT-2013","registrationDate":"11-JAN-2010"},"categories":{"0":"Company"},"statistics":{"digest":{"0":{"edgeType":"is officer of","nodeCategories":{"0":"Officer"},"nodes":3,"edges":3},"1":{"edgeType":"registered","nodeCategories":{"0":"Client"},"nodes":1,"edges":1}},"edgeCount":4,"visibleEdgeCount":4,"hiddenEdgeCount":0}},"label":"KRIMS INVESTMENTS INC.","x":-153.32903111774618,"y":-138.93917314566335,"fixed":true,"size":1,"glyphs":{"0":{"draw":false,"position":"top-right","content":"0"},"1":{"draw":true,"position":"bottom-right","font":"FontAwesome","textColor":"#000","content":""}},"active":false,"color":"#420e00","icon":{"font":"FontAwesome","scale":1,"color":"#fff","content":""},"fa2_x":-138.277,"fa2_y":-122.872,"colors":{"0":"#420e00"},"read_cam0:size":5,"read_cam0:x":-153.32903111774618,"read_cam0:y":-138.93917314566335,"renderer1:x":999.0225339882536,"renderer1:y":108.96350494788038,"renderer1:size":12.36997151718707},{"id":557142,"nodelink":{"x":19.39,"y":-128.262,"fixed":true},"geo":{"latitudeDiff":0,"longitudeDiff":0},"data":{"properties":{"name":"P.H. Edificio Mossfon; Segundo Piso; Calle 54; Ciudad de Panamá; República de Panamá"},"categories":{"0":"Address"},"statistics":{"digest":{"0":{"edgeType":"registered address","nodeCategories":{"0":"Officer"},"nodes":1,"edges":1}},"edgeCount":1,"visibleEdgeCount":1,"hiddenEdgeCount":0}},"label":"P.H. Edificio Mossfon; Segundo Piso; Calle 54; Ciudad de Panamá; República de Panamá","x":11.61449218479217,"y":-138.93917314566335,"fixed":true,"size":1,"glyphs":{"0":{"draw":false,"position":"top-right","content":"0"},"1":{"draw":true,"position":"bottom-right","font":"FontAwesome","textColor":"#000","content":""}},"active":false,"color":"#937c6f","icon":{"font":"FontAwesome","scale":1,"color":"#fff","content":""},"fa2_x":19.39,"fa2_y":-128.262,"colors":{"0":"#937c6f"},"read_cam0:size":5,"read_cam0:x":11.61449218479217,"read_cam0:y":-138.93917314566335,"renderer1:x":1510.8029185096489,"renderer1:y":108.96350494788038,"renderer1:size":12.36997151718707},{"id":393287,"nodelink":{"x":-47.989,"y":-91.204,"fixed":true},"geo":{"latitudeDiff":0,"longitudeDiff":0},"data":{"properties":{"name":"Mrs. Uttara KEJRIWAL","certificateNumber":"1","numbershares":"50,000","classofshares":"","dateofissue":"11-01-2010","ceasedmembership":"08-06-2010","transferdate":"","sharestransferred":"","newcertificate":"","custodianname":"","custodianaddress":"","citizenship":"NO","pep":"NO","rst":"NOT NEGATIVE RESULT","registerlocation":"Akara Building   24 de Castro Street   Wickhams Cay I   Road Town   Tortola   British Virgin Islands"},"categories":{"0":"Officer"},"statistics":{"digest":{"0":{"edgeType":"has similar name and address as","nodeCategories":{"0":"Officer"},"nodes":1,"edges":1},"1":{"edgeType":"registered address","nodeCategories":{"0":"Address"},"nodes":1,"edges":1},"2":{"edgeType":"is officer of","nodeCategories":{"0":"Company"},"nodes":1,"edges":1}},"edgeCount":3,"visibleEdgeCount":3,"hiddenEdgeCount":0}},"label":"Mrs. Uttara KEJRIWAL","x":-65.46695824743982,"y":-128.15855070758892,"fixed":true,"size":1,"glyphs":{"0":{"draw":false,"position":"top-right","content":"0"},"1":{"draw":true,"position":"bottom-right","font":"FontAwesome","textColor":"#000","content":""}},"active":false,"color":"#be4400","icon":{"font":"FontAwesome","scale":1,"color":"#fff","content":""},"fa2_x":-47.989,"fa2_y":-91.204,"colors":{"0":"#be4400"},"read_cam0:size":5,"read_cam0:x":-65.46695824743982,"read_cam0:y":-128.15855070758892,"renderer1:x":1271.637575416317,"renderer1:y":142.4132032826122,"renderer1:size":12.36997151718707},{"id":375779,"nodelink":{"x":30.844,"y":-44.712,"fixed":true},"geo":{"latitudeDiff":0,"longitudeDiff":0},"data":{"properties":{"name":"MRS. UTTARA KEJRIWAL","certificateNumber":"4","numbershares":"1,000","classofshares":"","dateofissue":"21-05-2007","ceasedmembership":"02-08-2007","transferdate":"","sharestransferred":"","newcertificate":"","custodianname":"","custodianaddress":"","citizenship":"NO","pep":"NO","rst":"NOT NEGATIVE RESULT","registerlocation":"MF Gva data base"},"categories":{"0":"Officer"},"statistics":{"digest":{"0":{"edgeType":"has similar name and address as","nodeCategories":{"0":"Officer"},"nodes":1,"edges":1},"1":{"edgeType":"registered address","nodeCategories":{"0":"Address"},"nodes":1,"edges":1},"2":{"edgeType":"is officer of","nodeCategories":{"0":"Company"},"nodes":1,"edges":1}},"edgeCount":3,"visibleEdgeCount":3,"hiddenEdgeCount":0}},"label":"MRS. UTTARA KEJRIWAL","x":-64.38889600363237,"y":-97.43377675907688,"fixed":true,"size":1,"glyphs":{"0":{"draw":false,"position":"top-right","content":"0"},"1":{"draw":true,"position":"bottom-right","font":"FontAwesome","textColor":"#000","content":""}},"active":false,"color":"#be4400","icon":{"font":"FontAwesome","scale":1,"color":"#fff","content":""},"fa2_x":30.844,"fa2_y":-44.712,"colors":{"0":"#be4400"},"read_cam0:size":5,"read_cam0:x":-64.38889600363237,"read_cam0:y":-97.43377675907688,"renderer1:x":1274.9825452497903,"renderer1:y":237.74484353659756,"renderer1:size":12.36997151718707},{"id":523734,"nodelink":{"x":25.454,"y":-97.942,"fixed":true},"geo":{"latitudeDiff":0,"longitudeDiff":0},"data":{"properties":{"name":"A23; 1st Floor; preet Vihar; Dehli 110092; India"},"categories":{"0":"Address"},"statistics":{"digest":{"0":{"edgeType":"registered address","nodeCategories":{"0":"Officer"},"nodes":1,"edges":1}},"edgeCount":1,"visibleEdgeCount":1,"hiddenEdgeCount":0}},"label":"A23; 1st Floor; preet Vihar; Dehli 110092; India","x":12.692554428599607,"y":-116.83889714761081,"fixed":true,"size":1,"glyphs":{"0":{"draw":false,"position":"top-right","content":"0"},"1":{"draw":true,"position":"bottom-right","font":"FontAwesome","textColor":"#000","content":""}},"active":false,"color":"#937c6f","icon":{"font":"FontAwesome","scale":1,"color":"#fff","content":""},"fa2_x":25.454,"fa2_y":-97.942,"colors":{"0":"#937c6f"},"read_cam0:size":5,"read_cam0:x":12.692554428599607,"read_cam0:y":-116.83889714761081,"renderer1:x":1514.1478883431218,"renderer1:y":177.53538653408043,"renderer1:size":12.36997151718707},{"id":375777,"nodelink":{"x":32.192,"y":3.8,"fixed":true},"geo":{"latitudeDiff":0,"longitudeDiff":0},"data":{"properties":{"name":"MRS. TARA KEJRIWAL","certificateNumber":"2","numbershares":"13,000","classofshares":"","dateofissue":"21-05-2007","ceasedmembership":"02-08-2007","transferdate":"","sharestransferred":"","newcertificate":"","custodianname":"","custodianaddress":"","citizenship":"NO","pep":"NO","rst":"NOT NEGATIVE RESULT","registerlocation":"MF Gva data base"},"categories":{"0":"Officer"},"statistics":{"digest":{"0":{"edgeType":"registered address","nodeCategories":{"0":"Address"},"nodes":1,"edges":1},"1":{"edgeType":"is officer of","nodeCategories":{"0":"Company"},"nodes":1,"edges":1}},"edgeCount":2,"visibleEdgeCount":2,"hiddenEdgeCount":0}},"label":"MRS. TARA KEJRIWAL","x":-63.31083375982493,"y":-72.09931402960204,"fixed":true,"size":1,"glyphs":{"0":{"draw":false,"position":"top-right","content":"0"},"1":{"draw":true,"position":"bottom-right","font":"FontAwesome","textColor":"#000","content":""}},"active":false,"color":"#be4400","icon":{"font":"FontAwesome","scale":1,"color":"#fff","content":""},"fa2_x":32.192,"fa2_y":3.8,"colors":{"0":"#be4400"},"read_cam0:size":5,"read_cam0:x":-63.31083375982493,"read_cam0:y":-72.09931402960204,"renderer1:x":1278.3275150832635,"renderer1:y":316.351634623217,"renderer1:size":12.36997151718707},{"id":523735,"nodelink":{"x":115.742,"y":-0.916,"fixed":true},"geo":{"latitudeDiff":0,"longitudeDiff":0},"data":{"properties":{"name":"A23 1ST FLOOR PREET VIHAR DELHI 110092 INDIA"},"categories":{"0":"Address"},"statistics":{"digest":{"0":{"edgeType":"registered address","nodeCategories":{"0":"Officer"},"nodes":6,"edges":6}},"edgeCount":6,"visibleEdgeCount":6,"hiddenEdgeCount":0}},"label":"A23 1ST FLOOR PREET VIHAR DELHI 110092 INDIA","x":27.78542584190376,"y":-83.95799871148388,"fixed":true,"size":1,"glyphs":{"0":{"draw":false,"position":"top-right","content":"0"},"1":{"draw":true,"position":"bottom-right","font":"FontAwesome","textColor":"#000","content":""}},"active":false,"color":"#937c6f","icon":{"font":"FontAwesome","scale":1,"color":"#fff","content":""},"fa2_x":115.742,"fa2_y":-0.916,"colors":{"0":"#937c6f"},"read_cam0:size":5,"read_cam0:x":27.78542584190376,"read_cam0:y":-83.95799871148388,"renderer1:x":1560.9774660117464,"renderer1:y":279.5569664550122,"renderer1:size":12.36997151718707},{"id":375778,"nodelink":{"x":31.518,"y":-9.002,"fixed":true},"geo":{"latitudeDiff":0,"longitudeDiff":0},"data":{"properties":{"name":"MR. ANURAG KEJRIWAL","certificateNumber":"3","numbershares":"11,500","classofshares":"","dateofissue":"21-05-2007","ceasedmembership":"02-08-2007","transferdate":"","sharestransferred":"","newcertificate":"","custodianname":"","custodianaddress":"","citizenship":"NO","pep":"NO","rst":"NOT NEGATIVE RESULT","registerlocation":"MF Gva data base"},"categories":{"0":"Officer"},"statistics":{"digest":{"0":{"edgeType":"registered address","nodeCategories":{"0":"Address"},"nodes":1,"edges":1},"1":{"edgeType":"is officer of","nodeCategories":{"0":"Company"},"nodes":1,"edges":1}},"edgeCount":2,"visibleEdgeCount":2,"hiddenEdgeCount":0}},"label":"MR. ANURAG KEJRIWAL","x":-63.31083375982493,"y":-80.72381198006157,"fixed":true,"size":1,"glyphs":{"0":{"draw":false,"position":"top-right","content":"0"},"1":{"draw":true,"position":"bottom-right","font":"FontAwesome","textColor":"#000","content":""}},"active":false,"color":"#be4400","icon":{"font":"FontAwesome","scale":1,"color":"#fff","content":""},"fa2_x":31.518,"fa2_y":-9.002,"colors":{"0":"#be4400"},"read_cam0:size":5,"read_cam0:x":-63.31083375982493,"read_cam0:y":-80.72381198006157,"renderer1:x":1278.3275150832635,"renderer1:y":289.59187595543165,"renderer1:size":12.36997151718707},{"id":375780,"nodelink":{"x":32.866,"y":16.602,"fixed":true},"geo":{"latitudeDiff":0,"longitudeDiff":0},"data":{"properties":{"name":"Anurag KEJRIWAL","certificateNumber":"5","numbershares":"10,950","classofshares":"","dateofissue":"02-08-2007","ceasedmembership":"15-12-2008","transferdate":"","sharestransferred":"","newcertificate":"","custodianname":"","custodianaddress":"","citizenship":"NO","pep":"NO","rst":"NOT NEGATIVE RESULT","registerlocation":"MF Gva data base"},"categories":{"0":"Officer"},"statistics":{"digest":{"0":{"edgeType":"registered address","nodeCategories":{"0":"Address"},"nodes":1,"edges":1},"1":{"edgeType":"is officer of","nodeCategories":{"0":"Company"},"nodes":1,"edges":1}},"edgeCount":2,"visibleEdgeCount":2,"hiddenEdgeCount":0}},"label":"Anurag KEJRIWAL","x":-62.23277151601749,"y":-64.01384720104623,"fixed":true,"size":1,"glyphs":{"0":{"draw":false,"position":"top-right","content":"0"},"1":{"draw":true,"position":"bottom-right","font":"FontAwesome","textColor":"#000","content":""}},"active":false,"color":"#be4400","icon":{"font":"FontAwesome","scale":1,"color":"#fff","content":""},"fa2_x":32.866,"fa2_y":16.602,"colors":{"0":"#be4400"},"read_cam0:size":5,"read_cam0:x":-62.23277151601749,"read_cam0:y":-64.01384720104623,"renderer1:x":1281.6724849167365,"renderer1:y":341.4389083742658,"renderer1:size":12.36997151718707},{"id":375781,"nodelink":{"x":31.518,"y":-20.456,"fixed":true},"geo":{"latitudeDiff":0,"longitudeDiff":0},"data":{"properties":{"name":"Tara KEJRIWAL","certificateNumber":"6","numbershares":"3,750","classofshares":"","dateofissue":"02-08-2007","ceasedmembership":"15-12-2008","transferdate":"","sharestransferred":"","newcertificate":"","custodianname":"","custodianaddress":"","citizenship":"NO","pep":"NO","rst":"NOT NEGATIVE RESULT","registerlocation":"MF Gva data base"},"categories":{"0":"Officer"},"statistics":{"digest":{"0":{"edgeType":"registered address","nodeCategories":{"0":"Address"},"nodes":1,"edges":1},"1":{"edgeType":"is officer of","nodeCategories":{"0":"Company"},"nodes":1,"edges":1}},"edgeCount":2,"visibleEdgeCount":2,"hiddenEdgeCount":0}},"label":"Tara KEJRIWAL","x":-64.38889600363237,"y":-88.27024768671363,"fixed":true,"size":1,"glyphs":{"0":{"draw":false,"position":"top-right","content":"0"},"1":{"draw":true,"position":"bottom-right","font":"FontAwesome","textColor":"#000","content":""}},"active":false,"color":"#be4400","icon":{"font":"FontAwesome","scale":1,"color":"#fff","content":""},"fa2_x":31.518,"fa2_y":-20.456,"colors":{"0":"#be4400"},"read_cam0:size":5,"read_cam0:x":-64.38889600363237,"read_cam0:y":-88.27024768671363,"renderer1:x":1274.9825452497903,"renderer1:y":266.1770871211195,"renderer1:size":12.36997151718707},{"id":375782,"nodelink":{"x":35.561,"y":31.426,"fixed":true},"geo":{"latitudeDiff":0,"longitudeDiff":0},"data":{"properties":{"name":"Uttara KEJRIWAL","certificateNumber":"7","numbershares":"300","classofshares":"","dateofissue":"02-08-2007","ceasedmembership":"15-12-2008","transferdate":"","sharestransferred":"","newcertificate":"","custodianname":"","custodianaddress":"","citizenship":"NO","pep":"NO","rst":"NOT NEGATIVE RESULT","registerlocation":"MF Gva data base"},"categories":{"0":"Officer"},"statistics":{"digest":{"0":{"edgeType":"registered address","nodeCategories":{"0":"Address"},"nodes":1,"edges":1},"1":{"edgeType":"is officer of","nodeCategories":{"0":"Company"},"nodes":1,"edges":1}},"edgeCount":2,"visibleEdgeCount":2,"hiddenEdgeCount":0}},"label":"Uttara KEJRIWAL","x":-60.07664702840262,"y":-55.92838037249045,"fixed":true,"size":1,"glyphs":{"0":{"draw":false,"position":"top-right","content":"0"},"1":{"draw":true,"position":"bottom-right","font":"FontAwesome","textColor":"#000","content":""}},"active":false,"color":"#be4400","icon":{"font":"FontAwesome","scale":1,"color":"#fff","content":""},"fa2_x":35.561,"fa2_y":31.426,"colors":{"0":"#be4400"},"read_cam0:size":5,"read_cam0:x":-60.07664702840262,"read_cam0:y":-55.92838037249045,"renderer1:x":1288.362424583683,"renderer1:y":366.52618212531456,"renderer1:size":12.36997151718707},{"id":375776,"nodelink":{"x":32.192,"y":-31.237,"fixed":true},"geo":{"latitudeDiff":0,"longitudeDiff":0},"data":{"properties":{"name":"Anurag Intex (Chem) Private Limited","certificateNumber":"1","numbershares":"24,500","classofshares":"","dateofissue":"21-05-2007","ceasedmembership":"02-08-2007","transferdate":"","sharestransferred":"","newcertificate":"","custodianname":"","custodianaddress":"","citizenship":"NO","pep":"NO","rst":"NOT NEGATIVE RESULT","registerlocation":"MF Gva data base"},"categories":{"0":"Officer"},"statistics":{"digest":{"0":{"edgeType":"registered address","nodeCategories":{"0":"Address"},"nodes":1,"edges":1},"1":{"edgeType":"is officer of","nodeCategories":{"0":"Company"},"nodes":1,"edges":1}},"edgeCount":2,"visibleEdgeCount":2,"hiddenEdgeCount":0}},"label":"Anurag Intex (Chem) Private Limited","x":-59.537615906498885,"y":-47.84291354393463,"fixed":true,"size":1,"glyphs":{"0":{"draw":false,"position":"top-right","content":"0"},"1":{"draw":true,"position":"bottom-right","font":"FontAwesome","textColor":"#000","content":""}},"active":false,"color":"#be4400","icon":{"font":"FontAwesome","scale":1,"color":"#fff","content":""},"fa2_x":32.192,"fa2_y":-31.237,"colors":{"0":"#be4400"},"read_cam0:size":5,"read_cam0:x":-59.537615906498885,"read_cam0:y":-47.84291354393463,"renderer1:x":1290.0349095004194,"renderer1:y":391.6134558763634,"renderer1:size":12.36997151718707},{"id":211515,"nodelink":{"x":-141.646,"y":16.602,"fixed":true},"geo":{"latitudeDiff":0,"longitudeDiff":0},"data":{"properties":{"file_number":"703786","jurisdiction":"PMA","name":"The Pruak Foundation","status":"MOR","inactivationDate":"16-JUL-2013","struck_off_date":"15-JUL-2013","registrationDate":"19-MAY-2010"},"categories":{"0":"Company"},"statistics":{"digest":{"0":{"edgeType":"is officer of","nodeCategories":{"0":"Officer"},"nodes":1,"edges":1},"1":{"edgeType":"registered","nodeCategories":{"0":"Client"},"nodes":1,"edges":1}},"edgeCount":2,"visibleEdgeCount":2,"hiddenEdgeCount":0}},"label":"The Pruak Foundation","x":-140.93131531396062,"y":-64.55287832294995,"fixed":true,"size":1,"glyphs":{"0":{"draw":false,"position":"top-right","content":"0"},"1":{"draw":true,"position":"bottom-right","font":"FontAwesome","textColor":"#000","content":""}},"active":false,"color":"#420e00","icon":{"font":"FontAwesome","scale":1,"color":"#fff","content":""},"fa2_x":-141.646,"fa2_y":16.602,"colors":{"0":"#420e00"},"read_cam0:size":5,"read_cam0:x":-140.93131531396062,"read_cam0:y":-64.55287832294995,"renderer1:x":1037.489687073195,"renderer1:y":339.76642345752924,"renderer1:size":12.36997151718707},{"id":514762,"nodelink":{"x":113.72,"y":-29.215,"fixed":true},"geo":{"latitudeDiff":0,"longitudeDiff":0},"data":{"properties":{"name":"3RD FLOOR NEELAM APARTMENTS 61B PARK STREET KOLKATA 700016 INDIA"},"categories":{"0":"Address"},"statistics":{"digest":{"0":{"edgeType":"registered address","nodeCategories":{"0":"Officer"},"nodes":1,"edges":1}},"edgeCount":1,"visibleEdgeCount":1,"hiddenEdgeCount":0}},"label":"3RD FLOOR NEELAM APARTMENTS 61B PARK STREET KOLKATA 700016 INDIA","x":49.346670718052565,"y":-47.84291354393463,"fixed":true,"size":1,"glyphs":{"0":{"draw":false,"position":"top-right","content":"0"},"1":{"draw":true,"position":"bottom-right","font":"FontAwesome","textColor":"#000","content":""}},"active":false,"color":"#937c6f","icon":{"font":"FontAwesome","scale":1,"color":"#fff","content":""},"fa2_x":113.72,"fa2_y":-29.215,"colors":{"0":"#937c6f"},"read_cam0:size":5,"read_cam0:x":49.346670718052565,"read_cam0:y":-47.84291354393463,"renderer1:x":1627.8768626812098,"renderer1:y":391.6134558763634,"renderer1:size":12.36997151718707},{"id":667751,"data":{"properties":{"name":"Anurag Kejriwal"},"categories":{"0":"Officer"},"statistics":{"digest":{"0":{"edgeType":"is officer of","nodeCategories":{"0":"Company"},"nodes":6,"edges":6}},"edgeCount":6,"visibleEdgeCount":6,"hiddenEdgeCount":0}},"x":-59.537615906498885,"y":-37.60132222776396,"label":"Anurag Kejriwal","size":1,"glyphs":{"0":{"draw":false,"position":"top-right","content":"0"},"1":{"draw":true,"position":"bottom-right","font":"FontAwesome","textColor":"#000","content":""}},"color":"#be4400","icon":{"font":"FontAwesome","scale":1,"color":"#fff","content":""},"fa2_x":-95.7549819946289,"fa2_y":33.07255172729492,"active":true,"colors":{"0":"#be4400"},"fixed":true,"read_cam0:size":5,"read_cam0:x":-59.537615906498885,"read_cam0:y":-37.60132222776396,"renderer1:x":1290.0349095004194,"renderer1:y":423.3906692943585,"renderer1:size":12.36997151718707}],"edges":[{"id":725320,"source":583363,"target":118187,"data":{"properties":{},"type":"registered"},"label":"registered","size":1,"active":false,"color":"#8a6960","hover":false,"read_cam0:size":2,"renderer1:size":4.947988606874828},{"id":737165,"source":583363,"target":186424,"data":{"properties":{},"type":"registered"},"label":"registered","size":1,"active":false,"color":"#8a6960","hover":false,"read_cam0:size":2,"renderer1:size":4.947988606874828},{"id":740032,"source":583363,"target":114292,"data":{"properties":{},"type":"registered"},"label":"registered","size":1,"active":false,"color":"#8a6960","hover":false,"read_cam0:size":2,"renderer1:size":4.947988606874828},{"id":745631,"source":583363,"target":195448,"data":{"properties":{},"type":"registered"},"label":"registered","size":1,"active":false,"color":"#8a6960","hover":false,"read_cam0:size":2,"renderer1:size":4.947988606874828},{"id":766917,"source":583363,"target":211515,"data":{"properties":{},"type":"registered"},"label":"registered","size":1,"active":false,"color":"#8a6960","hover":false,"read_cam0:size":2,"renderer1:size":4.947988606874828},{"id":770141,"source":583363,"target":225354,"data":{"properties":{},"type":"registered"},"label":"registered","size":1,"active":false,"color":"#8a6960","hover":false,"read_cam0:size":2,"renderer1:size":4.947988606874828},{"id":234808,"source":375778,"target":523735,"data":{"properties":{},"type":"registered address"},"label":"registered address","size":1,"active":false,"color":"#baaba3","hover":false,"read_cam0:size":2,"renderer1:size":4.947988606874828},{"id":246629,"source":375777,"target":523735,"data":{"properties":{},"type":"registered address"},"label":"registered address","size":1,"active":false,"color":"#baaba3","hover":false,"read_cam0:size":2,"renderer1:size":4.947988606874828},{"id":286853,"source":375783,"target":547603,"data":{"properties":{},"type":"registered address"},"label":"registered address","size":1,"active":false,"color":"#baaba3","hover":false,"read_cam0:size":2,"renderer1:size":4.947988606874828},{"id":307286,"source":375781,"target":523735,"data":{"properties":{},"type":"registered address"},"label":"registered address","size":1,"active":false,"color":"#baaba3","hover":false,"read_cam0:size":2,"renderer1:size":4.947988606874828},{"id":313595,"source":375780,"target":523735,"data":{"properties":{},"type":"registered address"},"label":"registered address","size":1,"active":false,"color":"#baaba3","hover":false,"read_cam0:size":2,"renderer1:size":4.947988606874828},{"id":348432,"source":375779,"target":393287,"data":{"properties":{"simil":1},"type":"has similar name and address as"},"label":"has similar name and address as","size":1,"active":false,"color":"#d48a60","hover":false,"read_cam0:size":2,"renderer1:size":4.947988606874828},{"id":818075,"source":375779,"target":523735,"data":{"properties":{},"type":"registered address"},"label":"registered address","size":1,"active":false,"color":"#baaba3","hover":false,"read_cam0:size":2,"renderer1:size":4.947988606874828},{"id":834689,"source":375782,"target":523735,"data":{"properties":{},"type":"registered address"},"label":"registered address","size":1,"active":false,"color":"#baaba3","hover":false,"read_cam0:size":2,"renderer1:size":4.947988606874828},{"id":863290,"source":375776,"target":514762,"data":{"properties":{},"type":"registered address"},"label":"registered address","size":1,"active":false,"color":"#baaba3","hover":false,"read_cam0:size":2,"renderer1:size":4.947988606874828},{"id":294613,"source":393288,"target":557142,"data":{"properties":{},"type":"registered address"},"label":"registered address","size":1,"active":false,"color":"#baaba3","hover":false,"read_cam0:size":2,"renderer1:size":4.947988606874828},{"id":820607,"source":393287,"target":523734,"data":{"properties":{},"type":"registered address"},"label":"registered address","size":1,"active":false,"color":"#baaba3","hover":false,"read_cam0:size":2,"renderer1:size":4.947988606874828},{"id":301817,"source":388661,"target":535773,"data":{"properties":{},"type":"registered address"},"label":"registered address","size":1,"active":false,"color":"#baaba3","hover":false,"read_cam0:size":2,"renderer1:size":4.947988606874828},{"id":243704,"source":396540,"target":547594,"data":{"properties":{},"type":"registered address"},"label":"registered address","size":1,"active":false,"color":"#baaba3","hover":false,"read_cam0:size":2,"renderer1:size":4.947988606874828},{"id":69483,"source":667751,"target":225354,"data":{"properties":{"name":"Beneficial Owner","date_start":"15/12/2008","date_end":""},"type":"is officer of"},"label":"Beneficial Owner","size":1,"color":"#d48a60","active":false,"hover":false,"read_cam0:size":2,"renderer1:size":4.947988606874828},{"id":69484,"source":667751,"target":211515,"data":{"properties":{"name":"Beneficial Owner","date_start":"23/06/2010","date_end":""},"type":"is officer of"},"label":"Beneficial Owner","size":1,"color":"#d48a60","active":false,"hover":false,"read_cam0:size":2,"renderer1:size":4.947988606874828},{"id":69485,"source":667751,"target":118187,"data":{"properties":{"name":"Director","date_start":"21/05/2007","date_end":""},"type":"is officer of"},"label":"Director","size":1,"color":"#d48a60","active":false,"hover":false,"read_cam0:size":2,"renderer1:size":4.947988606874828},{"id":69486,"source":667751,"target":186424,"data":{"properties":{"name":"Director","date_start":"27/04/2009","date_end":""},"type":"is officer of"},"label":"Director","size":1,"color":"#d48a60","active":false,"hover":false,"read_cam0:size":2,"renderer1:size":4.947988606874828},{"id":69487,"source":667751,"target":195448,"data":{"properties":{"name":"Director / Shareholder","date_start":"11/01/2010","date_end":"07/06/2010"},"type":"is officer of"},"label":"Director / Shareholder","size":1,"color":"#d48a60","active":false,"hover":false,"read_cam0:size":2,"renderer1:size":4.947988606874828},{"id":69488,"source":667751,"target":114292,"data":{"properties":{"name":"Power of Attorney","date_start":"01/07/2010","date_end":""},"type":"is officer of"},"label":"Power of Attorney","size":1,"color":"#d48a60","active":false,"hover":false,"read_cam0:size":2,"renderer1:size":4.947988606874828},{"id":430172,"source":393287,"target":195448,"data":{"properties":{"name":"Shareholder"},"type":"is officer of"},"label":"Shareholder","size":1,"color":"#d48a60","active":false,"hover":false,"read_cam0:size":2,"renderer1:size":4.947988606874828},{"id":430173,"source":393288,"target":195448,"data":{"properties":{"name":"Shareholder"},"type":"is officer of"},"label":"Shareholder","size":1,"color":"#d48a60","active":false,"hover":false,"read_cam0:size":2,"renderer1:size":4.947988606874828},{"id":429125,"source":396540,"target":114292,"data":{"properties":{"name":"Shareholder"},"type":"is officer of"},"label":"Shareholder","size":1,"color":"#d48a60","active":false,"hover":false,"read_cam0:size":2,"renderer1:size":4.947988606874828},{"id":560945,"source":388661,"target":186424,"data":{"properties":{"name":"Shareholder"},"type":"is officer of"},"label":"Shareholder","size":1,"color":"#d48a60","active":false,"hover":false,"read_cam0:size":2,"renderer1:size":4.947988606874828},{"id":21551,"source":375777,"target":118187,"data":{"properties":{"name":"Shareholder"},"type":"is officer of"},"label":"Shareholder","size":1,"color":"#d48a60","hover":false,"active":false,"read_cam0:size":2,"renderer1:size":4.947988606874828},{"id":21552,"source":375783,"target":118187,"data":{"properties":{"name":"Shareholder"},"type":"is officer of"},"label":"Shareholder","size":1,"color":"#d48a60","hover":false,"active":false,"read_cam0:size":2,"renderer1:size":4.947988606874828},{"id":21553,"source":375779,"target":118187,"data":{"properties":{"name":"Shareholder"},"type":"is officer of"},"label":"Shareholder","size":1,"color":"#d48a60","hover":false,"active":false,"read_cam0:size":2,"renderer1:size":4.947988606874828},{"id":21554,"source":375776,"target":118187,"data":{"properties":{"name":"Shareholder"},"type":"is officer of"},"label":"Shareholder","size":1,"color":"#d48a60","hover":false,"active":false,"read_cam0:size":2,"renderer1:size":4.947988606874828},{"id":21555,"source":375780,"target":118187,"data":{"properties":{"name":"Shareholder"},"type":"is officer of"},"label":"Shareholder","size":1,"color":"#d48a60","active":false,"read_cam0:size":2,"renderer1:size":4.947988606874828},{"id":21556,"source":375778,"target":118187,"data":{"properties":{"name":"Shareholder"},"type":"is officer of"},"label":"Shareholder","size":1,"color":"#d48a60","active":false,"read_cam0:size":2,"renderer1:size":4.947988606874828},{"id":21557,"source":375782,"target":118187,"data":{"properties":{"name":"Shareholder"},"type":"is officer of"},"label":"Shareholder","size":1,"color":"#d48a60","hover":false,"active":false,"read_cam0:size":2,"renderer1:size":4.947988606874828},{"id":21558,"source":375781,"target":118187,"data":{"properties":{"name":"Shareholder"},"type":"is officer of"},"label":"Shareholder","size":1,"color":"#d48a60","active":false,"read_cam0:size":2,"renderer1:size":4.947988606874828}]}