{"nodes":[{"id":106064,"nodelink":{"x":-15.721,"y":11.213},"geo":{"latitudeDiff":0,"longitudeDiff":0},"selected":true,"data":{"properties":{"file_number":"35286","jurisdiction":"PMA","name":"RINCONADA INVESTMENTS GROUP S.A.","status":"MOR","inactivationDate":"20-JAN-2010","struck_off_date":"15-JAN-2013","registrationDate":"18-NOV-2005"},"categories":{"0":"Company"},"statistics":{"digest":{"0":{"edgeType":"is officer of","nodeCategories":{"0":"Officer"},"nodes":2,"edges":2},"1":{"edgeType":"registered","nodeCategories":{"0":"Client"},"nodes":1,"edges":1}},"edgeCount":3,"visibleEdgeCount":3,"hiddenEdgeCount":0}},"label":"RINCONADA INVESTMENTS GROUP S.A.","x":2.486187672615052,"y":5.816649179905651,"fixed":true,"size":1,"glyphs":{"0":{"draw":false,"position":"top-right","content":"0"},"1":{"draw":true,"position":"bottom-right","font":"FontAwesome","textColor":"#000","content":""}},"active":false,"color":"#420e00","icon":{"font":"FontAwesome","scale":1,"color":"#fff","content":""},"fa2_x":1.9440672874450686,"fa2_y":13.830353139340875,"colors":{"0":"#420e00"},"read_cam0:size":5,"read_cam0:x":2.486187672615052,"read_cam0:y":5.816649179905651,"renderer1:x":1284,"renderer1:y":323.00000000000006,"renderer1:size":31.547867224009664},{"id":437636,"nodelink":{"x":16.331,"y":-10.251},"geo":{"latitudeDiff":0,"longitudeDiff":0},"data":{"properties":{"name":"THE BEARER","certificateNumber":"1","numbershares":"100","classofshares":"","dateofissue":"18-11-2005","ceasedmembership":"","transferdate":"","sharestransferred":"","newcertificate":"","custodianname":"","custodianaddress":"","citizenship":"NO","pep":"NO","rst":"NOT NEGATIVE RESULT","registerlocation":""},"categories":{"0":"Officer"},"statistics":{"digest":{"0":{"edgeType":"is officer of","nodeCategories":{"0":"Company"},"nodes":1,"edges":1}},"edgeCount":1,"visibleEdgeCount":1,"hiddenEdgeCount":0}},"label":"THE BEARER","x":19.986187672615053,"y":24.716649179905644,"fixed":true,"size":1,"glyphs":{"0":{"draw":false,"position":"top-right","content":"0"},"1":{"draw":true,"position":"bottom-right","font":"FontAwesome","textColor":"#000","content":""}},"active":false,"color":"#be4400","icon":{"font":"FontAwesome","scale":1,"color":"#fff","content":""},"fa2_x":13.341490745544434,"fa2_y":17.896970748901367,"colors":{"0":"#be4400"},"read_cam0:size":5,"read_cam0:x":19.986187672615053,"read_cam0:y":24.716649179905644,"renderer1:x":1459,"renderer1:y":512,"renderer1:size":31.547867224009664},{"id":581722,"nodelink":{"x":0.177,"y":0.065},"geo":{"latitudeDiff":0,"longitudeDiff":0},"data":{"properties":{"name":"GESTRUST S.A.","status":"ACTIVE","client_number":"17467","client_name":"GESTRUST S.A.","prospect_date":"14-DEC-2004","active_since":"24-JUN-2008","country":"SWITZERLAND","city":"GENEVE","former_name":"","cross_reference":"FIMECO ASSOCIES SA","activity":"FIDUCIARY","classification":"Special rates","subclassification":"","region":"GENEVA OFFICE PROFESSIONAL CLIENTS","compliance_classification":"INTRODUCER"},"categories":{"0":"Client"},"statistics":{"digest":{"0":{"edgeType":"registered","nodeCategories":{"0":"Company"},"nodes":493,"edges":493}},"edgeCount":493,"visibleEdgeCount":1,"hiddenEdgeCount":492}},"label":"GESTRUST S.A.","x":-15.813812327384948,"y":17.516649179905652,"fixed":true,"size":1,"glyphs":{"0":{"draw":true,"position":"top-right","content":"492"},"1":{"draw":true,"position":"bottom-right","font":"FontAwesome","textColor":"#000","content":""}},"active":false,"color":"#851d00","icon":{"font":"FontAwesome","scale":1,"color":"#fff","content":""},"fa2_x":0.5839768648147583,"fa2_y":22.619855880737305,"colors":{"0":"#851d00"},"read_cam0:size":5,"read_cam0:x":-15.813812327384948,"read_cam0:y":17.516649179905652,"renderer1:x":1101,"renderer1:y":440.00000000000006,"renderer1:size":31.547867224009664},{"id":667732,"data":{"properties":{"name":"Micaela Domecq Solís-Beaumont"},"categories":{"0":"Officer"},"statistics":{"digest":{"0":{"edgeType":"is officer of","nodeCategories":{"0":"Company"},"nodes":1,"edges":1}},"edgeCount":1,"visibleEdgeCount":1,"hiddenEdgeCount":0}},"label":"Micaela Domecq Solís-Beaumont","x":-7.61381232738495,"y":-5.88335082009435,"size":1,"glyphs":{"0":{"draw":false,"position":"top-right","content":"0"},"1":{"draw":true,"position":"bottom-right","font":"FontAwesome","textColor":"#000","content":""}},"colors":{"0":"#be4400"},"color":"#be4400","icon":{"font":"FontAwesome","scale":1,"color":"#fff","content":""},"active":true,"fa2_x":-3.371691942214966,"fa2_y":-0.09705477952957153,"fixed":true,"read_cam0:size":5,"read_cam0:x":-7.61381232738495,"read_cam0:y":-5.88335082009435,"renderer1:x":1183,"renderer1:y":206.00000000000003,"renderer1:size":31.547867224009664}],"edges":[{"id":667240,"source":581722,"target":106064,"data":{"properties":{},"type":"registered"},"label":"registered","size":1,"active":false,"color":"#8a6960","hover":false,"read_cam0:size":2,"renderer1:size":12.619146889603865},{"id":450377,"source":437636,"target":106064,"data":{"properties":{"name":"Shareholder"},"type":"is officer of"},"label":"Shareholder","size":1,"color":"#d48a60","hover":false,"active":false,"read_cam0:size":2,"renderer1:size":12.619146889603865},{"id":69453,"source":667732,"target":106064,"data":{"properties":{"name":"Authorized signatory","date_start":"2005","date_end":""},"type":"is officer of"},"label":"Authorized signatory","size":1,"color":"#d48a60","active":false,"hover":false,"read_cam0:size":2,"renderer1:size":12.619146889603865}]}