{"nodes":[{"id":378028,"nodelink":{"x":44.558,"y":-13.03,"fixed":true},"geo":{"latitudeDiff":0,"longitudeDiff":0},"data":{"properties":{"name":"Mohammad Bin Naif Bin Abdulaziz Al Saud","certificateNumber":"1","numbershares":"50,000","classofshares":"","dateofissue":"17-09-2007","ceasedmembership":"","transferdate":"","sharestransferred":"","newcertificate":"","custodianname":"","custodianaddress":"","citizenship":"NO","pep":"NO","rst":"NOT NEGATIVE RESULT","registerlocation":"69   BOULEVARD HAUSSMANN 75008 PARIS FRANCE"},"categories":{"0":"Officer"},"statistics":{"digest":{"0":{"edgeType":"registered address","nodeCategories":{"0":"Address"},"nodes":1,"edges":1},"1":{"edgeType":"is officer of","nodeCategories":{"0":"Company"},"nodes":2,"edges":3}},"edgeCount":4,"visibleEdgeCount":4,"hiddenEdgeCount":0}},"label":"Mohammad Bin Naif Bin Abdulaziz Al Saud","x":44.558,"y":-13.03,"fixed":true,"size":1,"glyphs":{"0":{"draw":false,"position":"top-right","content":"0"}},"active":false,"color":"#be4400","icon":{"font":"FontAwesome","scale":1,"color":"#fff","content":""},"fa2_x":44.558,"fa2_y":-13.03,"colors":{"0":"#be4400"},"read_cam0:size":5,"read_cam0:x":44.558,"read_cam0:y":-13.03,"renderer1:x":1467.5,"renderer1:y":291.5,"renderer1:size":31.547867224009664},{"id":17197,"nodelink":{"x":16.476,"y":-20.63,"fixed":true},"geo":{"latitudeDiff":0,"longitudeDiff":0},"selected":true,"data":{"properties":{"file_number":"589790","jurisdiction":"BVI","name":"ALYNETH LIMITED","status":"INA","inactivationDate":"31-JUL-2015","struck_off_date":"30-APR-2017","registrationDate":"17-SEP-2007"},"categories":{"0":"Company"},"statistics":{"digest":{"0":{"edgeType":"is officer of","nodeCategories":{"0":"Officer"},"nodes":1,"edges":2},"1":{"edgeType":"registered","nodeCategories":{"0":"Client"},"nodes":1,"edges":1}},"edgeCount":3,"visibleEdgeCount":3,"hiddenEdgeCount":0}},"label":"ALYNETH LIMITED","x":16.476,"y":-20.63,"fixed":true,"size":1,"glyphs":{"0":{"draw":false,"position":"top-right","content":"0"}},"active":false,"color":"#420e00","icon":{"font":"FontAwesome","scale":1,"color":"#fff","content":""},"fa2_x":16.476,"fa2_y":-20.63,"colors":{"0":"#420e00"},"read_cam0:size":5,"read_cam0:x":16.476,"read_cam0:y":-20.63,"renderer1:x":1186.68,"renderer1:y":215.50000000000003,"renderer1:size":31.547867224009664},{"id":559279,"nodelink":{"x":60.558,"y":-3.93,"fixed":true},"geo":{"latitudeDiff":0,"longitudeDiff":0},"data":{"properties":{"name":"PO BOX 50498 - Riyadh 11523 - Saudi Arabia"},"categories":{"0":"Address"},"statistics":{"digest":{"0":{"edgeType":"registered address","nodeCategories":{"0":"Officer"},"nodes":1,"edges":1}},"edgeCount":1,"visibleEdgeCount":1,"hiddenEdgeCount":0}},"label":"PO BOX 50498 - Riyadh 11523 - Saudi Arabia","x":60.558,"y":-3.93,"fixed":true,"size":1,"glyphs":{"0":{"draw":false,"position":"top-right","content":"0"}},"active":false,"color":"#937c6f","icon":{"font":"FontAwesome","scale":1,"color":"#fff","content":""},"fa2_x":60.558,"fa2_y":-3.93,"colors":{"0":"#937c6f"},"read_cam0:size":5,"read_cam0:x":60.558,"read_cam0:y":-3.93,"renderer1:x":1627.5,"renderer1:y":382.5,"renderer1:size":31.547867224009664},{"id":74711,"nodelink":{"x":17.258,"y":-0.73,"fixed":true},"geo":{"latitudeDiff":0,"longitudeDiff":0},"data":{"properties":{"file_number":"44776","jurisdiction":"PMA","name":"HAVELOCK CAPITAL CORPORATION","status":"MOR","inactivationDate":"08-APR-2014","struck_off_date":"15-JAN-2016","registrationDate":"21-SEP-2007"},"categories":{"0":"Company"},"statistics":{"digest":{"0":{"edgeType":"is officer of","nodeCategories":{"0":"Officer"},"nodes":2,"edges":2},"1":{"edgeType":"registered","nodeCategories":{"0":"Client"},"nodes":1,"edges":1}},"edgeCount":3,"visibleEdgeCount":3,"hiddenEdgeCount":0}},"label":"HAVELOCK CAPITAL CORPORATION","x":17.258,"y":-0.73,"fixed":true,"size":1,"glyphs":{"0":{"draw":false,"position":"top-right","content":"0"}},"active":true,"color":"#420e00","icon":{"font":"FontAwesome","scale":1,"color":"#fff","content":""},"fa2_x":17.258,"fa2_y":-0.73,"colors":{"0":"#420e00"},"read_cam0:size":5,"read_cam0:x":17.258,"read_cam0:y":-0.73,"renderer1:x":1194.5,"renderer1:y":414.5,"renderer1:size":31.547867224009664},{"id":447863,"nodelink":{"x":46.458,"y":8.07,"fixed":true},"geo":{"latitudeDiff":0,"longitudeDiff":0},"data":{"properties":{"name":"THE BEARER","certificateNumber":"1","numbershares":"100","classofshares":"","dateofissue":"21-09-2007","ceasedmembership":"","transferdate":"","sharestransferred":"","newcertificate":"","custodianname":"","custodianaddress":"","citizenship":"NO","pep":"NO","rst":"NOT NEGATIVE RESULT","registerlocation":""},"categories":{"0":"Officer"},"statistics":{"digest":{"0":{"edgeType":"is officer of","nodeCategories":{"0":"Company"},"nodes":1,"edges":1}},"edgeCount":1,"visibleEdgeCount":1,"hiddenEdgeCount":0}},"label":"THE BEARER","x":46.458,"y":8.07,"fixed":true,"size":1,"glyphs":{"0":{"draw":false,"position":"top-right","content":"0"}},"active":false,"color":"#be4400","icon":{"font":"FontAwesome","scale":1,"color":"#fff","content":""},"fa2_x":46.458,"fa2_y":8.07,"colors":{"0":"#be4400"},"read_cam0:size":5,"read_cam0:x":46.458,"read_cam0:y":8.07,"renderer1:x":1486.5,"renderer1:y":502.5,"renderer1:size":31.547867224009664},{"id":585403,"nodelink":{"x":-8.942,"y":-11.63,"fixed":true},"geo":{"latitudeDiff":0,"longitudeDiff":0},"data":{"properties":{"name":"UBS (FRANCE) S.A.","status":"ACTIVE","client_number":"23790","client_name":"UBS (FRANCE) S.A.","prospect_date":"03-OCT-2007","active_since":"03-OCT-2007","country":"FRANCE","city":"PARIS","former_name":"","cross_reference":"","activity":"","classification":"","subclassification":"","region":"","compliance_classification":""},"categories":{"0":"Client"},"statistics":{"digest":{"0":{"edgeType":"registered","nodeCategories":{"0":"Company"},"nodes":2,"edges":2}},"edgeCount":2,"visibleEdgeCount":2,"hiddenEdgeCount":0}},"label":"UBS (FRANCE) S.A.","x":-8.942,"y":-11.63,"fixed":true,"size":1,"glyphs":{"0":{"draw":false,"position":"top-right","content":"0"}},"active":false,"color":"#851d00","icon":{"font":"FontAwesome","scale":1,"color":"#fff","content":""},"fa2_x":-8.942,"fa2_y":-11.63,"colors":{"0":"#851d00"},"read_cam0:size":5,"read_cam0:x":-8.942,"read_cam0:y":-11.63,"renderer1:x":932.5000000000001,"renderer1:y":305.5,"renderer1:size":31.547867224009664}],"edges":[{"id":654247,"source":585403,"target":74711,"data":{"properties":{},"type":"registered"},"label":"registered","size":1,"active":false,"color":"#8a6960","hover":false,"read_cam0:size":2,"renderer1:size":12.619146889603865},{"id":745271,"source":585403,"target":17197,"data":{"properties":{},"type":"registered"},"label":"registered","size":1,"active":false,"color":"#8a6960","hover":false,"read_cam0:size":2,"renderer1:size":12.619146889603865},{"id":868162,"source":378028,"target":559279,"data":{"properties":{},"type":"registered address"},"label":"registered address","size":1,"active":false,"color":"#baaba3","read_cam0:size":2,"renderer1:size":12.619146889603865},{"id":68539,"source":378028,"target":74711,"data":{"properties":{"name":"Power of Attorney"},"type":"is officer of"},"label":"Power of Attorney","size":1,"color":"#d48a60","active":false,"read_cam0:size":2,"renderer1:size":12.619146889603865},{"id":68540,"source":378028,"target":17197,"data":{"properties":{"name":"Shareholder"},"type":"is officer of"},"label":"Shareholder","size":1,"type":"curvedArrow","cc":{"y":null},"color":"#d48a60","active":false,"read_cam0:size":2,"renderer1:size":12.619146889603865},{"id":542868,"source":378028,"target":17197,"data":{"properties":{"name":"Shareholder"},"type":"is officer of"},"label":"Shareholder","size":1,"type":"curvedArrow","cc":{"y":2},"color":"#d48a60","active":false,"read_cam0:size":2,"renderer1:size":12.619146889603865},{"id":847759,"source":447863,"target":74711,"data":{"properties":{"name":"Shareholder"},"type":"is officer of"},"label":"Shareholder","size":1,"color":"#d48a60","read_cam0:size":2,"renderer1:size":12.619146889603865}]}