{"nodes":[{"id":667741,"nodelink":{"x":-11.865,"y":11.999},"geo":{"latitudeDiff":0,"longitudeDiff":0},"data":{"properties":{"name":"Clive Khulubuse Zuma"},"categories":{"0":"Officer"},"statistics":{"digest":{"0":{"edgeType":"is officer of","nodeCategories":{"0":"Company"},"nodes":1,"edges":1}},"edgeCount":1,"visibleEdgeCount":1,"hiddenEdgeCount":0}},"label":"Clive Khulubuse Zuma","x":-21.79999999999999,"y":17.299999999999997,"fixed":true,"size":1,"glyphs":{"0":{"draw":false,"position":"top-right","content":"0"},"1":{"draw":true,"position":"bottom-right","font":"FontAwesome","textColor":"#000","content":""}},"active":false,"colors":{"0":"#be4400"},"color":"#be4400","icon":{"font":"FontAwesome","scale":1,"color":"#fff","content":""},"read_cam0:size":5,"read_cam0:x":-21.79999999999999,"read_cam0:y":17.299999999999997,"renderer1:x":1090.37,"renderer1:y":589.75,"renderer1:size":31.547867224009664},{"id":214444,"nodelink":{"x":5.206,"y":6.265},"geo":{"latitudeDiff":0,"longitudeDiff":0},"data":{"properties":{"file_number":"6011092","jurisdiction":"BVI","name":"CAPRIKAT LIMITED","status":"CAR","inactivationDate":"09-DEC-2011","struck_off_date":"31-OCT-2012","registrationDate":"24-MAR-2010"},"categories":{"0":"Company"},"statistics":{"digest":{"0":{"edgeType":"is officer of","nodeCategories":{"0":"Officer"},"nodes":2,"edges":2},"1":{"edgeType":"registered","nodeCategories":{"0":"Client"},"nodes":1,"edges":1}},"edgeCount":3,"visibleEdgeCount":3,"hiddenEdgeCount":0}},"label":"CAPRIKAT LIMITED","x":5.206,"y":6.265,"size":1,"glyphs":{"0":{"draw":false,"position":"top-right","content":"0"}},"active":false,"colors":{"0":"#420e00"},"color":"#420e00","icon":{"font":"FontAwesome","scale":1,"color":"#fff","content":""},"read_cam0:size":5,"read_cam0:x":5.206,"read_cam0:y":6.265,"renderer1:x":1360.4299999999998,"renderer1:y":479.4,"renderer1:size":31.547867224009664},{"id":394864,"nodelink":{"x":-20.274,"y":-13.075,"fixed":true},"geo":{"latitudeDiff":0,"longitudeDiff":0},"selected":true,"data":{"properties":{"name":"African Resources Investment Fund SPC","certificateNumber":"1","numbershares":"2,000","classofshares":"ordinary","dateofissue":"22-04-2010","ceasedmembership":"","transferdate":"","sharestransferred":"","newcertificate":"","custodianname":"","custodianaddress":"","citizenship":"NO","pep":"NO","rst":"NOT NEGATIVE RESULT","registerlocation":""},"categories":{"0":"Officer"},"statistics":{"digest":{"0":{"edgeType":"registered address","nodeCategories":{"0":"Address"},"nodes":1,"edges":1},"1":{"edgeType":"is officer of","nodeCategories":{"0":"Company"},"nodes":1,"edges":1}},"edgeCount":2,"visibleEdgeCount":2,"hiddenEdgeCount":0}},"label":"African Resources Investment Fund SPC","x":-20.274,"y":-13.075,"fixed":true,"size":1,"glyphs":{"0":{"draw":false,"position":"top-right","content":"0"}},"active":true,"colors":{"0":"#be4400"},"color":"#be4400","icon":{"font":"FontAwesome","scale":1,"color":"#fff","content":""},"read_cam0:size":5,"read_cam0:x":-20.274,"read_cam0:y":-13.075,"renderer1:x":1105.6299999999999,"renderer1:y":286,"renderer1:size":31.547867224009664},{"id":583897,"nodelink":{"x":16.126,"y":-16.075,"fixed":true},"geo":{"latitudeDiff":0,"longitudeDiff":0},"data":{"properties":{"name":"LINE MANAGEMENT SERVICES LIMITED","status":"SUSPENDED","client_number":"13432","client_name":"LINE MANAGEMENT SERVICES LIMITED","prospect_date":"","active_since":"","country":"GIBRALTAR","city":"GIBRALTAR","former_name":"","cross_reference":"HASSANS INTERNATIONAL LAW FIRM","activity":"MANAGEMENT COMPANY","classification":"Professional","subclassification":"Professional Fees","region":"CHANNEL ISLANDS & ISLE OF MAN PROFESSIONAL CLIENTS","compliance_classification":"INTRODUCER"},"categories":{"0":"Client"},"statistics":{"digest":{"0":{"edgeType":"registered","nodeCategories":{"0":"Company"},"nodes":6,"edges":6}},"edgeCount":6,"visibleEdgeCount":1,"hiddenEdgeCount":5}},"label":"LINE MANAGEMENT SERVICES LIMITED","x":16.126,"y":-16.075,"fixed":true,"size":1,"glyphs":{"0":{"draw":true,"position":"top-right","content":"5"}},"active":false,"colors":{"0":"#851d00"},"color":"#851d00","icon":{"font":"FontAwesome","scale":1,"color":"#fff","content":""},"read_cam0:size":5,"read_cam0:x":16.126,"read_cam0:y":-16.075,"renderer1:x":1469.6299999999999,"renderer1:y":256,"renderer1:size":31.547867224009664},{"id":531666,"nodelink":{"x":-9.134,"y":-28.85,"fixed":true},"geo":{"latitudeDiff":0,"longitudeDiff":0},"data":{"properties":{"name":"C/o Walkers Corporate Services Limited; 87 Mary Street; Grand Cayman; KY1-9005; Cayman Islands"},"categories":{"0":"Address"},"statistics":{"digest":{"0":{"edgeType":"registered address","nodeCategories":{"0":"Officer"},"nodes":1,"edges":1}},"edgeCount":1,"visibleEdgeCount":1,"hiddenEdgeCount":0}},"label":"C/o Walkers Corporate Services Limited; 87 Mary Street; Grand Cayman; KY1-9005; Cayman Islands","x":-9.134,"y":-28.85,"fixed":true,"size":1,"glyphs":{"0":{"draw":false,"position":"top-right","content":"0"}},"active":false,"colors":{"0":"#937c6f"},"color":"#937c6f","icon":{"font":"FontAwesome","scale":1,"color":"#fff","content":""},"read_cam0:size":5,"read_cam0:x":-9.134,"read_cam0:y":-28.85,"renderer1:x":1217.03,"renderer1:y":128.25,"renderer1:size":31.547867224009664}],"edges":[{"id":69471,"source":667741,"target":214444,"data":{"properties":{"date_end":"","name":"Power of Attorney","date_start":""},"type":"is officer of"},"label":"is officer of","size":1,"active":false,"color":"#d48a60","read_cam0:size":2,"renderer1:size":12.619146889603865},{"id":580829,"source":394864,"target":214444,"data":{"properties":{"name":"Shareholder"},"type":"is officer of"},"label":"is officer of","size":1,"active":false,"color":"#d48a60","read_cam0:size":2,"renderer1:size":12.619146889603865},{"id":749041,"source":583897,"target":214444,"data":{"properties":{},"type":"registered"},"label":"registered","size":1,"active":false,"color":"#8a6960","read_cam0:size":2,"renderer1:size":12.619146889603865},{"id":296167,"source":394864,"target":531666,"data":{"properties":{},"type":"registered address"},"label":"registered address","size":1,"active":false,"color":"#baaba3","read_cam0:size":2,"renderer1:size":12.619146889603865}]}