{"nodes":[{"id":276906,"nodelink":{"x":-5.892,"y":-33.305,"fixed":true},"geo":{"latitudeDiff":0,"longitudeDiff":0},"data":{"properties":{"file_number":"72423","jurisdiction":"PMA","name":"HEARNVILLE INC.","status":"ACT","inactivationDate":"","struck_off_date":"","registrationDate":"09-JUL-2013"},"categories":{"0":"Company"},"statistics":{"digest":{"0":{"edgeType":"is officer of","nodeCategories":{"0":"Officer"},"nodes":3,"edges":3},"1":{"edgeType":"registered","nodeCategories":{"0":"Client"},"nodes":1,"edges":1}},"edgeCount":4,"visibleEdgeCount":4,"hiddenEdgeCount":0}},"label":"HEARNVILLE INC.","x":-5.892,"y":-33.305,"fixed":true,"size":1,"glyphs":{"0":{"draw":false,"position":"top-right","content":"0"}},"active":false,"color":"#420e00","icon":{"font":"FontAwesome","scale":1,"color":"#fff","content":""},"fa2_x":-5.892,"fa2_y":-33.305,"colors":{"0":"#420e00"},"read_cam0:size":5,"read_cam0:x":-5.892,"read_cam0:y":-33.305,"renderer1:x":1306.221551112309,"renderer1:y":373.09924230575547,"renderer1:size":31.547867224009664},{"id":589434,"nodelink":{"x":-31.8,"y":-44.3,"fixed":true},"geo":{"latitudeDiff":0,"longitudeDiff":0},"data":{"properties":{"name":"NEXIA BT - PMA CLIENT","status":"ACTIVE","client_number":"36772","client_name":"NEXIA BT - PMA CLIENT","prospect_date":"26-MAR-2013","active_since":"16-APR-2013","country":"MALTA","city":"SAN GWANN","former_name":"BTI MANAGEMENT LIMITED","cross_reference":"NEXIA BT","activity":"ACCOUNTANT / CONSULTANTS","classification":"Professional","subclassification":"Professional Fees","region":"PROFESSIONAL CLIENTS","compliance_classification":"INTRODUCER"},"categories":{"0":"Client"},"statistics":{"digest":{"0":{"edgeType":"registered","nodeCategories":{"0":"Company"},"nodes":14,"edges":14}},"edgeCount":14,"visibleEdgeCount":1,"hiddenEdgeCount":13}},"label":"NEXIA BT - PMA CLIENT","x":-31.8,"y":-44.3,"fixed":true,"size":1,"glyphs":{"0":{"draw":true,"position":"top-right","content":"13"}},"active":false,"color":"#851d00","icon":{"font":"FontAwesome","scale":1,"color":"#fff","content":""},"fa2_x":-31.8,"fa2_y":-44.3,"colors":{"0":"#851d00"},"read_cam0:size":5,"read_cam0:x":-31.8,"read_cam0:y":-44.3,"renderer1:x":1047.1415511123091,"renderer1:y":263.1492423057555,"renderer1:size":31.547867224009664},{"id":649207,"nodelink":{"x":-5.585,"y":-20.385,"fixed":true},"geo":{"latitudeDiff":0,"longitudeDiff":0},"selected":true,"data":{"properties":{"name":"ORION TRUST (NEW ZEALAND) LIMITED as Trustee of ROTORUA TRUST","certificateNumber":"2","numbershares":"100","classofshares":"NOMINATIVE","dateofissue":"22-07-2015","ceasedmembership":"","transferdate":"","sharestransferred":"","newcertificate":"","custodianname":"","custodianaddress":"","citizenship":"NO","pep":"NO","rst":"NOT NEGATIVE RESULT","registerlocation":""},"categories":{"0":"Officer"},"statistics":{"digest":{"0":{"edgeType":"is officer of","nodeCategories":{"0":"Company"},"nodes":1,"edges":1}},"edgeCount":1,"visibleEdgeCount":1,"hiddenEdgeCount":0}},"label":"ORION TRUST (NEW ZEALAND) LIMITED as Trustee of ROTORUA TRUST","x":14.371689777538169,"y":-45.71492423057555,"fixed":true,"size":1,"glyphs":{"0":{"draw":false,"position":"top-right","content":"0"},"1":{"draw":true,"position":"bottom-right","font":"FontAwesome","textColor":"#000","content":""}},"active":false,"color":"#be4400","icon":{"font":"FontAwesome","scale":1,"color":"#fff","content":""},"fa2_x":12.635379555076355,"fa2_y":-25.23761264532804,"colors":{"0":"#be4400"},"read_cam0:size":5,"read_cam0:x":14.371689777538169,"read_cam0:y":-45.71492423057555,"renderer1:x":1508.8584488876909,"renderer1:y":249,"renderer1:size":31.547867224009664},{"id":452419,"data":{"properties":{"name":"ATC ADMINISTRATORS INC.","certificateNumber":"1","numbershares":"1","classofshares":"NOMINATIVE","dateofissue":"09-07-2013","ceasedmembership":"","transferdate":"","sharestransferred":"","newcertificate":"","custodianname":"","custodianaddress":"","citizenship":"NO","pep":"NO","rst":"NOT NEGATIVE RESULT(SEARCHES CONDUCTED)","registerlocation":""},"categories":{"0":"Officer"},"statistics":{"digest":{"0":{"edgeType":"is officer of","nodeCategories":{"0":"Company"},"nodes":3,"edges":3}},"edgeCount":3,"visibleEdgeCount":1,"hiddenEdgeCount":2}},"x":14.17168977753817,"y":-38.51492423057555,"label":"ATC ADMINISTRATORS INC.","size":1,"glyphs":{"0":{"draw":true,"position":"top-right","content":"2"},"1":{"draw":true,"position":"bottom-right","font":"FontAwesome","textColor":"#000","content":""}},"color":"#be4400","icon":{"font":"FontAwesome","scale":1,"color":"#fff","content":""},"fa2_x":12.835379555076354,"fa2_y":-12.737612645328038,"fixed":true,"active":false,"colors":{"0":"#be4400"},"read_cam0:size":5,"read_cam0:x":14.17168977753817,"read_cam0:y":-38.51492423057555,"renderer1:x":1506.8584488876909,"renderer1:y":320.99999999999994,"renderer1:size":31.547867224009664},{"id":667762,"data":{"properties":{"name":"Konrad Mizzi"},"categories":{"0":"Officer"},"statistics":{"digest":{"0":{"edgeType":"is officer of","nodeCategories":{"0":"Company"},"nodes":1,"edges":1}},"edgeCount":1,"visibleEdgeCount":1,"hiddenEdgeCount":0}},"x":14.771689777538171,"y":-23.714924230575555,"label":"Konrad Mizzi","size":1,"glyphs":{"0":{"draw":false,"position":"top-right","content":"0"},"1":{"draw":true,"position":"bottom-right","font":"FontAwesome","textColor":"#000","content":""}},"color":"#be4400","icon":{"font":"FontAwesome","scale":1,"color":"#fff","content":""},"fa2_x":12.635379555076355,"fa2_y":-19.13761264532804,"fixed":true,"active":true,"colors":{"0":"#be4400"},"read_cam0:size":5,"read_cam0:x":14.771689777538171,"read_cam0:y":-23.714924230575555,"renderer1:x":1512.8584488876909,"renderer1:y":468.99999999999994,"renderer1:size":31.547867224009664}],"edges":[{"id":769765,"source":589434,"target":276906,"data":{"properties":{},"type":"registered"},"label":"registered","size":1,"active":false,"color":"#8a6960","read_cam0:size":2,"renderer1:size":12.619146889603865},{"id":34594,"source":649207,"target":276906,"data":{"properties":{"name":"Shareholder"},"type":"is officer of"},"label":"Shareholder","size":1,"color":"#d48a60","hover":false,"active":false,"read_cam0:size":2,"renderer1:size":12.619146889603865},{"id":34595,"source":452419,"target":276906,"data":{"properties":{"name":"Shareholder"},"type":"is officer of"},"label":"Shareholder","size":1,"color":"#d48a60","hover":false,"active":false,"read_cam0:size":2,"renderer1:size":12.619146889603865},{"id":69533,"source":667762,"target":276906,"data":{"properties":{"name":"Beneficial Owner","date_start":"","date_end":""},"type":"is officer of"},"label":"Beneficial Owner","size":1,"color":"#d48a60","hover":false,"active":false,"read_cam0:size":2,"renderer1:size":12.619146889603865}]}