{"nodes":[{"id":589972,"nodelink":{"x":14.669,"y":18.682,"fixed":true},"geo":{"latitudeDiff":0,"longitudeDiff":0},"data":{"properties":{"name":"JOHN ADDO KUFUOR","status":"ACTIVE","client_number":"32814","client_name":"JOHN ADDO KUFUOR","prospect_date":"","active_since":"","country":"UNITED KINGDOM","city":"LONDON","former_name":"","cross_reference":"","activity":"","classification":"Professional","subclassification":"","region":"MOSSFON LONDON","compliance_classification":"INTERMEDIARY"},"categories":{"0":"Client"},"statistics":{"digest":{"0":{"edgeType":"registered","nodeCategories":{"0":"Company"},"nodes":2,"edges":2}},"edgeCount":2,"visibleEdgeCount":2,"hiddenEdgeCount":0}},"label":"JOHN ADDO KUFUOR","x":14.669,"y":18.682,"fixed":true,"size":1,"glyphs":{"0":{"draw":false,"position":"top-right","content":"0"}},"color":"#851d00","icon":{"font":"FontAwesome","scale":1,"color":"#fff","content":""},"colors":{"0":"#851d00"},"fa2_x":14.669,"fa2_y":18.682,"active":false,"read_cam0:size":5,"read_cam0:x":14.669,"read_cam0:y":18.682,"renderer1:x":1406.4999067497256,"renderer1:y":550.7550063323974,"renderer1:size":31.547867224009664},{"id":13637,"nodelink":{"x":32.85,"y":7.119,"fixed":true},"geo":{"latitudeDiff":0,"longitudeDiff":0},"data":{"properties":{"file_number":"573237","jurisdiction":"BVI","name":"STAMFORD INTERNATIONAL INVESTMENTS GROUP LIMITED","status":"MOR","inactivationDate":"02-MAY-2007","struck_off_date":"30-APR-2007","registrationDate":"16-SEP-2005"},"categories":{"0":"Company"},"statistics":{"digest":{"0":{"edgeType":"registered","nodeCategories":{"0":"Client"},"nodes":1,"edges":1}},"edgeCount":1,"visibleEdgeCount":1,"hiddenEdgeCount":0}},"label":"STAMFORD INTERNATIONAL INVESTMENTS GROUP LIMITED","x":31.81900932502746,"y":6.193998733520502,"fixed":true,"size":1,"glyphs":{"0":{"draw":false,"position":"top-right","content":"0"},"1":{"draw":true,"position":"bottom-right","font":"FontAwesome","textColor":"#000","content":""}},"color":"#420e00","icon":{"font":"FontAwesome","scale":1,"color":"#fff","content":""},"colors":{"0":"#420e00"},"fa2_x":49.3,"fa2_y":9.899999999999999,"active":false,"read_cam0:size":5,"read_cam0:x":31.81900932502746,"read_cam0:y":6.193998733520502,"renderer1:x":1578,"renderer1:y":425.87499366760255,"renderer1:size":31.547867224009664},{"id":208754,"nodelink":{"x":8.303,"y":43.885},"geo":{"latitudeDiff":0,"longitudeDiff":0},"data":{"properties":{"file_number":"549626","jurisdiction":"BVI","name":"FORDIANT LTD.","status":"MOR","inactivationDate":"04-MAY-2004","struck_off_date":"30-APR-2004","registrationDate":"26-JUL-2002"},"categories":{"0":"Company"},"statistics":{"digest":{"0":{"edgeType":"is officer of","nodeCategories":{"0":"Officer"},"nodes":1,"edges":1},"1":{"edgeType":"registered","nodeCategories":{"0":"Client"},"nodes":1,"edges":1}},"edgeCount":2,"visibleEdgeCount":2,"hiddenEdgeCount":0}},"label":"FORDIANT LTD.","x":-11.78099067497254,"y":11.593998733520504,"fixed":true,"size":1,"glyphs":{"0":{"draw":false,"position":"top-right","content":"0"},"1":{"draw":true,"position":"bottom-right","font":"FontAwesome","textColor":"#000","content":""}},"color":"#420e00","icon":{"font":"FontAwesome","scale":1,"color":"#fff","content":""},"active":true,"colors":{"0":"#420e00"},"fa2_x":0.29723289608955383,"fa2_y":0.836955189704895,"read_cam0:size":5,"read_cam0:x":-11.78099067497254,"read_cam0:y":11.593998733520504,"renderer1:x":1142.0000000000002,"renderer1:y":479.87499366760255,"renderer1:size":31.547867224009664},{"id":387401,"nodelink":{"x":48.45,"y":-8.281,"fixed":true},"geo":{"latitudeDiff":0,"longitudeDiff":0},"data":{"properties":{"name":"THE EXCEL 2000 TRUST","certificateNumber":"1","numbershares":"50,000","classofshares":"","dateofissue":"09-01-2009","ceasedmembership":"","transferdate":"","sharestransferred":"","newcertificate":"","custodianname":"","custodianaddress":"","citizenship":"NO","pep":"NO","rst":"NOT NEGATIVE RESULT","registerlocation":"Akara Building   24 de Castro Street   Wickhams Cay I   Road Town   Tortola   British Virgin Islands"},"categories":{"0":"Officer"},"statistics":{"digest":{"0":{"edgeType":"registered address","nodeCategories":{"0":"Address"},"nodes":1,"edges":1},"1":{"edgeType":"is officer of","nodeCategories":{"0":"Company"},"nodes":1,"edges":1}},"edgeCount":2,"visibleEdgeCount":2,"hiddenEdgeCount":0}},"label":"THE EXCEL 2000 TRUST","x":27.819009325027466,"y":-5.3060012664794876,"fixed":true,"size":1,"glyphs":{"0":{"draw":false,"position":"top-right","content":"0"},"1":{"draw":true,"position":"bottom-right","font":"FontAwesome","textColor":"#000","content":""}},"color":"#be4400","icon":{"font":"FontAwesome","scale":1,"color":"#fff","content":""},"colors":{"0":"#be4400"},"fa2_x":48.45,"fa2_y":-8.281,"active":false,"read_cam0:size":5,"read_cam0:x":27.819009325027466,"read_cam0:y":-5.3060012664794876,"renderer1:x":1538.0000000000002,"renderer1:y":310.8749936676026,"renderer1:size":31.547867224009664},{"id":121701,"nodelink":{"x":11.15,"y":-25.381,"fixed":true},"geo":{"latitudeDiff":0,"longitudeDiff":0},"data":{"properties":{"file_number":"6001439","jurisdiction":"BVI","name":"LANDAU SOLUTIONS LIMITED","status":"MOR","inactivationDate":"09-NOV-2010","struck_off_date":"31-OCT-2010","registrationDate":"09-JAN-2009"},"categories":{"0":"Company"},"statistics":{"digest":{"0":{"edgeType":"is officer of","nodeCategories":{"0":"Officer"},"nodes":1,"edges":1},"1":{"edgeType":"registered","nodeCategories":{"0":"Client"},"nodes":1,"edges":1}},"edgeCount":2,"visibleEdgeCount":2,"hiddenEdgeCount":0}},"label":"LANDAU SOLUTIONS LIMITED","x":11.15,"y":-25.381,"fixed":true,"size":1,"glyphs":{"0":{"draw":false,"position":"top-right","content":"0"}},"color":"#420e00","icon":{"font":"FontAwesome","scale":1,"color":"#fff","content":""},"colors":{"0":"#420e00"},"fa2_x":11.15,"fa2_y":-25.381,"active":false,"read_cam0:size":5,"read_cam0:x":11.15,"read_cam0:y":-25.381,"renderer1:x":1371.3099067497255,"renderer1:y":110.1250063323975,"renderer1:size":31.547867224009664},{"id":524288,"nodelink":{"x":-28.7,"y":-0.362,"fixed":true},"geo":{"latitudeDiff":0,"longitudeDiff":0},"data":{"properties":{"name":"AKARA BLDG.<br/>24 DE CASTRO STREET<br/>WICKHAMS CAY 1<br/>ROAD TOWN<br/>TORTOLA<br/>BRITISH VIRGIN ISLANDS."},"categories":{"0":"Address"},"statistics":{"digest":{"0":{"edgeType":"registered address","nodeCategories":{"0":"Officer"},"nodes":1007,"edges":1007}},"edgeCount":1007,"visibleEdgeCount":1,"hiddenEdgeCount":1006}},"label":"AKARA BLDG.<br/>24 DE CASTRO STREET<br/>WICKHAMS CAY 1<br/>ROAD TOWN<br/>TORTOLA<br/>BRITISH VIRGIN ISLANDS.","x":-22.980990674972528,"y":-1.3060012664794982,"fixed":true,"size":1,"glyphs":{"0":{"draw":true,"position":"top-right","content":"1.006k"},"1":{"draw":true,"position":"bottom-right","font":"FontAwesome","textColor":"#000","content":""}},"color":"#937c6f","icon":{"font":"FontAwesome","scale":1,"color":"#fff","content":""},"colors":{"0":"#937c6f"},"fa2_x":-23.90000000000001,"fa2_y":4.299999999999994,"active":false,"read_cam0:size":5,"read_cam0:x":-22.980990674972528,"read_cam0:y":-1.3060012664794982,"renderer1:x":1030.0000000000002,"renderer1:y":350.87499366760255,"renderer1:size":31.547867224009664},{"id":582684,"nodelink":{"x":-13.35,"y":-31.781,"fixed":true},"geo":{"latitudeDiff":0,"longitudeDiff":0},"data":{"properties":{"name":"MOSSFON MANAGERS LTD.","status":"ACTIVE","client_number":"12819","client_name":"MOSSFON MANAGERS LTD.","prospect_date":"","active_since":"13-NOV-2001","country":"BAHAMAS","city":"NASSAU","former_name":"ATHENEAUM LIMITED .","cross_reference":"MOSSFON TRUST CORPORATION","activity":"ACCOUNTANT","classification":"Special rates","subclassification":"","region":"REPRESENTATIVE CLIENTS","compliance_classification":"INTRODUCER"},"categories":{"0":"Client"},"statistics":{"digest":{"0":{"edgeType":"registered","nodeCategories":{"0":"Company"},"nodes":1872,"edges":1872}},"edgeCount":1872,"visibleEdgeCount":1,"hiddenEdgeCount":1871}},"label":"MOSSFON MANAGERS LTD.","x":-27.300000000000015,"y":-18.70000000000002,"fixed":true,"size":1,"glyphs":{"0":{"draw":true,"position":"top-right","content":"1.871k"},"1":{"draw":true,"position":"bottom-right","font":"FontAwesome","textColor":"#000","content":""}},"color":"#851d00","icon":{"font":"FontAwesome","scale":1,"color":"#fff","content":""},"colors":{"0":"#851d00"},"fa2_x":-27.300000000000015,"fa2_y":-18.70000000000002,"active":false,"read_cam0:size":5,"read_cam0:x":-27.300000000000015,"read_cam0:y":-18.70000000000002,"renderer1:x":986.8099067497253,"renderer1:y":176.9350063323973,"renderer1:size":31.547867224009664},{"id":667736,"data":{"properties":{"name":"John Addo Kufuor"},"categories":{"0":"Officer"},"statistics":{"digest":{"0":{"edgeType":"is officer of","nodeCategories":{"0":"Company"},"nodes":1,"edges":1}},"edgeCount":1,"visibleEdgeCount":1,"hiddenEdgeCount":0}},"x":-27.780990674972546,"y":24.393998733520494,"label":"John Addo Kufuor","size":1,"glyphs":{"0":{"draw":false,"position":"top-right","content":"0"},"1":{"draw":true,"position":"bottom-right","font":"FontAwesome","textColor":"#000","content":""}},"colors":{"0":"#be4400"},"color":"#be4400","icon":{"font":"FontAwesome","scale":1,"color":"#fff","content":""},"fa2_x":-6.730981349945068,"fa2_y":-15.794002532958984,"fixed":true,"active":false,"read_cam0:size":5,"read_cam0:x":-27.780990674972546,"read_cam0:y":24.393998733520494,"renderer1:x":982,"renderer1:y":607.8749936676024,"renderer1:size":31.547867224009664}],"edges":[{"id":705024,"source":589972,"target":208754,"data":{"properties":{},"type":"registered"},"label":"registered","size":1,"color":"#8a6960","hover":false,"active":false,"read_cam0:size":2,"renderer1:size":12.619146889603865},{"id":728587,"source":589972,"target":13637,"data":{"properties":{},"type":"registered"},"label":"registered","size":1,"color":"#8a6960","hover":false,"active":false,"read_cam0:size":2,"renderer1:size":12.619146889603865},{"id":260153,"source":387401,"target":524288,"data":{"properties":{},"type":"registered address"},"label":"registered address","size":1,"color":"#baaba3","hover":false,"active":false,"read_cam0:size":2,"renderer1:size":12.619146889603865},{"id":739305,"source":582684,"target":121701,"data":{"properties":{},"type":"registered"},"label":"registered","size":1,"color":"#8a6960","hover":false,"active":false,"read_cam0:size":2,"renderer1:size":12.619146889603865},{"id":24387,"source":387401,"target":121701,"data":{"properties":{"name":"Shareholder"},"type":"is officer of"},"label":"Shareholder","size":1,"color":"#d48a60","hover":false,"active":false,"read_cam0:size":2,"renderer1:size":12.619146889603865},{"id":69460,"source":667736,"target":208754,"data":{"properties":{"name":"Director","date_start":"01/10/2002","date_end":"04/05/2004"},"type":"is officer of"},"label":"Director","size":1,"color":"#d48a60","hover":false,"active":false,"read_cam0:size":2,"renderer1:size":12.619146889603865}]}