{"nodes":[{"id":225723,"nodelink":{"x":-12.918,"y":8.467,"fixed":true},"geo":{"latitudeDiff":0,"longitudeDiff":0},"data":{"properties":{"file_number":"700808","jurisdiction":"PMA","name":"UF UNIVERSE FOUNDATION","status":"MOR","inactivationDate":"16-JAN-2007","struck_off_date":"15-JAN-2007","registrationDate":"11-AUG-2003"},"categories":{"0":"Company"},"statistics":{"digest":{"0":{"edgeType":"is officer of","nodeCategories":{"0":"Officer"},"nodes":3,"edges":3},"1":{"edgeType":"registered","nodeCategories":{"0":"Client"},"nodes":1,"edges":1}},"edgeCount":4,"visibleEdgeCount":4,"hiddenEdgeCount":0}},"label":"UF UNIVERSE FOUNDATION","x":-12.918,"y":8.467,"fixed":true,"size":1,"glyphs":{"0":{"draw":false,"position":"top-right","content":"0"}},"color":"#420e00","icon":{"font":"FontAwesome","scale":1,"color":"#fff","content":""},"active":false,"fa2_x":-12.918,"fa2_y":8.467,"colors":{"0":"#420e00"},"read_cam0:size":5,"read_cam0:x":-12.918,"read_cam0:y":8.467,"renderer1:x":1190.229134712219,"renderer1:y":391.7501260471344,"renderer1:size":31.547867224009664},{"id":590963,"nodelink":{"x":8,"y":21.7,"fixed":true},"geo":{"latitudeDiff":0,"longitudeDiff":0},"data":{"properties":{"name":"MOSSACK FONSECA & CO. (U.K.) LIMITED","status":"ACTIVE","client_number":"6517","client_name":"MOSSACK FONSECA & CO. (U.K.) LIMITED","prospect_date":"","active_since":"25-SEP-1992","country":"UNITED KINGDOM","city":"LONDON","former_name":"RM COMPANY SERVICES LIMITED","cross_reference":"A & S TEST CLIENT","activity":"CO. FORMATION SERVICE","classification":"Special rates","subclassification":"Representative","region":"REPRESENTATIVE CLIENTS","compliance_classification":"INTRODUCER"},"categories":{"0":"Client"},"statistics":{"digest":{"0":{"edgeType":"registered","nodeCategories":{"0":"Company"},"nodes":2538,"edges":2538}},"edgeCount":2538,"visibleEdgeCount":2,"hiddenEdgeCount":2536}},"label":"MOSSACK FONSECA & CO. (U.K.) LIMITED","x":8,"y":21.7,"fixed":true,"size":1,"glyphs":{"0":{"draw":true,"position":"top-right","content":"2.536k"}},"color":"#851d00","icon":{"font":"FontAwesome","scale":1,"color":"#fff","content":""},"active":false,"fa2_x":8,"fa2_y":21.7,"colors":{"0":"#851d00"},"read_cam0:size":5,"read_cam0:x":8,"read_cam0:y":21.7,"renderer1:x":1399.4091347122192,"renderer1:y":524.0801260471344,"renderer1:size":31.547867224009664},{"id":220441,"nodelink":{"x":26.882,"y":5.567,"fixed":true},"geo":{"latitudeDiff":0,"longitudeDiff":0},"data":{"properties":{"file_number":"21979","jurisdiction":"PMA","name":"FM MANAGEMENT HOLDING GROUP S.A.","status":"MOR","inactivationDate":"20-JUL-2006","struck_off_date":"15-JUL-2006","registrationDate":"19-FEB-2003"},"categories":{"0":"Company"},"statistics":{"digest":{"0":{"edgeType":"registered","nodeCategories":{"0":"Client"},"nodes":1,"edges":1}},"edgeCount":1,"visibleEdgeCount":1,"hiddenEdgeCount":0}},"label":"FM MANAGEMENT HOLDING GROUP S.A.","x":10.63617305755615,"y":4.483974790573125,"fixed":true,"size":1,"glyphs":{"0":{"draw":false,"position":"top-right","content":"0"},"1":{"draw":true,"position":"bottom-right","font":"FontAwesome","textColor":"#000","content":""}},"color":"#420e00","icon":{"font":"FontAwesome","scale":1,"color":"#fff","content":""},"active":false,"fa2_x":26.882,"fa2_y":5.567,"colors":{"0":"#420e00"},"read_cam0:size":5,"read_cam0:x":10.63617305755615,"read_cam0:y":4.483974790573125,"renderer1:x":1425.7708652877807,"renderer1:y":351.91987395286566,"renderer1:size":31.547867224009664},{"id":667759,"nodelink":{"x":-15.218,"y":25.067,"fixed":true},"geo":{"latitudeDiff":0,"longitudeDiff":0},"data":{"properties":{"name":"Mehriban Aliyeva"},"categories":{"0":"Officer"},"statistics":{"digest":{"0":{"edgeType":"is officer of","nodeCategories":{"0":"Company"},"nodes":1,"edges":1}},"edgeCount":1,"visibleEdgeCount":1,"hiddenEdgeCount":0}},"label":"Mehriban Aliyeva","x":-20.363826942443836,"y":20.183974790573124,"fixed":true,"size":1,"glyphs":{"0":{"draw":false,"position":"top-right","content":"0"},"1":{"draw":true,"position":"bottom-right","font":"FontAwesome","textColor":"#000","content":""}},"color":"#be4400","icon":{"font":"FontAwesome","scale":1,"color":"#fff","content":""},"active":false,"fa2_x":-15.218,"fa2_y":25.067,"colors":{"0":"#be4400"},"read_cam0:size":5,"read_cam0:x":-20.363826942443836,"read_cam0:y":20.183974790573124,"renderer1:x":1115.770865287781,"renderer1:y":508.91987395286566,"renderer1:size":31.547867224009664},{"id":667760,"nodelink":{"x":-14.118,"y":-9.233,"fixed":true},"geo":{"latitudeDiff":0,"longitudeDiff":0},"data":{"properties":{"name":"Leyla Aliyeva"},"categories":{"0":"Officer"},"statistics":{"digest":{"0":{"edgeType":"is officer of","nodeCategories":{"0":"Company"},"nodes":3,"edges":3}},"edgeCount":3,"visibleEdgeCount":1,"hiddenEdgeCount":2}},"label":"Leyla Aliyeva","x":-17.26382694244384,"y":-11.316025209426874,"fixed":true,"size":1,"glyphs":{"0":{"draw":true,"position":"top-right","content":"2"},"1":{"draw":true,"position":"bottom-right","font":"FontAwesome","textColor":"#000","content":""}},"color":"#be4400","icon":{"font":"FontAwesome","scale":1,"color":"#fff","content":""},"active":false,"fa2_x":-17.999999999999993,"fa2_y":-18.099999999999987,"colors":{"0":"#be4400"},"read_cam0:size":5,"read_cam0:x":-17.26382694244384,"read_cam0:y":-11.316025209426874,"renderer1:x":1146.7708652877807,"renderer1:y":193.91987395286566,"renderer1:size":31.547867224009664},{"id":667761,"nodelink":{"x":12.482,"y":-6.833,"fixed":true},"geo":{"latitudeDiff":0,"longitudeDiff":0},"data":{"properties":{"name":"Arzu Aliyeva"},"categories":{"0":"Officer"},"statistics":{"digest":{"0":{"edgeType":"is officer of","nodeCategories":{"0":"Company"},"nodes":3,"edges":3}},"edgeCount":3,"visibleEdgeCount":1,"hiddenEdgeCount":2}},"label":"Arzu Aliyeva","x":12.482,"y":-6.833,"fixed":true,"size":1,"glyphs":{"0":{"draw":true,"position":"top-right","content":"2"}},"color":"#be4400","icon":{"font":"FontAwesome","scale":1,"color":"#fff","content":""},"active":false,"fa2_x":12.482,"fa2_y":-6.833,"colors":{"0":"#be4400"},"read_cam0:size":5,"read_cam0:x":12.482,"read_cam0:y":-6.833,"renderer1:x":1444.229134712219,"renderer1:y":238.75012604713442,"renderer1:size":31.547867224009664}],"edges":[{"id":763271,"source":590963,"target":225723,"data":{"properties":{},"type":"registered"},"label":"registered","size":1,"color":"#8a6960","active":false,"read_cam0:size":2,"renderer1:size":12.619146889603865},{"id":634481,"source":590963,"target":220441,"data":{"properties":{},"type":"registered"},"label":"registered","size":1,"color":"#8a6960","active":false,"read_cam0:size":2,"renderer1:size":12.619146889603865},{"id":69526,"source":667759,"target":225723,"data":{"properties":{"date_end":"","name":"Protector","date_start":"01/03/2005"},"type":"is officer of"},"label":"Protector","size":1,"color":"#d48a60","active":false,"hover":false,"read_cam0:size":2,"renderer1:size":12.619146889603865},{"id":69529,"source":667760,"target":225723,"data":{"properties":{"date_end":"","name":"Beneficiary, shareholder and director","date_start":"30/04/2004"},"type":"is officer of"},"label":"Beneficiary, shareholder and director","size":1,"color":"#d48a60","active":false,"hover":false,"read_cam0:size":2,"renderer1:size":12.619146889603865},{"id":69532,"source":667761,"target":225723,"data":{"properties":{"date_end":"","name":"Beneficiary, shareholder and director","date_start":"30/04/2004"},"type":"is officer of"},"label":"Beneficiary, shareholder and director","size":1,"color":"#d48a60","active":false,"hover":false,"read_cam0:size":2,"renderer1:size":12.619146889603865}]}