{"nodes":[{"id":667773,"nodelink":{"x":-30.151,"y":-28.947,"fixed":true},"geo":{"latitudeDiff":0,"longitudeDiff":0},"data":{"properties":{"name":"Arkady Rotenberg"},"categories":{"0":"Officer"},"statistics":{"digest":{"0":{"edgeType":"is officer of","nodeCategories":{"0":"Company"},"nodes":3,"edges":3}},"edgeCount":3,"visibleEdgeCount":3,"hiddenEdgeCount":0}},"label":"Arkady Rotenberg","x":-28.872353932584286,"y":-35.513303676755235,"fixed":true,"size":1,"glyphs":{"0":{"draw":false,"position":"top-right","content":"0"},"1":{"draw":true,"position":"bottom-right","font":"FontAwesome","textColor":"#000","content":""}},"active":false,"color":"#be4400","icon":{"font":"FontAwesome","scale":1,"color":"#fff","content":""},"colors":{"0":"#be4400"},"fa2_x":-30.151,"fa2_y":-28.947,"read_cam0:size":5,"read_cam0:x":-28.872353932584286,"read_cam0:y":-35.513303676755235,"renderer1:x":1027.4067634193368,"renderer1:y":142.04078692559887,"renderer1:size":23.195975636222},{"id":39850,"nodelink":{"x":6.651,"y":17.534,"fixed":true},"geo":{"latitudeDiff":0,"longitudeDiff":0},"data":{"properties":{"file_number":"6009415","jurisdiction":"BVI","name":"CAUSEWAY CONSULTING LIMITED","status":"ACT","inactivationDate":"","struck_off_date":"","registrationDate":"14-JAN-2010"},"categories":{"0":"Company"},"statistics":{"digest":{"0":{"edgeType":"is officer of","nodeCategories":{"0":"Officer"},"nodes":4,"edges":4},"1":{"edgeType":"registered","nodeCategories":{"0":"Client"},"nodes":1,"edges":1}},"edgeCount":5,"visibleEdgeCount":5,"hiddenEdgeCount":0}},"label":"CAUSEWAY CONSULTING LIMITED","x":6.651,"y":17.534,"fixed":true,"size":1,"glyphs":{"0":{"draw":false,"position":"top-right","content":"0"}},"active":false,"color":"#420e00","icon":{"font":"FontAwesome","scale":1,"color":"#fff","content":""},"colors":{"0":"#420e00"},"fa2_x":6.651,"fa2_y":17.534,"read_cam0:size":5,"read_cam0:x":6.651,"read_cam0:y":17.534,"renderer1:x":1269.2685532217422,"renderer1:y":503.21489891402626,"renderer1:size":23.195975636222},{"id":157549,"nodelink":{"x":-2.552,"y":-51.743},"geo":{"latitudeDiff":0,"longitudeDiff":0},"selected":true,"data":{"properties":{"file_number":"6004777","jurisdiction":"BVI","name":"BRECKENRIDGE GLOBAL MANAGEMENT LIMITED","status":"ACT","inactivationDate":"","struck_off_date":"","registrationDate":"01-JUL-2009"},"categories":{"0":"Company"},"statistics":{"digest":{"0":{"edgeType":"is officer of","nodeCategories":{"0":"Officer"},"nodes":3,"edges":3},"1":{"edgeType":"registered","nodeCategories":{"0":"Client"},"nodes":1,"edges":1}},"edgeCount":4,"visibleEdgeCount":4,"hiddenEdgeCount":0}},"label":"BRECKENRIDGE GLOBAL MANAGEMENT LIMITED","x":-18.73839887640451,"y":8.43721879515487,"fixed":true,"size":1,"glyphs":{"0":{"draw":false,"position":"top-right","content":"0"},"1":{"draw":true,"position":"bottom-right","font":"FontAwesome","textColor":"#000","content":""}},"active":false,"color":"#420e00","icon":{"font":"FontAwesome","scale":1,"color":"#fff","content":""},"colors":{"0":"#420e00"},"fa2_x":-18.09721565246582,"fa2_y":-2.7123563289642334,"read_cam0:size":5,"read_cam0:x":-18.73839887640451,"read_cam0:y":8.43721879515487,"renderer1:x":1096.4040915521557,"renderer1:y":441.2791991538019,"renderer1:size":23.195975636222},{"id":177503,"nodelink":{"x":-2.147,"y":-24.441,"fixed":true},"geo":{"latitudeDiff":0,"longitudeDiff":0},"data":{"properties":{"file_number":"583310","jurisdiction":"BVI","name":"BEECHWOOD ASSOCIATES INC.","status":"PXC","inactivationDate":"29-JUN-2015","struck_off_date":"31-OCT-2016","registrationDate":"02-JAN-2007"},"categories":{"0":"Company"},"statistics":{"digest":{"0":{"edgeType":"is officer of","nodeCategories":{"0":"Officer"},"nodes":5,"edges":5},"1":{"edgeType":"registered","nodeCategories":{"0":"Client"},"nodes":1,"edges":1}},"edgeCount":6,"visibleEdgeCount":6,"hiddenEdgeCount":0}},"label":"BEECHWOOD ASSOCIATES INC.","x":21.907573033707852,"y":-42.56301154192377,"fixed":true,"size":1,"glyphs":{"0":{"draw":false,"position":"top-right","content":"0"},"1":{"draw":true,"position":"bottom-right","font":"FontAwesome","textColor":"#000","content":""}},"active":true,"color":"#420e00","icon":{"font":"FontAwesome","scale":1,"color":"#fff","content":""},"colors":{"0":"#420e00"},"fa2_x":31.999999999999996,"fa2_y":-32.9,"read_cam0:size":5,"read_cam0:x":21.907573033707852,"read_cam0:y":-42.56301154192377,"renderer1:x":1373.1433750413962,"renderer1:y":94.04264561581192,"renderer1:size":23.195975636222},{"id":389622,"nodelink":{"x":8.465,"y":-77.38},"geo":{"latitudeDiff":0,"longitudeDiff":0},"data":{"properties":{"name":"MARKOM NOMINEES LIMITED (Formerly SP NOMINEES LTD.)","certificateNumber":"1","numbershares":"50,000","classofshares":"","dateofissue":"23-07-2010","ceasedmembership":"","transferdate":"","sharestransferred":"","newcertificate":"","custodianname":"","custodianaddress":"","citizenship":"NO","pep":"NO","rst":"NOT NEGATIVE RESULT","registerlocation":"Southbank House Suite 137 Black Prince Road    SE1 7 SJ London"},"categories":{"0":"Officer"},"statistics":{"digest":{"0":{"edgeType":"has similar name and address as","nodeCategories":{"0":"Officer"},"nodes":4,"edges":4},"1":{"edgeType":"registered address","nodeCategories":{"0":"Address"},"nodes":1,"edges":1},"2":{"edgeType":"is officer of","nodeCategories":{"0":"Company"},"nodes":3,"edges":3}},"edgeCount":8,"visibleEdgeCount":1,"hiddenEdgeCount":7}},"label":"MARKOM NOMINEES LIMITED (Formerly SP NOMINEES LTD.)","x":-41.429646067415746,"y":-14.474331766642884,"fixed":true,"size":1,"glyphs":{"0":{"draw":true,"position":"top-right","content":"7"},"1":{"draw":true,"position":"bottom-right","font":"FontAwesome","textColor":"#000","content":""}},"active":false,"color":"#be4400","icon":{"font":"FontAwesome","scale":1,"color":"#fff","content":""},"colors":{"0":"#be4400"},"fa2_x":-30.202817916870117,"fa2_y":-18.32908058166504,"read_cam0:size":5,"read_cam0:x":-41.429646067415746,"read_cam0:y":-14.474331766642884,"renderer1:x":941.9100742112789,"renderer1:y":285.2852398969943,"renderer1:size":23.195975636222},{"id":389623,"nodelink":{"x":-21.289,"y":-61.141},"geo":{"latitudeDiff":0,"longitudeDiff":0},"data":{"properties":{"name":"MOONLIGHT BAY LIMITED","certificateNumber":"2","numbershares":"50,000","classofshares":"Ordinary","dateofissue":"15-07-2014","ceasedmembership":"","transferdate":"","sharestransferred":"","newcertificate":"","custodianname":"","custodianaddress":"","citizenship":"NO","pep":"NO","rst":"NOT NEGATIVE RESULT","registerlocation":"Suite 137   Southbank House   Black Prince Road   London SE1 7SJ United Kingdom"},"categories":{"0":"Officer"},"statistics":{"digest":{"0":{"edgeType":"registered address","nodeCategories":{"0":"Address"},"nodes":1,"edges":1},"1":{"edgeType":"is officer of","nodeCategories":{"0":"Company"},"nodes":1,"edges":1}},"edgeCount":2,"visibleEdgeCount":1,"hiddenEdgeCount":1}},"label":"MOONLIGHT BAY LIMITED","x":-39.4503173828125,"y":3.2743866443634033,"size":1,"glyphs":{"0":{"draw":true,"position":"top-right","content":"1"}},"active":false,"color":"#be4400","icon":{"font":"FontAwesome","scale":1,"color":"#fff","content":""},"colors":{"0":"#be4400"},"fa2_x":-39.4503173828125,"fa2_y":3.2743866443634033,"read_cam0:size":5,"read_cam0:x":-39.4503173828125,"read_cam0:y":3.2743866443634033,"renderer1:x":955.3863912047108,"renderer1:y":406.1279060971391,"renderer1:size":23.195975636222},{"id":584227,"nodelink":{"x":12.783,"y":1.709},"geo":{"latitudeDiff":0,"longitudeDiff":0},"data":{"properties":{"name":"MARKOM MANAGEMENT LTD","status":"ACTIVE","client_number":"17727","client_name":"MARKOM MANAGEMENT LTD","prospect_date":"","active_since":"11-FEB-2005","country":"UNITED KINGDOM","city":"LONDON","former_name":"SP MANAGEMENT SERVICES LIMITED","cross_reference":"ADRI VAN GRAAN","activity":"CORPORATE SERVICE PROVIDER","classification":"Special rates","subclassification":"Professional Fees","region":"CHANNEL ISLANDS & ISLE OF MAN PROFESSIONAL CLIENTS","compliance_classification":"INTRODUCER"},"categories":{"0":"Client"},"statistics":{"digest":{"0":{"edgeType":"registered","nodeCategories":{"0":"Company"},"nodes":140,"edges":140}},"edgeCount":140,"visibleEdgeCount":3,"hiddenEdgeCount":137}},"label":"MARKOM MANAGEMENT LTD","x":12.544679775280887,"y":-3.2388598565305244,"fixed":true,"size":1,"glyphs":{"0":{"draw":true,"position":"top-right","content":"137"},"1":{"draw":true,"position":"bottom-right","font":"FontAwesome","textColor":"#000","content":""}},"active":false,"color":"#851d00","icon":{"font":"FontAwesome","scale":1,"color":"#fff","content":""},"colors":{"0":"#851d00"},"fa2_x":-0.18627668917179108,"fa2_y":1.2672518491744995,"read_cam0:size":5,"read_cam0:x":12.544679775280887,"read_cam0:y":-3.2388598565305244,"renderer1:x":1309.3958436143353,"renderer1:y":361.78227760946726,"renderer1:size":23.195975636222},{"id":352198,"nodelink":{"x":28.432,"y":35.268,"fixed":true},"geo":{"latitudeDiff":0,"longitudeDiff":0},"data":{"properties":{"name":"Markom Nominees Ltd","certificateNumber":"2","numbershares":"50,000","classofshares":"ORD.","dateofissue":"02-05-2009","ceasedmembership":"","transferdate":"","sharestransferred":"","newcertificate":"","custodianname":"","custodianaddress":"","citizenship":"NO","pep":"NO","rst":"NOT NEGATIVE RESULT","registerlocation":"Suite 007   Southbank House   Black Prince Road   London SE1 7SJ   United Kingdom"},"categories":{"0":"Officer"},"statistics":{"digest":{"0":{"edgeType":"has similar name and address as","nodeCategories":{"0":"Officer"},"nodes":9,"edges":9},"1":{"edgeType":"registered address","nodeCategories":{"0":"Address"},"nodes":1,"edges":1},"2":{"edgeType":"is officer of","nodeCategories":{"0":"Company"},"nodes":18,"edges":18}},"edgeCount":28,"visibleEdgeCount":2,"hiddenEdgeCount":26}},"label":"Markom Nominees Ltd","x":28.432,"y":35.268,"fixed":true,"size":1,"glyphs":{"0":{"draw":true,"position":"top-right","content":"26"}},"active":false,"color":"#be4400","icon":{"font":"FontAwesome","scale":1,"color":"#fff","content":""},"colors":{"0":"#be4400"},"fa2_x":28.432,"fa2_y":35.268,"read_cam0:size":5,"read_cam0:x":28.432,"read_cam0:y":35.268,"renderer1:x":1417.5651260533423,"renderer1:y":623.9573543841881,"renderer1:size":23.195975636222},{"id":368961,"nodelink":{"x":57.884,"y":1.792,"fixed":true},"geo":{"latitudeDiff":0,"longitudeDiff":0},"data":{"properties":{"name":"Highland Ventures Group Limited","certificateNumber":"5","numbershares":"50,000","classofshares":"ORDINARY","dateofissue":"28-07-2014","ceasedmembership":"","transferdate":"","sharestransferred":"","newcertificate":"","custodianname":"","custodianaddress":"","citizenship":"NO","pep":"NO","rst":"NOT NEGATIVE RESULT","registerlocation":"Suite 007 Southbank House Black Prince Road London SE1 7SJ  UK"},"categories":{"0":"Officer"},"statistics":{"digest":{"0":{"edgeType":"has similar name and address as","nodeCategories":{"0":"Officer"},"nodes":1,"edges":1},"1":{"edgeType":"registered address","nodeCategories":{"0":"Address"},"nodes":1,"edges":1},"2":{"edgeType":"is officer of","nodeCategories":{"0":"Company"},"nodes":3,"edges":3}},"edgeCount":5,"visibleEdgeCount":2,"hiddenEdgeCount":3}},"label":"Highland Ventures Group Limited","x":57.884,"y":1.792,"fixed":true,"size":1,"glyphs":{"0":{"draw":true,"position":"top-right","content":"3"}},"active":false,"color":"#be4400","icon":{"font":"FontAwesome","scale":1,"color":"#fff","content":""},"colors":{"0":"#be4400"},"fa2_x":57.884,"fa2_y":1.792,"read_cam0:size":5,"read_cam0:x":57.884,"read_cam0:y":1.792,"renderer1:x":1618.0899257887208,"renderer1:y":396.0350334572039,"renderer1:size":23.195975636222},{"id":653205,"nodelink":{"x":-17.598,"y":33.981,"fixed":true},"geo":{"latitudeDiff":0,"longitudeDiff":0},"data":{"properties":{"name":"Mark Omelnitski","citizenship":"YES","pep":"NO","passport_copy":"Y"},"categories":{"0":"Officer"},"statistics":{"digest":{"0":{"edgeType":"registered address","nodeCategories":{"0":"Address"},"nodes":1,"edges":1},"1":{"edgeType":"is officer of","nodeCategories":{"0":"Company"},"nodes":24,"edges":24}},"edgeCount":25,"visibleEdgeCount":1,"hiddenEdgeCount":24}},"label":"Mark Omelnitski","x":-17.598,"y":33.981,"fixed":true,"size":1,"glyphs":{"0":{"draw":true,"position":"top-right","content":"24"}},"active":false,"color":"#be4400","icon":{"font":"FontAwesome","scale":1,"color":"#fff","content":""},"colors":{"0":"#be4400"},"fa2_x":-17.598,"fa2_y":33.981,"read_cam0:size":5,"read_cam0:x":-17.598,"read_cam0:y":33.981,"renderer1:x":1104.1685305141775,"renderer1:y":615.1947774026781,"renderer1:size":23.195975636222},{"id":368797,"data":{"properties":{"name":"MARKOM NOMINEES LTD (formerly SP NOMINEES LTD)","certificateNumber":"1","numbershares":"1","classofshares":"","dateofissue":"04-01-2007","ceasedmembership":"","transferdate":"","sharestransferred":"","newcertificate":"","custodianname":"","custodianaddress":"","citizenship":"NO","pep":"NO","rst":"NOT NEGATIVE RESULT","registerlocation":""},"categories":{"0":"Officer"},"statistics":{"digest":{"0":{"edgeType":"has similar name and address as","nodeCategories":{"0":"Officer"},"nodes":5,"edges":5},"1":{"edgeType":"registered address","nodeCategories":{"0":"Address"},"nodes":1,"edges":1},"2":{"edgeType":"is officer of","nodeCategories":{"0":"Company"},"nodes":11,"edges":11}},"edgeCount":17,"visibleEdgeCount":1,"hiddenEdgeCount":16}},"x":50.54701123595504,"y":-25.59965199136198,"label":"MARKOM NOMINEES LTD (formerly SP NOMINEES LTD)","size":1,"glyphs":{"0":{"draw":true,"position":"top-right","content":"16"},"1":{"draw":true,"position":"bottom-right","font":"FontAwesome","textColor":"#000","content":""}},"colors":{"0":"#be4400"},"color":"#be4400","icon":{"font":"FontAwesome","scale":1,"color":"#fff","content":""},"fa2_x":38.22256851196289,"fa2_y":-22.351057052612305,"fixed":true,"read_cam0:size":5,"read_cam0:x":50.54701123595504,"read_cam0:y":-25.59965199136198,"renderer1:x":1568.1358241124058,"renderer1:y":209.53817314248678,"renderer1:size":23.195975636222},{"id":370603,"data":{"properties":{"name":"Markom Nominees Ltd","certificateNumber":"1","numbershares":"50,000","classofshares":"","dateofissue":"12-07-2013","ceasedmembership":"","transferdate":"","sharestransferred":"","newcertificate":"","custodianname":"","custodianaddress":"","citizenship":"NO","pep":"NO","rst":"NOT NEGATIVE RESULT","registerlocation":"68 South Lambeth Road   Suite 9   3rd Floor   SW8 1RL London"},"categories":{"0":"Officer"},"statistics":{"digest":{"0":{"edgeType":"has similar name and address as","nodeCategories":{"0":"Officer"},"nodes":12,"edges":12},"1":{"edgeType":"registered address","nodeCategories":{"0":"Address"},"nodes":1,"edges":1},"2":{"edgeType":"is officer of","nodeCategories":{"0":"Company"},"nodes":17,"edges":17}},"edgeCount":30,"visibleEdgeCount":2,"hiddenEdgeCount":28}},"x":48.18973922729492,"y":7.283015727996826,"label":"Markom Nominees Ltd","size":1,"glyphs":{"0":{"draw":true,"position":"top-right","content":"28"}},"colors":{"0":"#be4400"},"color":"#be4400","icon":{"font":"FontAwesome","scale":1,"color":"#fff","content":""},"fa2_x":48.18973922729492,"fa2_y":7.283015727996826,"read_cam0:size":5,"read_cam0:x":48.18973922729492,"read_cam0:y":7.283015727996826,"renderer1:x":1552.0862689902278,"renderer1:y":433.420773957013,"renderer1:size":23.195975636222},{"id":372406,"data":{"properties":{"name":"Orbit Finance S.A.","certificateNumber":"3","numbershares":"50,000","classofshares":"ORDINARY","dateofissue":"10-06-2013","ceasedmembership":"28-07-2014","transferdate":"28-07-2014","sharestransferred":"50000.0","newcertificate":"4","custodianname":"","custodianaddress":"","citizenship":"NO","pep":"NO","rst":"NOT NEGATIVE RESULT","registerlocation":"SUITE 460 SOUTHBANK HOUSE   BLACK PRINCE ROAD   LONDON   SE1 7SJ   UNITED KINGDOM"},"categories":{"0":"Officer"},"statistics":{"digest":{"0":{"edgeType":"has similar name and address as","nodeCategories":{"0":"Officer"},"nodes":1,"edges":1},"1":{"edgeType":"registered address","nodeCategories":{"0":"Address"},"nodes":1,"edges":1},"2":{"edgeType":"is officer of","nodeCategories":{"0":"Company"},"nodes":1,"edges":1}},"edgeCount":3,"visibleEdgeCount":1,"hiddenEdgeCount":2}},"x":45.778812408447266,"y":-38.544864654541016,"label":"Orbit Finance S.A.","size":1,"glyphs":{"0":{"draw":true,"position":"top-right","content":"2"}},"colors":{"0":"#be4400"},"color":"#be4400","icon":{"font":"FontAwesome","scale":1,"color":"#fff","content":""},"fa2_x":45.778812408447266,"fa2_y":-38.544864654541016,"read_cam0:size":5,"read_cam0:x":45.778812408447266,"read_cam0:y":-38.544864654541016,"renderer1:x":1535.6714035302903,"renderer1:y":121.40031571970172,"renderer1:size":23.195975636222}],"edges":[{"id":69550,"source":667773,"target":177503,"data":{"properties":{"date_end":"","name":"Owner","date_start":""},"type":"is officer of"},"label":"is officer of","size":1,"active":false,"color":"#d48a60","hover":false,"read_cam0:size":2,"renderer1:size":9.2783902544888},{"id":69551,"source":667773,"target":157549,"data":{"properties":{"date_end":"","name":"Owner","date_start":""},"type":"is officer of"},"label":"is officer of","size":1,"active":false,"color":"#d48a60","hover":false,"read_cam0:size":2,"renderer1:size":9.2783902544888},{"id":69552,"source":667773,"target":39850,"data":{"properties":{"date_end":"","name":"Owner","date_start":""},"type":"is officer of"},"label":"is officer of","size":1,"active":false,"color":"#d48a60","read_cam0:size":2,"renderer1:size":9.2783902544888},{"id":566360,"source":389623,"target":157549,"data":{"properties":{"name":"Shareholder"},"type":"is officer of"},"label":"is officer of","size":1,"active":false,"color":"#d48a60","read_cam0:size":2,"renderer1:size":9.2783902544888},{"id":566361,"source":389622,"target":157549,"data":{"properties":{"name":"Shareholder"},"type":"is officer of"},"label":"is officer of","size":1,"active":false,"color":"#d48a60","hover":false,"read_cam0:size":2,"renderer1:size":9.2783902544888},{"id":726626,"source":584227,"target":177503,"data":{"properties":{},"type":"registered"},"label":"registered","size":1,"active":false,"color":"#8a6960","hover":false,"read_cam0:size":2,"renderer1:size":9.2783902544888},{"id":742371,"source":584227,"target":157549,"data":{"properties":{},"type":"registered"},"label":"registered","size":1,"active":false,"color":"#8a6960","read_cam0:size":2,"renderer1:size":9.2783902544888},{"id":745702,"source":584227,"target":39850,"data":{"properties":{},"type":"registered"},"label":"registered","size":1,"active":false,"color":"#8a6960","read_cam0:size":2,"renderer1:size":9.2783902544888},{"id":55145,"source":653205,"target":39850,"data":{"properties":{"name":"Beneficiay"},"type":"is officer of"},"label":"is officer of","size":1,"active":false,"color":"#d48a60","hover":false,"read_cam0:size":2,"renderer1:size":9.2783902544888},{"id":533306,"source":368961,"target":177503,"data":{"properties":{"name":"Shareholder"},"type":"is officer of"},"label":"is officer of","size":1,"active":false,"color":"#d48a60","read_cam0:size":2,"renderer1:size":9.2783902544888},{"id":570557,"source":352198,"target":39850,"data":{"properties":{"name":"Shareholder"},"type":"is officer of"},"label":"is officer of","size":1,"active":false,"color":"#d48a60","hover":false,"read_cam0:size":2,"renderer1:size":9.2783902544888},{"id":570558,"source":368961,"target":39850,"data":{"properties":{"name":"Shareholder"},"type":"is officer of"},"label":"is officer of","size":1,"active":false,"color":"#d48a60","hover":false,"read_cam0:size":2,"renderer1:size":9.2783902544888},{"id":368111,"source":352198,"target":370603,"data":{"properties":{"simil":1},"type":"has similar name and address as"},"label":"has similar name and address as","size":1,"color":"#d48a60","read_cam0:size":2,"renderer1:size":9.2783902544888},{"id":533304,"source":370603,"target":177503,"data":{"properties":{"name":"Shareholder"},"type":"is officer of"},"label":"is officer of","size":1,"color":"#d48a60","hover":false,"read_cam0:size":2,"renderer1:size":9.2783902544888},{"id":533305,"source":368797,"target":177503,"data":{"properties":{"name":"Shareholder"},"type":"is officer of"},"label":"is officer of","size":1,"color":"#d48a60","hover":false,"read_cam0:size":2,"renderer1:size":9.2783902544888},{"id":533307,"source":372406,"target":177503,"data":{"properties":{"name":"Shareholder"},"type":"is officer of"},"label":"is officer of","size":1,"color":"#d48a60","read_cam0:size":2,"renderer1:size":9.2783902544888}]}