{"nodes":[{"id":667771,"nodelink":{"x":8.075,"y":4.639,"fixed":true},"geo":{"latitudeDiff":0,"longitudeDiff":0},"data":{"properties":{"name":"Ólöf Nordal"},"categories":{"0":"Officer"},"statistics":{"digest":{"0":{"edgeType":"is officer of","nodeCategories":{"0":"Company"},"nodes":1,"edges":1}},"edgeCount":1,"visibleEdgeCount":1,"hiddenEdgeCount":0}},"label":"Ólöf Nordal","x":8.075,"y":4.639,"fixed":true,"size":1,"glyphs":{"0":{"draw":false,"position":"top-right","content":"0"}},"active":false,"colors":{"0":"#be4400"},"color":"#be4400","icon":{"font":"FontAwesome","scale":1,"color":"#fff","content":""},"read_cam0:size":5,"read_cam0:x":8.075,"read_cam0:y":4.639,"renderer1:x":1488,"renderer1:y":303,"renderer1:size":31.547867224009664},{"id":263991,"nodelink":{"x":-24.181,"y":11.092,"fixed":true},"geo":{"latitudeDiff":0,"longitudeDiff":0},"selected":true,"data":{"properties":{"file_number":"582650","jurisdiction":"BVI","name":"DOOLEY SECURITIES S.A.","status":"REN","inactivationDate":"08-OCT-2012","struck_off_date":"30-APR-2010","registrationDate":"28-NOV-2006"},"categories":{"0":"Company"},"statistics":{"digest":{"0":{"edgeType":"is officer of","nodeCategories":{"0":"Officer"},"nodes":3,"edges":3},"1":{"edgeType":"registered","nodeCategories":{"0":"Client"},"nodes":1,"edges":1}},"edgeCount":4,"visibleEdgeCount":4,"hiddenEdgeCount":0}},"label":"DOOLEY SECURITIES S.A.","x":-24.181,"y":11.092,"fixed":true,"size":1,"glyphs":{"0":{"draw":false,"position":"top-right","content":"0"}},"active":true,"colors":{"0":"#420e00"},"color":"#420e00","icon":{"font":"FontAwesome","scale":1,"color":"#fff","content":""},"read_cam0:size":5,"read_cam0:x":-24.181,"read_cam0:y":11.092,"renderer1:x":1165.44,"renderer1:y":367.53000000000003,"renderer1:size":31.547867224009664},{"id":339983,"nodelink":{"x":-5.825,"y":31.839,"fixed":true},"geo":{"latitudeDiff":0,"longitudeDiff":0},"data":{"properties":{"name":"LANDSBANKI LUXEMBOURG S.A.","certificateNumber":"1","numbershares":"1","classofshares":"","dateofissue":"11-08-2006","ceasedmembership":"","transferdate":"","sharestransferred":"","newcertificate":"","custodianname":"","custodianaddress":"","citizenship":"NO","pep":"NO","rst":"NOT NEGATIVE RESULT","registerlocation":""},"categories":{"0":"Officer"},"statistics":{"digest":{"0":{"edgeType":"has similar name and address as","nodeCategories":{"0":"Officer"},"nodes":10,"edges":10},"1":{"edgeType":"registered address","nodeCategories":{"0":"Address"},"nodes":1,"edges":1},"2":{"edgeType":"is officer of","nodeCategories":{"0":"Company"},"nodes":28,"edges":28}},"edgeCount":39,"visibleEdgeCount":1,"hiddenEdgeCount":38}},"label":"LANDSBANKI LUXEMBOURG S.A.","x":-5.825,"y":31.839,"fixed":true,"size":1,"glyphs":{"0":{"draw":true,"position":"top-right","content":"38"}},"active":false,"colors":{"0":"#be4400"},"color":"#be4400","icon":{"font":"FontAwesome","scale":1,"color":"#fff","content":""},"read_cam0:size":5,"read_cam0:x":-5.825,"read_cam0:y":31.839,"renderer1:x":1349,"renderer1:y":575,"renderer1:size":31.547867224009664},{"id":371860,"nodelink":{"x":-33.525,"y":-11.361,"fixed":true},"geo":{"latitudeDiff":0,"longitudeDiff":0},"data":{"properties":{"name":"Landsbanki Luxembourg S.A.","certificateNumber":"1","numbershares":"1","classofshares":"","dateofissue":"28-11-2006","ceasedmembership":"","transferdate":"","sharestransferred":"","newcertificate":"","custodianname":"","custodianaddress":"","citizenship":"NO","pep":"NO","rst":"NOT NEGATIVE RESULT","registerlocation":""},"categories":{"0":"Officer"},"statistics":{"digest":{"0":{"edgeType":"registered address","nodeCategories":{"0":"Address"},"nodes":1,"edges":1},"1":{"edgeType":"is officer of","nodeCategories":{"0":"Company"},"nodes":1,"edges":1}},"edgeCount":2,"visibleEdgeCount":1,"hiddenEdgeCount":1}},"label":"Landsbanki Luxembourg S.A.","x":-33.525,"y":-11.361,"fixed":true,"size":1,"glyphs":{"0":{"draw":true,"position":"top-right","content":"1"}},"active":false,"colors":{"0":"#be4400"},"color":"#be4400","icon":{"font":"FontAwesome","scale":1,"color":"#fff","content":""},"read_cam0:size":5,"read_cam0:x":-33.525,"read_cam0:y":-11.361,"renderer1:x":1072,"renderer1:y":143,"renderer1:size":31.547867224009664},{"id":587991,"nodelink":{"x":-17.425,"y":-4.861,"fixed":true},"geo":{"latitudeDiff":0,"longitudeDiff":0},"data":{"properties":{"name":"LANDSBANKI LUXEMBOURG S.A.","status":"ACTIVE","client_number":"28303","client_name":"LANDSBANKI LUXEMBOURG S.A.","prospect_date":"","active_since":"21-MAY-2014","country":"LUXEMBOURG","city":"LUXEMBOURG CITY","former_name":"","cross_reference":"","activity":"BANK","classification":"Special rates","subclassification":"Professional Fees","region":"LUXEMBOURG CLIENTS","compliance_classification":"INTERMEDIARY"},"categories":{"0":"Client"},"statistics":{"digest":{"0":{"edgeType":"registered","nodeCategories":{"0":"Company"},"nodes":404,"edges":404}},"edgeCount":404,"visibleEdgeCount":1,"hiddenEdgeCount":403}},"label":"LANDSBANKI LUXEMBOURG S.A.","x":-17.425,"y":-4.861,"fixed":true,"size":1,"glyphs":{"0":{"draw":true,"position":"top-right","content":"403"}},"active":false,"colors":{"0":"#851d00"},"color":"#851d00","icon":{"font":"FontAwesome","scale":1,"color":"#fff","content":""},"read_cam0:size":5,"read_cam0:x":-17.425,"read_cam0:y":-4.861,"renderer1:x":1233,"renderer1:y":208,"renderer1:size":31.547867224009664}],"edges":[{"id":69545,"source":667771,"target":263991,"data":{"properties":{"date_end":"","name":"Power of attorney","date_start":"28/11/2006"},"type":"is officer of"},"label":"is officer of","size":1,"active":false,"color":"#d48a60","read_cam0:size":2,"renderer1:size":12.619146889603865},{"id":536667,"source":339983,"target":263991,"data":{"properties":{"name":"Shareholder"},"type":"is officer of"},"label":"is officer of","size":1,"active":false,"color":"#d48a60","read_cam0:size":2,"renderer1:size":12.619146889603865},{"id":536668,"source":371860,"target":263991,"data":{"properties":{"name":"Shareholder"},"type":"is officer of"},"label":"is officer of","size":1,"active":false,"color":"#d48a60","read_cam0:size":2,"renderer1:size":12.619146889603865},{"id":808088,"source":587991,"target":263991,"data":{"properties":{},"type":"registered"},"label":"registered","size":1,"active":false,"color":"#8a6960","read_cam0:size":2,"renderer1:size":12.619146889603865}]}