{"nodes":[{"id":93485,"nodelink":{"x":-0.534,"y":-2.096},"geo":{"latitudeDiff":0,"longitudeDiff":0},"selected":true,"data":{"properties":{"file_number":"74340","jurisdiction":"PMA","name":"RENTON MANAGEMENT S.A.","status":"ACT","inactivationDate":"","struck_off_date":"","registrationDate":"05-FEB-2014"},"categories":{"0":"Company"},"statistics":{"digest":{"0":{"edgeType":"is officer of","nodeCategories":{"0":"Officer"},"nodes":1,"edges":1},"1":{"edgeType":"registered","nodeCategories":{"0":"Client"},"nodes":1,"edges":1}},"edgeCount":2,"visibleEdgeCount":2,"hiddenEdgeCount":0}},"label":"RENTON MANAGEMENT S.A.","x":-0.534,"y":-2.096,"size":1,"glyphs":{"0":{"draw":false,"position":"top-right","content":"0"}},"active":true,"colors":{"0":"#420e00"},"color":"#420e00","icon":{"font":"FontAwesome","scale":1,"color":"#fff","content":""},"read_cam0:size":5,"read_cam0:x":-0.534,"read_cam0:y":-2.096,"renderer1:x":1227.75,"renderer1:y":379.315,"renderer1:size":31.547867224009664},{"id":471887,"nodelink":{"x":-2.941,"y":10.64},"geo":{"latitudeDiff":0,"longitudeDiff":0},"data":{"properties":{"name":"CESAR AUGUSTO ROSENTHAL HIDALGO","certificateNumber":"1","numbershares":"100","classofshares":"","dateofissue":"06-02-2014","ceasedmembership":"","transferdate":"","sharestransferred":"","newcertificate":"","custodianname":"","custodianaddress":"","citizenship":"NO","pep":"NO","rst":"NOT NEGATIVE RESULT","registerlocation":""},"categories":{"0":"Officer"},"statistics":{"digest":{"0":{"edgeType":"registered address","nodeCategories":{"0":"Address"},"nodes":1,"edges":1},"1":{"edgeType":"is officer of","nodeCategories":{"0":"Company"},"nodes":1,"edges":1}},"edgeCount":2,"visibleEdgeCount":2,"hiddenEdgeCount":0}},"label":"CESAR AUGUSTO ROSENTHAL HIDALGO","x":-2.941,"y":10.64,"size":1,"glyphs":{"0":{"draw":false,"position":"top-right","content":"0"}},"active":false,"colors":{"0":"#be4400"},"color":"#be4400","icon":{"font":"FontAwesome","scale":1,"color":"#fff","content":""},"read_cam0:size":5,"read_cam0:x":-2.941,"read_cam0:y":10.64,"renderer1:x":1203.6799999999998,"renderer1:y":506.67499999999995,"renderer1:size":31.547867224009664},{"id":583577,"nodelink":{"x":-7.676,"y":-18.895},"geo":{"latitudeDiff":0,"longitudeDiff":0},"data":{"properties":{"name":"CONSULTORES LEGALES, S. A.","client_number":"13237","client_name":"CONSULTORES LEGALES, S. A."},"categories":{"0":"Client"},"statistics":{"digest":{"0":{"edgeType":"registered","nodeCategories":{"0":"Company"},"nodes":44,"edges":44}},"edgeCount":44,"visibleEdgeCount":1,"hiddenEdgeCount":43}},"label":"CONSULTORES LEGALES, S. A.","x":-7.676,"y":-18.895,"size":1,"glyphs":{"0":{"draw":true,"position":"top-right","content":"43"}},"active":false,"colors":{"0":"#851d00"},"color":"#851d00","icon":{"font":"FontAwesome","scale":1,"color":"#fff","content":""},"read_cam0:size":5,"read_cam0:x":-7.676,"read_cam0:y":-18.895,"renderer1:x":1156.33,"renderer1:y":211.325,"renderer1:size":31.547867224009664},{"id":527668,"nodelink":{"x":17.058,"y":6.064},"geo":{"latitudeDiff":0,"longitudeDiff":0},"data":{"properties":{"name":"Avenida Reforma 6-64 Zona 9; Edificio Plaza Corporativa Reforma; Torre 1; Nivel 8; Oficina 801; Ciudad de Guatemala."},"categories":{"0":"Address"},"statistics":{"digest":{"0":{"edgeType":"registered address","nodeCategories":{"0":"Officer"},"nodes":1,"edges":1}},"edgeCount":1,"visibleEdgeCount":1,"hiddenEdgeCount":0}},"label":"Avenida Reforma 6-64 Zona 9; Edificio Plaza Corporativa Reforma; Torre 1; Nivel 8; Oficina 801; Ciudad de Guatemala.","x":17.058,"y":6.064,"size":1,"glyphs":{"0":{"draw":false,"position":"top-right","content":"0"}},"active":false,"colors":{"0":"#937c6f"},"color":"#937c6f","icon":{"font":"FontAwesome","scale":1,"color":"#fff","content":""},"read_cam0:size":5,"read_cam0:x":17.058,"read_cam0:y":6.064,"renderer1:x":1403.6699999999998,"renderer1:y":460.91499999999996,"renderer1:size":31.547867224009664}],"edges":[{"id":21530,"source":471887,"target":93485,"data":{"properties":{"name":"Shareholder"},"type":"is officer of"},"label":"Shareholder","size":1,"active":false,"color":"#d48a60","read_cam0:size":2,"renderer1:size":12.619146889603865},{"id":296001,"source":471887,"target":527668,"data":{"properties":{},"type":"registered address"},"label":"registered address","size":1,"active":false,"color":"#baaba3","read_cam0:size":2,"renderer1:size":12.619146889603865},{"id":778904,"source":583577,"target":93485,"data":{"properties":{},"type":"registered"},"label":"registered","size":1,"active":false,"color":"#8a6960","read_cam0:size":2,"renderer1:size":12.619146889603865}]}