{"nodes":[{"id":285895,"nodelink":{"x":-17.717,"y":9.949,"fixed":true},"geo":{"latitudeDiff":0,"longitudeDiff":0},"selected":true,"data":{"properties":{"file_number":"575326","jurisdiction":"BVI","name":"LYNDEN MANAGEMENT LTD.","status":"ACT","inactivationDate":"","struck_off_date":"","registrationDate":"03-JAN-2006"},"categories":{"0":"Company"},"statistics":{"digest":{"0":{"edgeType":"is officer of","nodeCategories":{"0":"Officer"},"nodes":4,"edges":4},"1":{"edgeType":"registered","nodeCategories":{"0":"Client"},"nodes":1,"edges":1}},"edgeCount":5,"visibleEdgeCount":5,"hiddenEdgeCount":0}},"label":"LYNDEN MANAGEMENT LTD.","x":-35.267,"y":1.5489999999999995,"fixed":true,"size":1,"glyphs":{"0":{"draw":false,"position":"top-right","content":"0"},"1":{"draw":true,"position":"bottom-right","font":"FontAwesome","textColor":"#000","content":""}},"active":true,"color":"#420e00","icon":{"font":"FontAwesome","scale":1,"color":"#fff","content":""},"fa2_x":-35.267,"fa2_y":1.5489999999999995,"colors":{"0":"#420e00"},"read_cam0:size":5,"read_cam0:x":-35.267,"read_cam0:y":1.5489999999999995,"renderer1:x":1103.5,"renderer1:y":335.5,"renderer1:size":31.547867224009664},{"id":365987,"nodelink":{"x":18.083,"y":26.949,"fixed":true},"geo":{"latitudeDiff":0,"longitudeDiff":0},"data":{"properties":{"name":"SERANGOON LIMITED","certificateNumber":"1","numbershares":"1","classofshares":"","dateofissue":"27-04-2006","ceasedmembership":"","transferdate":"","sharestransferred":"","newcertificate":"","custodianname":"","custodianaddress":"","citizenship":"NO","pep":"NO","rst":"NOT NEGATIVE RESULT","registerlocation":"1 RAFFLES LINK #05-02   SINGAPORE 039393"},"categories":{"0":"Officer"},"statistics":{"digest":{"0":{"edgeType":"has similar name and address as","nodeCategories":{"0":"Officer"},"nodes":10,"edges":10},"1":{"edgeType":"registered address","nodeCategories":{"0":"Address"},"nodes":1,"edges":1},"2":{"edgeType":"is officer of","nodeCategories":{"0":"Company"},"nodes":1,"edges":1}},"edgeCount":12,"visibleEdgeCount":1,"hiddenEdgeCount":11}},"label":"SERANGOON LIMITED","x":-41.26700000000001,"y":14.049,"fixed":true,"size":1,"glyphs":{"0":{"draw":true,"position":"top-right","content":"11"},"1":{"draw":true,"position":"bottom-right","font":"FontAwesome","textColor":"#000","content":""}},"active":false,"color":"#be4400","icon":{"font":"FontAwesome","scale":1,"color":"#fff","content":""},"fa2_x":-13.367,"fa2_y":15.549,"colors":{"0":"#be4400"},"read_cam0:size":5,"read_cam0:x":-41.26700000000001,"read_cam0:y":14.049,"renderer1:x":1043.5,"renderer1:y":460.5,"renderer1:size":31.547867224009664},{"id":592190,"nodelink":{"x":-35.317,"y":-3.351,"fixed":true},"geo":{"latitudeDiff":0,"longitudeDiff":0},"data":{"properties":{"name":"MOSSACK FONSECA & CO. (SINGAPORE) PTE LTD.","status":"ACTIVE","client_number":"4466","client_name":"MOSSACK FONSECA & CO. (SINGAPORE) PTE LTD.","prospect_date":"","active_since":"01-MAR-1993","country":"SINGAPORE","city":"SINGAPORE","former_name":"TPS CORPORATE SERVICES PTE. LTD.","cross_reference":"TPS CORPORATE SERVICES PTE LTD","activity":"SECRETARIAL SERVICES","classification":"Special rates","subclassification":"Representative","region":"REPRESENTATIVE CLIENTS","compliance_classification":"INTERMEDIARY"},"categories":{"0":"Client"},"statistics":{"digest":{"0":{"edgeType":"registered","nodeCategories":{"0":"Company"},"nodes":3888,"edges":3888}},"edgeCount":3888,"visibleEdgeCount":1,"hiddenEdgeCount":3887}},"label":"MOSSACK FONSECA & CO. (SINGAPORE) PTE LTD.","x":-43.667000000000016,"y":-9.251,"fixed":true,"size":1,"glyphs":{"0":{"draw":true,"position":"top-right","content":"3.887k"},"1":{"draw":true,"position":"bottom-right","font":"FontAwesome","textColor":"#000","content":""}},"active":false,"color":"#851d00","icon":{"font":"FontAwesome","scale":1,"color":"#fff","content":""},"fa2_x":-43.667000000000016,"fa2_y":-9.251,"colors":{"0":"#851d00"},"read_cam0:size":5,"read_cam0:x":-43.667000000000016,"read_cam0:y":-9.251,"renderer1:x":1019.4999999999999,"renderer1:y":227.5,"renderer1:size":31.547867224009664},{"id":659151,"nodelink":{"x":18.583,"y":34.349,"fixed":true},"geo":{"latitudeDiff":0,"longitudeDiff":0},"data":{"properties":{"name":"Bidzina Ivanishvili","citizenship":"NO","pep":"YES","passport_copy":"N"},"categories":{"0":"Officer"},"statistics":{"digest":{"0":{"edgeType":"registered address","nodeCategories":{"0":"Address"},"nodes":1,"edges":1},"1":{"edgeType":"is officer of","nodeCategories":{"0":"Company"},"nodes":1,"edges":1}},"edgeCount":2,"visibleEdgeCount":2,"hiddenEdgeCount":0}},"label":"Bidzina Ivanishvili","x":-14.767,"y":6.848999999999999,"fixed":true,"size":1,"glyphs":{"0":{"draw":false,"position":"top-right","content":"0"},"1":{"draw":true,"position":"bottom-right","font":"FontAwesome","textColor":"#000","content":""}},"active":false,"color":"#be4400","icon":{"font":"FontAwesome","scale":1,"color":"#fff","content":""},"fa2_x":-13.267000000000003,"fa2_y":21.849,"colors":{"0":"#be4400"},"read_cam0:size":5,"read_cam0:x":-14.767,"read_cam0:y":6.848999999999999,"renderer1:x":1308.5,"renderer1:y":388.5,"renderer1:size":31.547867224009664},{"id":667730,"data":{"properties":{"name":"Bidzina Ivanishvili"},"categories":{"0":"Officer"},"statistics":{"digest":{"0":{"edgeType":"is officer of","nodeCategories":{"0":"Company"},"nodes":1,"edges":1}},"edgeCount":1,"visibleEdgeCount":1,"hiddenEdgeCount":0}},"x":-14.867000000000004,"y":-3.451000000000005,"label":"Bidzina Ivanishvili","size":1,"glyphs":{"0":{"draw":false,"position":"top-right","content":"0"},"1":{"draw":true,"position":"bottom-right","font":"FontAwesome","textColor":"#000","content":""}},"color":"#be4400","icon":{"font":"FontAwesome","scale":1,"color":"#fff","content":""},"fa2_x":-14.867000000000004,"fa2_y":-3.451000000000005,"fixed":true,"active":false,"colors":{"0":"#be4400"},"read_cam0:size":5,"read_cam0:x":-14.867000000000004,"read_cam0:y":-3.451000000000005,"renderer1:x":1307.5,"renderer1:y":285.49999999999994,"renderer1:size":31.547867224009664},{"id":666689,"data":{"properties":{"name":"Georgia Irakly II Square 3, Tbilisi"},"categories":{"0":"Address"},"statistics":{"digest":{"0":{"edgeType":"registered address","nodeCategories":{"0":"Officer"},"nodes":1,"edges":1}},"edgeCount":1,"visibleEdgeCount":1,"hiddenEdgeCount":0}},"x":8.433,"y":6.848999999999999,"label":"Georgia Irakly II Square 3, Tbilisi","size":1,"glyphs":{"0":{"draw":false,"position":"top-right","content":"0"},"1":{"draw":true,"position":"bottom-right","font":"FontAwesome","textColor":"#000","content":""}},"color":"#937c6f","icon":{"font":"FontAwesome","scale":1,"color":"#fff","content":""},"fa2_x":-12.86093042816113,"fa2_y":35.41083760834986,"fixed":true,"active":false,"colors":{"0":"#937c6f"},"read_cam0:size":5,"read_cam0:x":8.433,"read_cam0:y":6.848999999999999,"renderer1:x":1540.5,"renderer1:y":388.5,"renderer1:size":31.547867224009664},{"id":365988,"data":{"properties":{"name":"SELETAR LIMITED","certificateNumber":"2","numbershares":"1","classofshares":"","dateofissue":"27-04-2006","ceasedmembership":"","transferdate":"","sharestransferred":"","newcertificate":"","custodianname":"","custodianaddress":"","citizenship":"NO","pep":"NO","rst":"NOT NEGATIVE RESULT","registerlocation":"1 RAFFLES LINK #05-02   SINGAPORE 039393"},"categories":{"0":"Officer"},"statistics":{"digest":{"0":{"edgeType":"has similar name and address as","nodeCategories":{"0":"Officer"},"nodes":8,"edges":8},"1":{"edgeType":"registered address","nodeCategories":{"0":"Address"},"nodes":1,"edges":1},"2":{"edgeType":"is officer of","nodeCategories":{"0":"Company"},"nodes":1,"edges":1}},"edgeCount":10,"visibleEdgeCount":1,"hiddenEdgeCount":9}},"x":-14.966999999999977,"y":17.049,"label":"SELETAR LIMITED","size":1,"glyphs":{"0":{"draw":true,"position":"top-right","content":"9"},"1":{"draw":true,"position":"bottom-right","font":"FontAwesome","textColor":"#000","content":""}},"colors":{"0":"#be4400"},"color":"#be4400","icon":{"font":"FontAwesome","scale":1,"color":"#fff","content":""},"fa2_x":-38.40601348876953,"fa2_y":-3.335392713546753,"fixed":true,"read_cam0:size":5,"read_cam0:x":-14.966999999999977,"read_cam0:y":17.049,"renderer1:x":1306.5000000000002,"renderer1:y":490.5,"renderer1:size":31.547867224009664}],"edges":[{"id":725959,"source":592190,"target":285895,"data":{"properties":{},"type":"registered"},"label":"registered","size":1,"active":false,"color":"#8a6960","hover":false,"read_cam0:size":2,"renderer1:size":12.619146889603865},{"id":61601,"source":659151,"target":285895,"data":{"properties":{"name":"Beneficiay"},"type":"is officer of"},"label":"Beneficiay","size":1,"color":"#d48a60","hover":false,"active":false,"read_cam0:size":2,"renderer1:size":12.619146889603865},{"id":69450,"source":667730,"target":285895,"data":{"properties":{"name":"Beneficial Owner","date_start":"","date_end":""},"type":"is officer of"},"label":"Beneficial Owner","size":1,"color":"#d48a60","hover":false,"active":false,"read_cam0:size":2,"renderer1:size":12.619146889603865},{"id":402200,"source":365987,"target":285895,"data":{"properties":{"name":"Shareholder"},"type":"is officer of"},"label":"Shareholder","size":1,"color":"#d48a60","hover":false,"active":false,"read_cam0:size":2,"renderer1:size":12.619146889603865},{"id":336072,"source":659151,"target":666689,"data":{"properties":{},"type":"registered address"},"label":"registered address","size":1,"color":"#baaba3","active":false,"hover":false,"read_cam0:size":2,"renderer1:size":12.619146889603865},{"id":402201,"source":365988,"target":285895,"data":{"properties":{"name":"Shareholder"},"type":"is officer of"},"label":"Shareholder","size":1,"color":"#d48a60","hover":false,"read_cam0:size":2,"renderer1:size":12.619146889603865}]}