{"nodes":[{"id":601885,"nodelink":{"x":-0.412,"y":6.083,"fixed":true},"geo":{"latitudeDiff":0,"longitudeDiff":0},"selected":true,"data":{"properties":{"file_number":"78053","jurisdiction":"PMA","name":"ROYAL ARRIVAL CORP.","status":"ACT","inactivationDate":"","struck_off_date":"","registrationDate":"07-APR-2015"},"categories":{"0":"Company"},"statistics":{"digest":{"0":{"edgeType":"is officer of","nodeCategories":{"0":"Officer"},"nodes":2,"edges":2},"1":{"edgeType":"registered","nodeCategories":{"0":"Client"},"nodes":1,"edges":1}},"edgeCount":3,"visibleEdgeCount":3,"hiddenEdgeCount":0}},"label":"ROYAL ARRIVAL CORP.","x":-34.66863070106506,"y":-9.817,"fixed":true,"size":1,"glyphs":{"0":{"draw":false,"position":"top-right","content":"0"},"1":{"draw":true,"position":"bottom-right","font":"FontAwesome","textColor":"#000","content":""}},"active":true,"color":"#420e00","icon":{"font":"FontAwesome","scale":1,"color":"#fff","content":""},"colors":{"0":"#420e00"},"fa2_x":-0.412,"fa2_y":6.083,"read_cam0:size":5,"read_cam0:x":-34.66863070106506,"read_cam0:y":-9.817,"renderer1:x":1258,"renderer1:y":365,"renderer1:size":31.547867224009664},{"id":586245,"nodelink":{"x":-25.412,"y":-7.817,"fixed":true},"geo":{"latitudeDiff":0,"longitudeDiff":0},"data":{"properties":{"name":"CEC GROUP LIMITED","status":"ACTIVE","client_number":"28331","client_name":"CEC GROUP LIMITED","prospect_date":"","active_since":"22-FEB-2010","country":"LUXEMBOURG","city":"LUXEMBOURG CITY","former_name":"COMPAGNIE D'ETUDE ET DE CONSEIL LUXEMBOURG SA","cross_reference":"","activity":"MANAGEMENT COMPANY","classification":"Special rates","subclassification":"Professional Fees","region":"LUXEMBOURG CLIENTS","compliance_classification":"INTERMEDIARY"},"categories":{"0":"Client"},"statistics":{"digest":{"0":{"edgeType":"registered","nodeCategories":{"0":"Company"},"nodes":98,"edges":98}},"edgeCount":98,"visibleEdgeCount":1,"hiddenEdgeCount":97}},"label":"CEC GROUP LIMITED","x":-48.26863070106506,"y":-18.117000000000004,"fixed":true,"size":1,"glyphs":{"0":{"draw":true,"position":"top-right","content":"97"},"1":{"draw":true,"position":"bottom-right","font":"FontAwesome","textColor":"#000","content":""}},"active":false,"color":"#851d00","icon":{"font":"FontAwesome","scale":1,"color":"#fff","content":""},"colors":{"0":"#851d00"},"fa2_x":-25.412,"fa2_y":-7.817,"read_cam0:size":5,"read_cam0:x":-48.26863070106506,"read_cam0:y":-18.117000000000004,"renderer1:x":1122,"renderer1:y":282,"renderer1:size":31.547867224009664},{"id":654634,"nodelink":{"x":0.688,"y":19.683,"fixed":true},"geo":{"latitudeDiff":0,"longitudeDiff":0},"data":{"properties":{"name":"Bouchouareb Abdessalam","citizenship":"NO","pep":"YES","passport_copy":""},"categories":{"0":"Officer"},"statistics":{"digest":{"0":{"edgeType":"is officer of","nodeCategories":{"0":"Company"},"nodes":1,"edges":1}},"edgeCount":1,"visibleEdgeCount":1,"hiddenEdgeCount":0}},"label":"Bouchouareb Abdessalam","x":-16.86863070106507,"y":-2.7169999999999987,"fixed":true,"size":1,"glyphs":{"0":{"draw":false,"position":"top-right","content":"0"},"1":{"draw":true,"position":"bottom-right","font":"FontAwesome","textColor":"#000","content":""}},"active":false,"color":"#be4400","icon":{"font":"FontAwesome","scale":1,"color":"#fff","content":""},"colors":{"0":"#be4400"},"fa2_x":0.688,"fa2_y":19.683,"read_cam0:size":5,"read_cam0:x":-16.86863070106507,"read_cam0:y":-2.7169999999999987,"renderer1:x":1436,"renderer1:y":436,"renderer1:size":31.547867224009664},{"id":667767,"data":{"properties":{"name":"Abdeslam Bouchouareb"},"categories":{"0":"Officer"},"statistics":{"digest":{"0":{"edgeType":"is officer of","nodeCategories":{"0":"Company"},"nodes":1,"edges":1}},"edgeCount":1,"visibleEdgeCount":1,"hiddenEdgeCount":0}},"x":-16.66863070106507,"y":-17.117,"label":"Abdeslam Bouchouareb","size":1,"glyphs":{"0":{"draw":false,"position":"top-right","content":"0"},"1":{"draw":true,"position":"bottom-right","font":"FontAwesome","textColor":"#000","content":""}},"colors":{"0":"#be4400"},"color":"#be4400","icon":{"font":"FontAwesome","scale":1,"color":"#fff","content":""},"fa2_x":5.474738597869873,"fa2_y":-4.596128940582275,"fixed":true,"read_cam0:size":5,"read_cam0:x":-16.66863070106507,"read_cam0:y":-17.117,"renderer1:x":1438,"renderer1:y":292,"renderer1:size":31.547867224009664}],"edges":[{"id":772404,"source":586245,"target":601885,"data":{"properties":{},"type":"registered"},"label":"registered","size":1,"active":false,"color":"#8a6960","hover":false,"read_cam0:size":2,"renderer1:size":12.619146889603865},{"id":57441,"source":654634,"target":601885,"data":{"properties":{"name":"Beneficiay"},"type":"is officer of"},"label":"Beneficiay","size":1,"color":"#d48a60","read_cam0:size":2,"renderer1:size":12.619146889603865},{"id":69541,"source":667767,"target":601885,"data":{"properties":{"name":"Beneficial Owner","date_start":"10/07/2015","date_end":""},"type":"is officer of"},"label":"Beneficial Owner","size":1,"color":"#d48a60","hover":false,"read_cam0:size":2,"renderer1:size":12.619146889603865}]}