{"nodes":[{"id":403062,"nodelink":{"x":-12.205,"y":2.233,"fixed":true},"geo":{"latitudeDiff":0,"longitudeDiff":0},"data":{"properties":{"name":"Giuseppe Donaldo Nicosia","certificateNumber":"1","numbershares":"50,000","classofshares":"","dateofissue":"20-05-2011","ceasedmembership":"","transferdate":"","sharestransferred":"","newcertificate":"","custodianname":"","custodianaddress":"","citizenship":"NO","pep":"NO","rst":"NOT NEGATIVE RESULT","registerlocation":"Akara Building   24 de Castro Street   Wickhams Cay I   Road Town   Tortola   British Virgin Islands"},"categories":{"0":"Officer"},"statistics":{"digest":{"0":{"edgeType":"registered address","nodeCategories":{"0":"Address"},"nodes":1,"edges":1},"1":{"edgeType":"is officer of","nodeCategories":{"0":"Company"},"nodes":1,"edges":1}},"edgeCount":2,"visibleEdgeCount":2,"hiddenEdgeCount":0}},"label":"Giuseppe Donaldo Nicosia","x":-12.205,"y":2.233,"fixed":true,"size":1,"glyphs":{"0":{"draw":false,"position":"top-right","content":"0"}},"active":false,"color":"#be4400","icon":{"font":"FontAwesome","scale":1,"color":"#fff","content":""},"fa2_x":-12.205,"fa2_y":2.233,"colors":{"0":"#be4400"},"read_cam0:size":5,"read_cam0:x":-12.205,"read_cam0:y":2.233,"renderer1:x":1208.0967144884369,"renderer1:y":434.1016784270454,"renderer1:size":28.068263628624287},{"id":242337,"nodelink":{"x":-22.147,"y":-17.456,"fixed":true},"geo":{"latitudeDiff":0,"longitudeDiff":0},"selected":true,"data":{"properties":{"file_number":"6021023","jurisdiction":"BVI","name":"DARION TRADING LTD.","status":"MOR","inactivationDate":"06-NOV-2015","struck_off_date":"31-OCT-2015","registrationDate":"20-MAY-2011"},"categories":{"0":"Company"},"statistics":{"digest":{"0":{"edgeType":"is officer of","nodeCategories":{"0":"Officer"},"nodes":2,"edges":2},"1":{"edgeType":"registered","nodeCategories":{"0":"Client"},"nodes":1,"edges":1}},"edgeCount":3,"visibleEdgeCount":3,"hiddenEdgeCount":0}},"label":"DARION TRADING LTD.","x":-22.147,"y":-17.456,"fixed":true,"size":1,"glyphs":{"0":{"draw":false,"position":"top-right","content":"0"}},"active":true,"color":"#420e00","icon":{"font":"FontAwesome","scale":1,"color":"#fff","content":""},"fa2_x":-22.147,"fa2_y":-17.456,"colors":{"0":"#420e00"},"read_cam0:size":5,"read_cam0:x":-22.147,"read_cam0:y":-17.456,"renderer1:x":1122.189292369653,"renderer1:y":263.9718017325439,"renderer1:size":28.068263628624287},{"id":531816,"nodelink":{"x":17.962,"y":3.615},"geo":{"latitudeDiff":0,"longitudeDiff":0},"data":{"properties":{"name":"Caje Maximo Aguirre 18-2A; 48011 Bilbao; Vizcaya; Spain"},"categories":{"0":"Address"},"statistics":{"digest":{"0":{"edgeType":"registered address","nodeCategories":{"0":"Officer"},"nodes":1,"edges":1}},"edgeCount":1,"visibleEdgeCount":1,"hiddenEdgeCount":0}},"label":"Caje Maximo Aguirre 18-2A; 48011 Bilbao; Vizcaya; Spain","x":6.102177619934082,"y":23.144580841064453,"size":1,"glyphs":{"0":{"draw":false,"position":"top-right","content":"0"}},"active":false,"color":"#937c6f","icon":{"font":"FontAwesome","scale":1,"color":"#fff","content":""},"fa2_x":6.102177619934082,"fa2_y":23.144580841064453,"colors":{"0":"#937c6f"},"read_cam0:size":5,"read_cam0:x":6.102177619934082,"read_cam0:y":23.144580841064453,"renderer1:x":1366.286458563998,"renderer1:y":614.7957040239471,"renderer1:size":28.068263628624287},{"id":585616,"data":{"properties":{"name":"ROCA/GONZALEZ, P.A.","status":"ACTIVE","client_number":"25150","client_name":"ROCA/GONZALEZ, P.A.","prospect_date":"05-JUL-2008","active_since":"05-JUL-2008","country":"UNITED STATES","city":"MIAMI","former_name":"","cross_reference":"","activity":"","classification":"","subclassification":"","region":"","compliance_classification":""},"categories":{"0":"Client"},"statistics":{"digest":{"0":{"edgeType":"registered","nodeCategories":{"0":"Company"},"nodes":41,"edges":41}},"edgeCount":41,"visibleEdgeCount":1,"hiddenEdgeCount":40}},"x":2.079624046325682,"y":-36.0615,"label":"ROCA/GONZALEZ, P.A.","size":1,"glyphs":{"0":{"draw":true,"position":"top-right","content":"40"},"1":{"draw":true,"position":"bottom-right","font":"FontAwesome","textColor":"#000","content":""}},"colors":{"0":"#851d00"},"color":"#851d00","icon":{"font":"FontAwesome","scale":1,"color":"#fff","content":""},"fa2_x":-6.2354207038879395,"fa2_y":-16.030920028686523,"fixed":true,"read_cam0:size":5,"read_cam0:x":2.079624046325682,"read_cam0:y":-36.0615,"renderer1:x":1331.5281395292566,"renderer1:y":103.204295976053,"renderer1:size":28.068263628624287},{"id":667756,"data":{"properties":{"name":"Giuseppe Donaldo Nicosia"},"categories":{"0":"Officer"},"statistics":{"digest":{"0":{"edgeType":"is officer of","nodeCategories":{"0":"Company"},"nodes":1,"edges":1}},"edgeCount":1,"visibleEdgeCount":1,"hiddenEdgeCount":0}},"x":14.379624046325683,"y":-14.3615,"label":"Giuseppe Donaldo Nicosia","size":1,"glyphs":{"0":{"draw":false,"position":"top-right","content":"0"},"1":{"draw":true,"position":"bottom-right","font":"FontAwesome","textColor":"#000","content":""}},"colors":{"0":"#be4400"},"color":"#be4400","icon":{"font":"FontAwesome","scale":1,"color":"#fff","content":""},"fa2_x":12.906248092651367,"fa2_y":-7.125814437866211,"fixed":true,"read_cam0:size":5,"read_cam0:x":14.379624046325683,"read_cam0:y":-14.3615,"renderer1:x":1437.810707630347,"renderer1:y":290.7109405121231,"renderer1:size":28.068263628624287}],"edges":[{"id":316570,"source":403062,"target":531816,"data":{"properties":{},"type":"registered address"},"label":"registered address","size":1,"active":false,"color":"#baaba3","hover":false,"read_cam0:size":2,"renderer1:size":11.227305451449714},{"id":422840,"source":403062,"target":242337,"data":{"properties":{"name":"Shareholder"},"type":"is officer of"},"label":"Shareholder","size":1,"color":"#d48a60","hover":false,"active":false,"read_cam0:size":2,"renderer1:size":11.227305451449714},{"id":69524,"source":667756,"target":242337,"data":{"properties":{"name":"Shareholder","date_start":"20/05/2011","date_end":""},"type":"is officer of"},"label":"Shareholder","size":1,"color":"#d48a60","hover":false,"read_cam0:size":2,"renderer1:size":11.227305451449714},{"id":810485,"source":585616,"target":242337,"data":{"properties":{},"type":"registered"},"label":"registered","size":1,"color":"#8a6960","hover":false,"read_cam0:size":2,"renderer1:size":11.227305451449714}]}