{"nodes":[{"id":387963,"nodelink":{"x":"-46.39","y":"-10.19"},"geo":{},"data":{"properties":{"name":"DENG Jiagui","certificateNumber":"1","numbershares":"1","classofshares":"Ordinary","dateofissue":"18-09-2009","ceasedmembership":"","transferdate":"","sharestransferred":"","newcertificate":"","custodianname":"","custodianaddress":"","citizenship":"NO","pep":"NO","rst":"NOT NEGATIVE RESULT","registerlocation":"Akara Building   24 de Castro Street   Wickhams Cay I   Road Town   Tortola   British Virgin Islands"},"categories":{"0":"Officer"},"statistics":{"digest":{"0":{"edgeType":"registered address","nodeCategories":{"0":"Address"},"nodes":1,"edges":1},"1":{"edgeType":"is officer of","nodeCategories":{"0":"Company"},"nodes":2,"edges":2}},"edgeCount":3,"visibleEdgeCount":3,"hiddenEdgeCount":0}},"label":"DENG Jiagui","x":-121.64129836432538,"y":-30.12276910937568,"fixed":true,"size":1,"glyphs":{"0":{"draw":false,"position":"top-right","content":"0"},"1":{"draw":true,"position":"bottom-right","font":"FontAwesome","textColor":"#000","content":""}},"color":"#be4400","icon":{"font":"FontAwesome","scale":1,"color":"#fff","content":""},"active":false,"fa2_x":-121.64129836432538,"fa2_y":-30.12276910937568,"colors":{"0":"#be4400"},"read_cam0:size":5,"read_cam0:x":-121.64129836432538,"read_cam0:y":-30.12276910937568,"renderer1:x":816.8646795105541,"renderer1:y":324.82058668308224,"renderer1:size":17.355394399546554},{"id":119258,"nodelink":{"x":"-4.54","y":"46.28"},"geo":{},"data":{"properties":{"file_number":"6006640","jurisdiction":"BVI","name":"WEALTH MING INTERNATIONAL LIMITED","status":"MOR","inactivationDate":"03-MAY-2011","struck_off_date":"30-APR-2011","registrationDate":"07-SEP-2009"},"categories":{"0":"Company"},"statistics":{"digest":{"0":{"edgeType":"is officer of","nodeCategories":{"0":"Officer"},"nodes":1,"edges":1},"1":{"edgeType":"registered","nodeCategories":{"0":"Client"},"nodes":1,"edges":1}},"edgeCount":2,"visibleEdgeCount":2,"hiddenEdgeCount":0}},"label":"WEALTH MING INTERNATIONAL LIMITED","x":-95.84532126146632,"y":11.35995082630307,"fixed":true,"size":1,"glyphs":{"0":{"draw":false,"position":"top-right","content":"0"},"1":{"draw":true,"position":"bottom-right","font":"FontAwesome","textColor":"#000","content":""}},"color":"#420e00","icon":{"font":"FontAwesome","scale":1,"color":"#fff","content":""},"active":false,"fa2_x":-95.84532126146632,"fa2_y":11.35995082630307,"colors":{"0":"#420e00"},"read_cam0:size":5,"read_cam0:x":-95.84532126146632,"read_cam0:y":11.35995082630307,"renderer1:x":939.0819517862176,"renderer1:y":521.359173180433,"renderer1:size":17.355394399546554},{"id":180086,"nodelink":{"x":"1.23","y":"-46.78"},"geo":{},"data":{"properties":{"file_number":"6002766","jurisdiction":"BVI","name":"BEST EFFECT ENTERPRISES LTD.","status":"MOR","inactivationDate":"09-NOV-2010","struck_off_date":"31-OCT-2010","registrationDate":"19-MAR-2009"},"categories":{"0":"Company"},"statistics":{"digest":{"0":{"edgeType":"is officer of","nodeCategories":{"0":"Officer"},"nodes":1,"edges":1},"1":{"edgeType":"registered","nodeCategories":{"0":"Client"},"nodes":1,"edges":1}},"edgeCount":2,"visibleEdgeCount":2,"hiddenEdgeCount":0}},"label":"BEST EFFECT ENTERPRISES LTD.","x":-77.36982414725645,"y":-51.03842621980194,"fixed":true,"size":1,"glyphs":{"0":{"draw":false,"position":"top-right","content":"0"},"1":{"draw":true,"position":"bottom-right","font":"FontAwesome","textColor":"#000","content":""}},"color":"#420e00","icon":{"font":"FontAwesome","scale":1,"color":"#fff","content":""},"active":false,"fa2_x":-77.36982414725645,"fa2_y":-51.03842621980194,"colors":{"0":"#420e00"},"read_cam0:size":5,"read_cam0:x":-77.36982414725645,"read_cam0:y":-51.03842621980194,"renderer1:x":1026.6159440917604,"renderer1:y":225.72550105416585,"renderer1:size":17.355394399546554},{"id":538747,"nodelink":{"x":"-34.50","y":"-37.47"},"geo":{},"data":{"properties":{"name":"Flat B4; 10/F.; Lock Hart House; 440 Jaffe Road; Hong Kong"},"categories":{"0":"Address"},"statistics":{"digest":{"0":{"edgeType":"registered address","nodeCategories":{"0":"Officer"},"nodes":1,"edges":1}},"edgeCount":1,"visibleEdgeCount":1,"hiddenEdgeCount":0}},"label":"Flat B4; 10/F.; Lock Hart House; 440 Jaffe Road; Hong Kong","x":-123.73286407536796,"y":-81.01753474474629,"fixed":true,"size":1,"glyphs":{"0":{"draw":false,"position":"top-right","content":"0"},"1":{"draw":true,"position":"bottom-right","font":"FontAwesome","textColor":"#000","content":""}},"color":"#937c6f","icon":{"font":"FontAwesome","scale":1,"color":"#fff","content":""},"active":false,"fa2_x":-123.73286407536796,"fa2_y":-81.01753474474629,"colors":{"0":"#937c6f"},"read_cam0:size":5,"read_cam0:x":-123.73286407536796,"read_cam0:y":-81.01753474474629,"renderer1:x":806.9551709476626,"renderer1:y":83.68921165271888,"renderer1:size":17.355394399546554},{"id":594021,"nodelink":{"x":"0.73","y":"0.13"},"geo":{},"data":{"properties":{"name":"WBC SECRETARIES LIMITED","status":"ACTIVE","client_number":"732","client_name":"WBC SECRETARIES LIMITED","prospect_date":"","active_since":"20-AUG-1986","country":"HONG KONG S.A.R.","city":"WANCHAI","former_name":"","cross_reference":"WONG BROTHERS & CO.","activity":"ACCOUNTANT","classification":"Special rates","subclassification":"","region":"HONG KONG PROFESSIONAL CLIENTS","compliance_classification":"INTERMEDIARY"},"categories":{"0":"Client"},"statistics":{"digest":{"0":{"edgeType":"registered","nodeCategories":{"0":"Company"},"nodes":390,"edges":390}},"edgeCount":390,"visibleEdgeCount":2,"hiddenEdgeCount":388}},"label":"WBC SECRETARIES LIMITED","x":75.95500903207035,"y":35.20025771846686,"fixed":true,"size":1,"glyphs":{"0":{"draw":true,"position":"top-right","content":"388"},"1":{"draw":true,"position":"bottom-right","font":"FontAwesome","textColor":"#000","content":""}},"color":"#851d00","icon":{"font":"FontAwesome","scale":1,"color":"#fff","content":""},"active":false,"fa2_x":2.0084197521209717,"fa2_y":0.432352215051651,"colors":{"0":"#851d00"},"read_cam0:size":5,"read_cam0:x":75.95500903207035,"read_cam0:y":35.20025771846686,"renderer1:x":1753.0448290523373,"renderer1:y":634.3107883472811,"renderer1:size":17.355394399546554}],"edges":[{"id":275073,"source":387963,"target":538747,"data":{"properties":{},"type":"registered address"},"label":"registered address","size":1,"color":"#baaba3","active":false,"hover":false,"read_cam0:size":2,"renderer1:size":6.942157759818622},{"id":417240,"source":387963,"target":119258,"data":{"properties":{"name":"Shareholder"},"type":"is officer of"},"label":"Shareholder","size":1,"color":"#d48a60","active":false,"hover":false,"read_cam0:size":2,"renderer1:size":6.942157759818622},{"id":422677,"source":387963,"target":180086,"data":{"properties":{"name":"Shareholder"},"type":"is officer of"},"label":"Shareholder","size":1,"color":"#d48a60","active":false,"hover":false,"read_cam0:size":2,"renderer1:size":6.942157759818622},{"id":743257,"source":594021,"target":180086,"data":{"properties":{},"type":"registered"},"label":"registered","size":1,"color":"#8a6960","active":false,"hover":false,"read_cam0:size":2,"renderer1:size":6.942157759818622},{"id":744321,"source":594021,"target":119258,"data":{"properties":{},"type":"registered"},"label":"registered","size":1,"color":"#8a6960","active":false,"hover":false,"read_cam0:size":2,"renderer1:size":6.942157759818622}]}