{"nodes":[{"id":76642,"nodelink":{"x":-161.998,"y":-112.78,"fixed":true},"geo":{"latitudeDiff":0,"longitudeDiff":0},"data":{"properties":{"file_number":"519565","jurisdiction":"BVI","name":"BARROW HILL LIMITED","status":"ACT","inactivationDate":"","struck_off_date":"","registrationDate":"01-NOV-1996"},"categories":{"0":"Company"},"statistics":{"digest":{"0":{"edgeType":"is officer of","nodeCategories":{"0":"Officer"},"nodes":5,"edges":5},"1":{"edgeType":"registered","nodeCategories":{"0":"Client"},"nodes":1,"edges":1}},"edgeCount":6,"visibleEdgeCount":4,"hiddenEdgeCount":2}},"label":"BARROW HILL LIMITED","x":-161.998,"y":-112.78,"fixed":true,"size":1,"glyphs":{"0":{"draw":true,"position":"top-right","content":"2"}},"colors":{"0":"#420e00"},"color":"#420e00","icon":{"font":"FontAwesome","scale":1,"color":"#fff","content":""},"read_cam0:size":5,"read_cam0:x":-161.998,"read_cam0:y":-112.78,"renderer1:x":1054.1710691862784,"renderer1:y":69.24297271313714,"renderer1:size":8.174163826872269},{"id":302740,"nodelink":{"x":114.211,"y":37.982,"fixed":true},"geo":{"latitudeDiff":0,"longitudeDiff":0},"data":{"properties":{"name":"MOSSACK FONSECA & CO. (B.V.I.) LTD.","certificateNumber":"3","numbershares":"2","classofshares":"","dateofissue":"07-08-2008","ceasedmembership":"","transferdate":"","sharestransferred":"","newcertificate":"","custodianname":"","custodianaddress":"","citizenship":"YES","pep":"NO","rst":"NOT NEGATIVE RESULT","registerlocation":"Akara Building   24 de Castro Street   Wickhams Cay I   Road Town   Tortola   British Virgin Islands"},"categories":{"0":"Officer"},"statistics":{"digest":{"0":{"edgeType":"has similar name and address as","nodeCategories":{"0":"Officer"},"nodes":15,"edges":15},"1":{"edgeType":"registered address","nodeCategories":{"0":"Address"},"nodes":1,"edges":1},"2":{"edgeType":"is officer of","nodeCategories":{"0":"Company"},"nodes":20,"edges":20}},"edgeCount":36,"visibleEdgeCount":18,"hiddenEdgeCount":18}},"label":"MOSSACK FONSECA & CO. (B.V.I.) LTD.","x":114.211,"y":37.982,"fixed":true,"size":1,"glyphs":{"0":{"draw":true,"position":"top-right","content":"18"}},"colors":{"0":"#be4400"},"color":"#be4400","icon":{"font":"FontAwesome","scale":1,"color":"#fff","content":""},"read_cam0:size":5,"read_cam0:x":114.211,"read_cam0:y":37.982,"renderer1:x":1564.769519210854,"renderer1:y":347.9407831487315,"renderer1:size":8.174163826872269},{"id":587847,"nodelink":{"x":-192.759,"y":83.579,"fixed":true},"geo":{"latitudeDiff":0,"longitudeDiff":0},"data":{"properties":{"name":"HOLMAN FENWICK WILLAN LLP","status":"ACTIVE","client_number":"761","client_name":"HOLMAN FENWICK WILLAN LLP","prospect_date":"","active_since":"28-AUG-2014","country":"UNITED KINGDOM","city":"LONDON","former_name":"HOLMAN, FENWICK & WILLAN (LONDON)","cross_reference":"","activity":"","classification":"","subclassification":"","region":"","compliance_classification":""},"categories":{"0":"Client"},"statistics":{"digest":{"0":{"edgeType":"registered","nodeCategories":{"0":"Company"},"nodes":34,"edges":34}},"edgeCount":34,"visibleEdgeCount":31,"hiddenEdgeCount":3}},"label":"HOLMAN FENWICK WILLAN LLP","x":-192.759,"y":83.579,"fixed":true,"size":1,"glyphs":{"0":{"draw":true,"position":"top-right","content":"3"}},"colors":{"0":"#851d00"},"color":"#851d00","icon":{"font":"FontAwesome","scale":1,"color":"#fff","content":""},"read_cam0:size":5,"read_cam0:x":-192.759,"read_cam0:y":83.579,"renderer1:x":997.3064524605165,"renderer1:y":432.23114850891375,"renderer1:size":8.174163826872269},{"id":653764,"nodelink":{"x":113.648,"y":22.23,"fixed":true},"geo":{"latitudeDiff":0,"longitudeDiff":0},"data":{"properties":{"name":"Sheikha bint Khalifa bin Zayid","citizenship":"NO","pep":"YES","passport_copy":"Y"},"categories":{"0":"Officer"},"statistics":{"digest":{"0":{"edgeType":"registered address","nodeCategories":{"0":"Address"},"nodes":1,"edges":1},"1":{"edgeType":"is officer of","nodeCategories":{"0":"Company"},"nodes":14,"edges":14}},"edgeCount":15,"visibleEdgeCount":14,"hiddenEdgeCount":1}},"label":"Sheikha bint Khalifa bin Zayid","x":113.648,"y":22.23,"fixed":true,"size":1,"glyphs":{"0":{"draw":true,"position":"top-right","content":"1"}},"colors":{"0":"#be4400"},"color":"#be4400","icon":{"font":"FontAwesome","scale":1,"color":"#fff","content":""},"read_cam0:size":5,"read_cam0:x":113.648,"read_cam0:y":22.23,"renderer1:x":1563.7287604833548,"renderer1:y":318.82172191326447,"renderer1:size":8.174163826872269},{"id":667752,"nodelink":{"x":113.648,"y":6.479,"fixed":true},"geo":{"latitudeDiff":0,"longitudeDiff":0},"data":{"properties":{"name":"Khalifa bin Zayed bin Sultan Al Nahyan"},"categories":{"0":"Officer"},"statistics":{"digest":{"0":{"edgeType":"is officer of","nodeCategories":{"0":"Company"},"nodes":30,"edges":30}},"edgeCount":30,"visibleEdgeCount":29,"hiddenEdgeCount":1}},"label":"Khalifa bin Zayed bin Sultan Al Nahyan","x":113.648,"y":6.479,"fixed":true,"size":1,"glyphs":{"0":{"draw":true,"position":"top-right","content":"1"}},"colors":{"0":"#be4400"},"color":"#be4400","icon":{"font":"FontAwesome","scale":1,"color":"#fff","content":""},"read_cam0:size":5,"read_cam0:x":113.648,"read_cam0:y":6.479,"renderer1:x":1563.7287604833548,"renderer1:y":289.70450927234003,"renderer1:size":8.174163826872269},{"id":1318,"nodelink":{"x":-163.353,"y":168.959,"fixed":true},"geo":{"latitudeDiff":0,"longitudeDiff":0},"data":{"properties":{"file_number":"548220","jurisdiction":"BVI","name":"SUMMIT ESTATES LIMITED","status":"ACT","inactivationDate":"","struck_off_date":"","registrationDate":"17-JUL-2002"},"categories":{"0":"Company"},"statistics":{"digest":{"0":{"edgeType":"is officer of","nodeCategories":{"0":"Officer"},"nodes":5,"edges":5},"1":{"edgeType":"registered","nodeCategories":{"0":"Client"},"nodes":1,"edges":1}},"edgeCount":6,"visibleEdgeCount":2,"hiddenEdgeCount":4}},"label":"SUMMIT ESTATES LIMITED","x":-163.353,"y":168.959,"fixed":true,"size":1,"glyphs":{"0":{"draw":true,"position":"top-right","content":"4"}},"colors":{"0":"#420e00"},"color":"#420e00","icon":{"font":"FontAwesome","scale":1,"color":"#fff","content":""},"read_cam0:size":5,"read_cam0:x":-163.353,"read_cam0:y":168.959,"renderer1:x":1051.6662235810181,"renderer1:y":590.0641505584424,"renderer1:size":8.174163826872269},{"id":1431,"nodelink":{"x":-164.574,"y":63.533,"fixed":true},"geo":{"latitudeDiff":0,"longitudeDiff":0},"data":{"properties":{"file_number":"583804","jurisdiction":"BVI","name":"KNIGHTSBRIDGE GREEN LIMITED","status":"ACT","inactivationDate":"","struck_off_date":"","registrationDate":"10-JAN-2007"},"categories":{"0":"Company"},"statistics":{"digest":{"0":{"edgeType":"is officer of","nodeCategories":{"0":"Officer"},"nodes":3,"edges":3},"1":{"edgeType":"registered","nodeCategories":{"0":"Client"},"nodes":1,"edges":1}},"edgeCount":4,"visibleEdgeCount":4,"hiddenEdgeCount":0}},"label":"KNIGHTSBRIDGE GREEN LIMITED","x":-164.574,"y":63.533,"fixed":true,"size":1,"glyphs":{"0":{"draw":false,"position":"top-right","content":"0"}},"colors":{"0":"#420e00"},"color":"#420e00","icon":{"font":"FontAwesome","scale":1,"color":"#fff","content":""},"read_cam0:size":5,"read_cam0:x":-164.574,"read_cam0:y":63.533,"renderer1:x":1049.40908964447,"renderer1:y":395.17422230740453,"renderer1:size":8.174163826872269},{"id":7950,"nodelink":{"x":-161.998,"y":-54.276,"fixed":true},"geo":{"latitudeDiff":0,"longitudeDiff":0},"data":{"properties":{"file_number":"521579","jurisdiction":"BVI","name":"BRUTON PROPERTIES LIMITED","status":"ACT","inactivationDate":"","struck_off_date":"","registrationDate":"16-APR-1997"},"categories":{"0":"Company"},"statistics":{"digest":{"0":{"edgeType":"is officer of","nodeCategories":{"0":"Officer"},"nodes":4,"edges":4},"1":{"edgeType":"registered","nodeCategories":{"0":"Client"},"nodes":1,"edges":1}},"edgeCount":5,"visibleEdgeCount":4,"hiddenEdgeCount":1}},"label":"BRUTON PROPERTIES LIMITED","x":-161.998,"y":-54.276,"fixed":true,"size":1,"glyphs":{"0":{"draw":true,"position":"top-right","content":"1"}},"colors":{"0":"#420e00"},"color":"#420e00","icon":{"font":"FontAwesome","scale":1,"color":"#fff","content":""},"read_cam0:size":5,"read_cam0:x":-161.998,"read_cam0:y":-54.276,"renderer1:x":1054.1710691862784,"renderer1:y":177.3931478350114,"renderer1:size":8.174163826872269},{"id":9109,"nodelink":{"x":-163.353,"y":127.032,"fixed":true},"geo":{"latitudeDiff":0,"longitudeDiff":0},"data":{"properties":{"file_number":"6039094","jurisdiction":"BVI","name":"Qusiwrah Investments Limited","status":"ACT","inactivationDate":"","struck_off_date":"","registrationDate":"04-MAR-2014"},"categories":{"0":"Company"},"statistics":{"digest":{"0":{"edgeType":"is officer of","nodeCategories":{"0":"Officer"},"nodes":3,"edges":3},"1":{"edgeType":"registered","nodeCategories":{"0":"Client"},"nodes":1,"edges":1}},"edgeCount":4,"visibleEdgeCount":3,"hiddenEdgeCount":1}},"label":"Qusiwrah Investments Limited","x":-163.353,"y":127.032,"fixed":true,"size":1,"glyphs":{"0":{"draw":true,"position":"top-right","content":"1"}},"colors":{"0":"#420e00"},"color":"#420e00","icon":{"font":"FontAwesome","scale":1,"color":"#fff","content":""},"read_cam0:size":5,"read_cam0:x":-163.353,"read_cam0:y":127.032,"renderer1:x":1051.6662235810181,"renderer1:y":512.5581271697029,"renderer1:size":8.174163826872269},{"id":17187,"nodelink":{"x":-163.76,"y":52.949,"fixed":true},"geo":{"latitudeDiff":0,"longitudeDiff":0},"data":{"properties":{"file_number":"521578","jurisdiction":"BVI","name":"KNIGHTSBRIDGE ESTATES LIMITED (EX-BRUTON ESTATES LIMITED)","status":"ACT","inactivationDate":"","struck_off_date":"","registrationDate":"16-APR-1997"},"categories":{"0":"Company"},"statistics":{"digest":{"0":{"edgeType":"is officer of","nodeCategories":{"0":"Officer"},"nodes":3,"edges":3},"1":{"edgeType":"registered","nodeCategories":{"0":"Client"},"nodes":1,"edges":1}},"edgeCount":4,"visibleEdgeCount":2,"hiddenEdgeCount":2}},"label":"KNIGHTSBRIDGE ESTATES LIMITED (EX-BRUTON ESTATES LIMITED)","x":-163.76,"y":52.949,"fixed":true,"size":1,"glyphs":{"0":{"draw":true,"position":"top-right","content":"2"}},"colors":{"0":"#420e00"},"color":"#420e00","icon":{"font":"FontAwesome","scale":1,"color":"#fff","content":""},"read_cam0:size":5,"read_cam0:x":-163.76,"read_cam0:y":52.949,"renderer1:x":1050.9138456021687,"renderer1:y":375.608697668236,"renderer1:size":8.174163826872269},{"id":30882,"nodelink":{"x":-161.998,"y":-103.779,"fixed":true},"geo":{"latitudeDiff":0,"longitudeDiff":0},"data":{"properties":{"file_number":"518177","jurisdiction":"BVI","name":"BAY SHORE ESTATES LIMITED","status":"ACT","inactivationDate":"","struck_off_date":"","registrationDate":"05-JUL-1996"},"categories":{"0":"Company"},"statistics":{"digest":{"0":{"edgeType":"is officer of","nodeCategories":{"0":"Officer"},"nodes":5,"edges":5},"1":{"edgeType":"registered","nodeCategories":{"0":"Client"},"nodes":1,"edges":1}},"edgeCount":6,"visibleEdgeCount":4,"hiddenEdgeCount":2}},"label":"BAY SHORE ESTATES LIMITED","x":-161.998,"y":-103.779,"fixed":true,"size":1,"glyphs":{"0":{"draw":true,"position":"top-right","content":"2"}},"colors":{"0":"#420e00"},"color":"#420e00","icon":{"font":"FontAwesome","scale":1,"color":"#fff","content":""},"read_cam0:size":5,"read_cam0:x":-161.998,"read_cam0:y":-103.779,"renderer1:x":1054.1710691862784,"renderer1:y":85.8821721913265,"renderer1:size":8.174163826872269},{"id":32747,"nodelink":{"x":-161.998,"y":-90.278,"fixed":true},"geo":{"latitudeDiff":0,"longitudeDiff":0},"data":{"properties":{"file_number":"521580","jurisdiction":"BVI","name":"BERKELEY SQUARE PROPERTIES LIMITED","status":"ACT","inactivationDate":"","struck_off_date":"","registrationDate":"16-APR-1997"},"categories":{"0":"Company"},"statistics":{"digest":{"0":{"edgeType":"is officer of","nodeCategories":{"0":"Officer"},"nodes":5,"edges":5},"1":{"edgeType":"registered","nodeCategories":{"0":"Client"},"nodes":1,"edges":1}},"edgeCount":6,"visibleEdgeCount":3,"hiddenEdgeCount":3}},"label":"BERKELEY SQUARE PROPERTIES LIMITED","x":-161.998,"y":-90.278,"fixed":true,"size":1,"glyphs":{"0":{"draw":true,"position":"top-right","content":"3"}},"colors":{"0":"#420e00"},"color":"#420e00","icon":{"font":"FontAwesome","scale":1,"color":"#fff","content":""},"read_cam0:size":5,"read_cam0:x":-161.998,"read_cam0:y":-90.278,"renderer1:x":1054.1710691862784,"renderer1:y":110.8400471113392,"renderer1:size":8.174163826872269},{"id":55834,"nodelink":{"x":-163.76,"y":118.077,"fixed":true},"geo":{"latitudeDiff":0,"longitudeDiff":0},"data":{"properties":{"file_number":"574249","jurisdiction":"BVI","name":"OXFORD & CITY HOLDINGS LIMITED","status":"ACT","inactivationDate":"","struck_off_date":"","registrationDate":"28-OCT-2005"},"categories":{"0":"Company"},"statistics":{"digest":{"0":{"edgeType":"is officer of","nodeCategories":{"0":"Officer"},"nodes":3,"edges":3},"1":{"edgeType":"registered","nodeCategories":{"0":"Client"},"nodes":1,"edges":1}},"edgeCount":4,"visibleEdgeCount":3,"hiddenEdgeCount":1}},"label":"OXFORD & CITY HOLDINGS LIMITED","x":-163.76,"y":118.077,"fixed":true,"size":1,"glyphs":{"0":{"draw":true,"position":"top-right","content":"1"}},"colors":{"0":"#420e00"},"color":"#420e00","icon":{"font":"FontAwesome","scale":1,"color":"#fff","content":""},"read_cam0:size":5,"read_cam0:x":-163.76,"read_cam0:y":118.077,"renderer1:x":1050.9138456021687,"renderer1:y":496.0039630404743,"renderer1:size":8.174163826872269},{"id":60003,"nodelink":{"x":-163.76,"y":188.497,"fixed":true},"geo":{"latitudeDiff":0,"longitudeDiff":0},"data":{"properties":{"file_number":"74716","jurisdiction":"FOREIGN","name":"1 KENSINGTON ROAD MANAGEMENT COMPANY LIMITED","status":"ACT","inactivationDate":"","struck_off_date":"","registrationDate":"17-FEB-2014"},"categories":{"0":"Company"},"statistics":{"digest":{"0":{"edgeType":"is officer of","nodeCategories":{"0":"Officer"},"nodes":3,"edges":3},"1":{"edgeType":"registered","nodeCategories":{"0":"Client"},"nodes":1,"edges":1}},"edgeCount":4,"visibleEdgeCount":2,"hiddenEdgeCount":2}},"label":"1 KENSINGTON ROAD MANAGEMENT COMPANY LIMITED","x":-163.76,"y":188.497,"fixed":true,"size":1,"glyphs":{"0":{"draw":true,"position":"top-right","content":"2"}},"colors":{"0":"#420e00"},"color":"#420e00","icon":{"font":"FontAwesome","scale":1,"color":"#fff","content":""},"read_cam0:size":5,"read_cam0:x":-163.76,"read_cam0:y":188.497,"renderer1:x":1050.9138456021687,"renderer1:y":626.1819907322969,"renderer1:size":8.174163826872269},{"id":80469,"nodelink":{"x":-162.561,"y":-97.029,"fixed":true},"geo":{"latitudeDiff":0,"longitudeDiff":0},"data":{"properties":{"file_number":"543046","jurisdiction":"BVI","name":"BERKELEY SQUARE HOLDINGS LIMITED","status":"ACT","inactivationDate":"","struck_off_date":"","registrationDate":"25-MAY-2001"},"categories":{"0":"Company"},"statistics":{"digest":{"0":{"edgeType":"is officer of","nodeCategories":{"0":"Officer"},"nodes":3,"edges":3},"1":{"edgeType":"registered","nodeCategories":{"0":"Client"},"nodes":1,"edges":1}},"edgeCount":4,"visibleEdgeCount":3,"hiddenEdgeCount":1}},"label":"BERKELEY SQUARE HOLDINGS LIMITED","x":-162.561,"y":-97.029,"fixed":true,"size":1,"glyphs":{"0":{"draw":true,"position":"top-right","content":"1"}},"colors":{"0":"#420e00"},"color":"#420e00","icon":{"font":"FontAwesome","scale":1,"color":"#fff","content":""},"read_cam0:size":5,"read_cam0:x":-162.561,"read_cam0:y":-97.029,"renderer1:x":1053.1303104587791,"renderer1:y":98.36018535406154,"renderer1:size":8.174163826872269},{"id":88127,"nodelink":{"x":-163.76,"y":149.013,"fixed":true},"geo":{"latitudeDiff":0,"longitudeDiff":0},"data":{"properties":{"file_number":"521575","jurisdiction":"BVI","name":"SLOANE STREET RESIDENTIAL PROPERTIES LIMITED","status":"ACT","inactivationDate":"","struck_off_date":"","registrationDate":"21-APR-1997"},"categories":{"0":"Company"},"statistics":{"digest":{"0":{"edgeType":"is officer of","nodeCategories":{"0":"Officer"},"nodes":5,"edges":5},"1":{"edgeType":"registered","nodeCategories":{"0":"Client"},"nodes":1,"edges":1}},"edgeCount":6,"visibleEdgeCount":4,"hiddenEdgeCount":2}},"label":"SLOANE STREET RESIDENTIAL PROPERTIES LIMITED","x":-163.76,"y":149.013,"fixed":true,"size":1,"glyphs":{"0":{"draw":true,"position":"top-right","content":"2"}},"colors":{"0":"#420e00"},"color":"#420e00","icon":{"font":"FontAwesome","scale":1,"color":"#fff","content":""},"read_cam0:size":5,"read_cam0:x":-163.76,"read_cam0:y":149.013,"renderer1:x":1050.9138456021687,"renderer1:y":553.192083811196,"renderer1:size":8.174163826872269},{"id":91001,"nodelink":{"x":-163.353,"y":137.209,"fixed":true},"geo":{"latitudeDiff":0,"longitudeDiff":0},"data":{"properties":{"file_number":"521574","jurisdiction":"BVI","name":"SLOANE STREET COMMERCIAL PROPERTIES LIMITED","status":"ACT","inactivationDate":"","struck_off_date":"","registrationDate":"16-APR-1997"},"categories":{"0":"Company"},"statistics":{"digest":{"0":{"edgeType":"is officer of","nodeCategories":{"0":"Officer"},"nodes":5,"edges":5},"1":{"edgeType":"registered","nodeCategories":{"0":"Client"},"nodes":1,"edges":1}},"edgeCount":6,"visibleEdgeCount":4,"hiddenEdgeCount":2}},"label":"SLOANE STREET COMMERCIAL PROPERTIES LIMITED","x":-163.353,"y":137.209,"fixed":true,"size":1,"glyphs":{"0":{"draw":true,"position":"top-right","content":"2"}},"colors":{"0":"#420e00"},"color":"#420e00","icon":{"font":"FontAwesome","scale":1,"color":"#fff","content":""},"read_cam0:size":5,"read_cam0:x":-163.353,"read_cam0:y":137.209,"renderer1:x":1051.6662235810181,"renderer1:y":531.371273830022,"renderer1:size":8.174163826872269},{"id":105769,"nodelink":{"x":-163.123,"y":-32.899,"fixed":true},"geo":{"latitudeDiff":0,"longitudeDiff":0},"data":{"properties":{"file_number":"547162","jurisdiction":"BVI","name":"CLEMENTINE INVESTMENTS LIMITED","status":"MOR","inactivationDate":"","struck_off_date":"30-APR-2015","registrationDate":"06-AUG-1998"},"categories":{"0":"Company"},"statistics":{"digest":{"0":{"edgeType":"is officer of","nodeCategories":{"0":"Officer"},"nodes":5,"edges":5},"1":{"edgeType":"registered","nodeCategories":{"0":"Client"},"nodes":1,"edges":1}},"edgeCount":6,"visibleEdgeCount":2,"hiddenEdgeCount":4}},"label":"CLEMENTINE INVESTMENTS LIMITED","x":-163.123,"y":-32.899,"fixed":true,"size":1,"glyphs":{"0":{"draw":true,"position":"top-right","content":"4"}},"colors":{"0":"#420e00"},"color":"#420e00","icon":{"font":"FontAwesome","scale":1,"color":"#fff","content":""},"read_cam0:size":5,"read_cam0:x":-163.123,"read_cam0:y":-32.899,"renderer1:x":1052.0914003258226,"renderer1:y":216.91055337275768,"renderer1:size":8.174163826872269},{"id":148291,"nodelink":{"x":-163.123,"y":3.666,"fixed":true},"geo":{"latitudeDiff":0,"longitudeDiff":0},"data":{"properties":{"file_number":"514649","jurisdiction":"BVI","name":"FORESTWAY PROPERTIES LIMITED","status":"ACT","inactivationDate":"","struck_off_date":"","registrationDate":"07-JUL-1995"},"categories":{"0":"Company"},"statistics":{"digest":{"0":{"edgeType":"is officer of","nodeCategories":{"0":"Officer"},"nodes":4,"edges":4},"1":{"edgeType":"registered","nodeCategories":{"0":"Client"},"nodes":1,"edges":1}},"edgeCount":5,"visibleEdgeCount":3,"hiddenEdgeCount":2}},"label":"FORESTWAY PROPERTIES LIMITED","x":-163.123,"y":3.666,"fixed":true,"size":1,"glyphs":{"0":{"draw":true,"position":"top-right","content":"2"}},"colors":{"0":"#420e00"},"color":"#420e00","icon":{"font":"FontAwesome","scale":1,"color":"#fff","content":""},"read_cam0:size":5,"read_cam0:x":-163.123,"read_cam0:y":3.666,"renderer1:x":1052.0914003258226,"renderer1:y":284.5044128239291,"renderer1:size":8.174163826872269},{"id":160463,"nodelink":{"x":-163.629,"y":10.641,"fixed":true},"geo":{"latitudeDiff":0,"longitudeDiff":0},"data":{"properties":{"file_number":"551119","jurisdiction":"BVI","name":"HAM RIDINGS LIMITED","status":"ACT","inactivationDate":"","struck_off_date":"","registrationDate":"18-OCT-2002"},"categories":{"0":"Company"},"statistics":{"digest":{"0":{"edgeType":"is officer of","nodeCategories":{"0":"Officer"},"nodes":3,"edges":3},"1":{"edgeType":"registered","nodeCategories":{"0":"Client"},"nodes":1,"edges":1}},"edgeCount":4,"visibleEdgeCount":3,"hiddenEdgeCount":1}},"label":"HAM RIDINGS LIMITED","x":-163.629,"y":10.641,"fixed":true,"size":1,"glyphs":{"0":{"draw":true,"position":"top-right","content":"1"}},"colors":{"0":"#420e00"},"color":"#420e00","icon":{"font":"FontAwesome","scale":1,"color":"#fff","content":""},"read_cam0:size":5,"read_cam0:x":-163.629,"read_cam0:y":10.641,"renderer1:x":1051.1560114872532,"renderer1:y":297.3983597587553,"renderer1:size":8.174163826872269},{"id":168342,"nodelink":{"x":-163.353,"y":41.959,"fixed":true},"geo":{"latitudeDiff":0,"longitudeDiff":0},"data":{"properties":{"file_number":"561708","jurisdiction":"BVI","name":"KNIGHTSBRIDGE COMMERCIAL ESTATES LIMITED","status":"ACT","inactivationDate":"","struck_off_date":"","registrationDate":"17-MAR-2004"},"categories":{"0":"Company"},"statistics":{"digest":{"0":{"edgeType":"is officer of","nodeCategories":{"0":"Officer"},"nodes":3,"edges":3},"1":{"edgeType":"registered","nodeCategories":{"0":"Client"},"nodes":1,"edges":1}},"edgeCount":4,"visibleEdgeCount":2,"hiddenEdgeCount":2}},"label":"KNIGHTSBRIDGE COMMERCIAL ESTATES LIMITED","x":-163.353,"y":41.959,"fixed":true,"size":1,"glyphs":{"0":{"draw":true,"position":"top-right","content":"2"}},"colors":{"0":"#420e00"},"color":"#420e00","icon":{"font":"FontAwesome","scale":1,"color":"#fff","content":""},"read_cam0:size":5,"read_cam0:x":-163.353,"read_cam0:y":41.959,"renderer1:x":1051.6662235810181,"renderer1:y":355.2926436447607,"renderer1:size":8.174163826872269},{"id":172555,"nodelink":{"x":-164.167,"y":92.84,"fixed":true},"geo":{"latitudeDiff":0,"longitudeDiff":0},"data":{"properties":{"file_number":"529633","jurisdiction":"BVI","name":"MARYLEBONE PROPERTIES LIMITED -EX- PACIFIC MAY","status":"ACT","inactivationDate":"","struck_off_date":"","registrationDate":"25-JAN-1999"},"categories":{"0":"Company"},"statistics":{"digest":{"0":{"edgeType":"is officer of","nodeCategories":{"0":"Officer"},"nodes":3,"edges":3},"1":{"edgeType":"registered","nodeCategories":{"0":"Client"},"nodes":1,"edges":1}},"edgeCount":4,"visibleEdgeCount":3,"hiddenEdgeCount":1}},"label":"MARYLEBONE PROPERTIES LIMITED -EX- PACIFIC MAY","x":-164.167,"y":92.84,"fixed":true,"size":1,"glyphs":{"0":{"draw":true,"position":"top-right","content":"1"}},"colors":{"0":"#420e00"},"color":"#420e00","icon":{"font":"FontAwesome","scale":1,"color":"#fff","content":""},"read_cam0:size":5,"read_cam0:x":-164.167,"read_cam0:y":92.84,"renderer1:x":1050.1614676233194,"renderer1:y":449.3509825681862,"renderer1:size":8.174163826872269},{"id":178308,"nodelink":{"x":-166.202,"y":70.045,"fixed":true},"geo":{"latitudeDiff":0,"longitudeDiff":0},"data":{"properties":{"file_number":"550461","jurisdiction":"BVI","name":"LANCELOT PLACE PROPERTIES LIMITED","status":"MOR","inactivationDate":"","struck_off_date":"30-APR-2013","registrationDate":"12-SEP-2002"},"categories":{"0":"Company"},"statistics":{"digest":{"0":{"edgeType":"is officer of","nodeCategories":{"0":"Officer"},"nodes":3,"edges":3},"1":{"edgeType":"registered","nodeCategories":{"0":"Client"},"nodes":1,"edges":1}},"edgeCount":4,"visibleEdgeCount":2,"hiddenEdgeCount":2}},"label":"LANCELOT PLACE PROPERTIES LIMITED","x":-166.202,"y":70.045,"fixed":true,"size":1,"glyphs":{"0":{"draw":true,"position":"top-right","content":"2"}},"colors":{"0":"#420e00"},"color":"#420e00","icon":{"font":"FontAwesome","scale":1,"color":"#fff","content":""},"read_cam0:size":5,"read_cam0:x":-166.202,"read_cam0:y":70.045,"renderer1:x":1046.3995777290727,"renderer1:y":407.2122699689943,"renderer1:size":8.174163826872269},{"id":208828,"nodelink":{"x":-162.946,"y":176.286,"fixed":true},"geo":{"latitudeDiff":0,"longitudeDiff":0},"data":{"properties":{"file_number":"581671","jurisdiction":"BVI","name":"West End  Green Limited [DEVONSHIRE HOUSE (NO. 2) LIMITED]","status":"ACT","inactivationDate":"","struck_off_date":"","registrationDate":"24-OCT-2006"},"categories":{"0":"Company"},"statistics":{"digest":{"0":{"edgeType":"is officer of","nodeCategories":{"0":"Officer"},"nodes":4,"edges":4},"1":{"edgeType":"registered","nodeCategories":{"0":"Client"},"nodes":1,"edges":1}},"edgeCount":5,"visibleEdgeCount":3,"hiddenEdgeCount":2}},"label":"West End  Green Limited [DEVONSHIRE HOUSE (NO. 2) LIMITED]","x":-162.946,"y":176.286,"fixed":true,"size":1,"glyphs":{"0":{"draw":true,"position":"top-right","content":"2"}},"colors":{"0":"#420e00"},"color":"#420e00","icon":{"font":"FontAwesome","scale":1,"color":"#fff","content":""},"read_cam0:size":5,"read_cam0:x":-162.946,"read_cam0:y":176.286,"renderer1:x":1052.4186015598675,"renderer1:y":603.6088027722735,"renderer1:size":8.174163826872269},{"id":210238,"nodelink":{"x":-163.76,"y":25.677,"fixed":true},"geo":{"latitudeDiff":0,"longitudeDiff":0},"data":{"properties":{"file_number":"584447","jurisdiction":"BVI","name":"Hans Crescent Holdings Limited","status":"ACT","inactivationDate":"","struck_off_date":"","registrationDate":"05-FEB-2007"},"categories":{"0":"Company"},"statistics":{"digest":{"0":{"edgeType":"is officer of","nodeCategories":{"0":"Officer"},"nodes":2,"edges":2},"1":{"edgeType":"registered","nodeCategories":{"0":"Client"},"nodes":1,"edges":1}},"edgeCount":3,"visibleEdgeCount":2,"hiddenEdgeCount":1}},"label":"Hans Crescent Holdings Limited","x":-163.76,"y":25.677,"fixed":true,"size":1,"glyphs":{"0":{"draw":true,"position":"top-right","content":"1"}},"colors":{"0":"#420e00"},"color":"#420e00","icon":{"font":"FontAwesome","scale":1,"color":"#fff","content":""},"read_cam0:size":5,"read_cam0:x":-163.76,"read_cam0:y":25.677,"renderer1:x":1050.9138456021687,"renderer1:y":325.19382730170116,"renderer1:size":8.174163826872269},{"id":221515,"nodelink":{"x":-163.76,"y":33.818,"fixed":true},"geo":{"latitudeDiff":0,"longitudeDiff":0},"data":{"properties":{"file_number":"521576","jurisdiction":"BVI","name":"JEFFERSON HOUSE LIMITED","status":"ACT","inactivationDate":"","struck_off_date":"","registrationDate":"21-APR-1997"},"categories":{"0":"Company"},"statistics":{"digest":{"0":{"edgeType":"is officer of","nodeCategories":{"0":"Officer"},"nodes":4,"edges":4},"1":{"edgeType":"registered","nodeCategories":{"0":"Client"},"nodes":1,"edges":1}},"edgeCount":5,"visibleEdgeCount":4,"hiddenEdgeCount":1}},"label":"JEFFERSON HOUSE LIMITED","x":-163.76,"y":33.818,"fixed":true,"size":1,"glyphs":{"0":{"draw":true,"position":"top-right","content":"1"}},"colors":{"0":"#420e00"},"color":"#420e00","icon":{"font":"FontAwesome","scale":1,"color":"#fff","content":""},"read_cam0:size":5,"read_cam0:x":-163.76,"read_cam0:y":33.818,"renderer1:x":1050.9138456021687,"renderer1:y":340.2432354732309,"renderer1:size":8.174163826872269},{"id":230780,"nodelink":{"x":-164.981,"y":104.645,"fixed":true},"geo":{"latitudeDiff":0,"longitudeDiff":0},"data":{"properties":{"file_number":"570010","jurisdiction":"BVI","name":"MAYFAIR COMMERCIAL LIMITED (EX-MAYFAIR COMMERCIAL LTD)","status":"ACT","inactivationDate":"","struck_off_date":"","registrationDate":"14-APR-2005"},"categories":{"0":"Company"},"statistics":{"digest":{"0":{"edgeType":"is officer of","nodeCategories":{"0":"Officer"},"nodes":3,"edges":3},"1":{"edgeType":"registered","nodeCategories":{"0":"Client"},"nodes":1,"edges":1}},"edgeCount":4,"visibleEdgeCount":3,"hiddenEdgeCount":1}},"label":"MAYFAIR COMMERCIAL LIMITED (EX-MAYFAIR COMMERCIAL LTD)","x":-164.981,"y":104.645,"fixed":true,"size":1,"glyphs":{"0":{"draw":true,"position":"top-right","content":"1"}},"colors":{"0":"#420e00"},"color":"#420e00","icon":{"font":"FontAwesome","scale":1,"color":"#fff","content":""},"read_cam0:size":5,"read_cam0:x":-164.981,"read_cam0:y":104.645,"renderer1:x":1048.6567116656208,"renderer1:y":471.17364114390284,"renderer1:size":8.174163826872269},{"id":243302,"nodelink":{"x":-163.76,"y":162.039,"fixed":true},"geo":{"latitudeDiff":0,"longitudeDiff":0},"data":{"properties":{"file_number":"518304","jurisdiction":"BVI","name":"STEPHANUS PROPERTIES LIMITED","status":"ACT","inactivationDate":"","struck_off_date":"","registrationDate":"18-JUL-1996"},"categories":{"0":"Company"},"statistics":{"digest":{"0":{"edgeType":"is officer of","nodeCategories":{"0":"Officer"},"nodes":5,"edges":5},"1":{"edgeType":"registered","nodeCategories":{"0":"Client"},"nodes":1,"edges":1}},"edgeCount":6,"visibleEdgeCount":3,"hiddenEdgeCount":3}},"label":"STEPHANUS PROPERTIES LIMITED","x":-163.76,"y":162.039,"fixed":true,"size":1,"glyphs":{"0":{"draw":true,"position":"top-right","content":"3"}},"colors":{"0":"#420e00"},"color":"#420e00","icon":{"font":"FontAwesome","scale":1,"color":"#fff","content":""},"read_cam0:size":5,"read_cam0:x":-163.76,"read_cam0:y":162.039,"renderer1:x":1050.9138456021687,"renderer1:y":577.2718763234607,"renderer1:size":8.174163826872269},{"id":245626,"nodelink":{"x":-163.123,"y":-1.959,"fixed":true},"geo":{"latitudeDiff":0,"longitudeDiff":0},"data":{"properties":{"file_number":"521588","jurisdiction":"BVI","name":"FARM STREET ESTATES LIMITED","status":"ACT","inactivationDate":"","struck_off_date":"","registrationDate":"16-APR-1997"},"categories":{"0":"Company"},"statistics":{"digest":{"0":{"edgeType":"is officer of","nodeCategories":{"0":"Officer"},"nodes":4,"edges":4},"1":{"edgeType":"registered","nodeCategories":{"0":"Client"},"nodes":1,"edges":1}},"edgeCount":5,"visibleEdgeCount":4,"hiddenEdgeCount":1}},"label":"FARM STREET ESTATES LIMITED","x":-163.123,"y":-1.959,"fixed":true,"size":1,"glyphs":{"0":{"draw":true,"position":"top-right","content":"1"}},"colors":{"0":"#420e00"},"color":"#420e00","icon":{"font":"FontAwesome","scale":1,"color":"#fff","content":""},"read_cam0:size":5,"read_cam0:x":-163.123,"read_cam0:y":-1.959,"renderer1:x":1052.0914003258226,"renderer1:y":274.1060685216499,"renderer1:size":8.174163826872269},{"id":247722,"nodelink":{"x":-163.353,"y":18.35,"fixed":true},"geo":{"latitudeDiff":0,"longitudeDiff":0},"data":{"properties":{"file_number":"553624","jurisdiction":"BVI","name":"HANS CRESCENT ESTATES LIMITED","status":"ACT","inactivationDate":"","struck_off_date":"","registrationDate":"12-MAR-2003"},"categories":{"0":"Company"},"statistics":{"digest":{"0":{"edgeType":"is officer of","nodeCategories":{"0":"Officer"},"nodes":4,"edges":4},"1":{"edgeType":"registered","nodeCategories":{"0":"Client"},"nodes":1,"edges":1}},"edgeCount":5,"visibleEdgeCount":2,"hiddenEdgeCount":3}},"label":"HANS CRESCENT ESTATES LIMITED","x":-163.353,"y":18.35,"fixed":true,"size":1,"glyphs":{"0":{"draw":true,"position":"top-right","content":"3"}},"colors":{"0":"#420e00"},"color":"#420e00","icon":{"font":"FontAwesome","scale":1,"color":"#fff","content":""},"read_cam0:size":5,"read_cam0:x":-163.353,"read_cam0:y":18.35,"renderer1:x":1051.6662235810181,"renderer1:y":311.64917508787005,"renderer1:size":8.174163826872269},{"id":253209,"nodelink":{"x":-163.686,"y":-24.461,"fixed":true},"geo":{"latitudeDiff":0,"longitudeDiff":0},"data":{"properties":{"file_number":"581288","jurisdiction":"BVI","name":"De Vere Estates Limited [DEVONSHIRE HOUSE (NO. 1) LIMITED]","status":"ACT","inactivationDate":"","struck_off_date":"","registrationDate":"24-OCT-2006"},"categories":{"0":"Company"},"statistics":{"digest":{"0":{"edgeType":"is officer of","nodeCategories":{"0":"Officer"},"nodes":3,"edges":3},"1":{"edgeType":"registered","nodeCategories":{"0":"Client"},"nodes":1,"edges":1}},"edgeCount":4,"visibleEdgeCount":2,"hiddenEdgeCount":2}},"label":"De Vere Estates Limited [DEVONSHIRE HOUSE (NO. 1) LIMITED]","x":-163.686,"y":-24.461,"fixed":true,"size":1,"glyphs":{"0":{"draw":true,"position":"top-right","content":"2"}},"colors":{"0":"#420e00"},"color":"#420e00","icon":{"font":"FontAwesome","scale":1,"color":"#fff","content":""},"read_cam0:size":5,"read_cam0:x":-163.686,"read_cam0:y":-24.461,"renderer1:x":1051.0506415983232,"renderer1:y":232.5089941234478,"renderer1:size":8.174163826872269},{"id":256958,"nodelink":{"x":-161.998,"y":-47.525,"fixed":true},"geo":{"latitudeDiff":0,"longitudeDiff":0},"data":{"properties":{"file_number":"558002","jurisdiction":"BVI","name":"CLEMENTINE COMMERCIAL PROPERTIES LIMITED","status":"ACT","inactivationDate":"","struck_off_date":"","registrationDate":"26-FEB-2004"},"categories":{"0":"Company"},"statistics":{"digest":{"0":{"edgeType":"is officer of","nodeCategories":{"0":"Officer"},"nodes":4,"edges":4},"1":{"edgeType":"registered","nodeCategories":{"0":"Client"},"nodes":1,"edges":1}},"edgeCount":5,"visibleEdgeCount":3,"hiddenEdgeCount":2}},"label":"CLEMENTINE COMMERCIAL PROPERTIES LIMITED","x":-161.998,"y":-47.525,"fixed":true,"size":1,"glyphs":{"0":{"draw":true,"position":"top-right","content":"2"}},"colors":{"0":"#420e00"},"color":"#420e00","icon":{"font":"FontAwesome","scale":1,"color":"#fff","content":""},"read_cam0:size":5,"read_cam0:x":-161.998,"read_cam0:y":-47.525,"renderer1:x":1054.1710691862784,"renderer1:y":189.87300959228912,"renderer1:size":8.174163826872269},{"id":261656,"nodelink":{"x":-164.248,"y":-9.835,"fixed":true},"geo":{"latitudeDiff":0,"longitudeDiff":0},"data":{"properties":{"file_number":"548221","jurisdiction":"BVI","name":"ELSTREE ESTATES LIMITED","status":"ACT","inactivationDate":"","struck_off_date":"","registrationDate":"17-JUL-2002"},"categories":{"0":"Company"},"statistics":{"digest":{"0":{"edgeType":"is officer of","nodeCategories":{"0":"Officer"},"nodes":5,"edges":5},"1":{"edgeType":"registered","nodeCategories":{"0":"Client"},"nodes":1,"edges":1}},"edgeCount":6,"visibleEdgeCount":3,"hiddenEdgeCount":3}},"label":"ELSTREE ESTATES LIMITED","x":-164.248,"y":-9.835,"fixed":true,"size":1,"glyphs":{"0":{"draw":true,"position":"top-right","content":"3"}},"colors":{"0":"#420e00"},"color":"#420e00","icon":{"font":"FontAwesome","scale":1,"color":"#fff","content":""},"read_cam0:size":5,"read_cam0:x":-164.248,"read_cam0:y":-9.835,"renderer1:x":1050.0117314653667,"renderer1:y":259.5465379039164,"renderer1:size":8.174163826872269},{"id":263217,"nodelink":{"x":-163.76,"y":200.709,"fixed":true},"geo":{"latitudeDiff":0,"longitudeDiff":0},"data":{"properties":{"file_number":"40119","jurisdiction":"FOREIGN","name":"60 BROMPTON ROAD MANAGEMENT COMPANY LIMITED","status":"MOR","inactivationDate":"","struck_off_date":"15-JAN-2009","registrationDate":"21-DEC-2006"},"categories":{"0":"Company"},"statistics":{"digest":{"0":{"edgeType":"is officer of","nodeCategories":{"0":"Officer"},"nodes":10,"edges":10},"1":{"edgeType":"registered","nodeCategories":{"0":"Client"},"nodes":1,"edges":1}},"edgeCount":11,"visibleEdgeCount":2,"hiddenEdgeCount":9}},"label":"60 BROMPTON ROAD MANAGEMENT COMPANY LIMITED","x":-163.76,"y":200.709,"fixed":true,"size":1,"glyphs":{"0":{"draw":true,"position":"top-right","content":"9"}},"colors":{"0":"#420e00"},"color":"#420e00","icon":{"font":"FontAwesome","scale":1,"color":"#fff","content":""},"read_cam0:size":5,"read_cam0:x":-163.76,"read_cam0:y":200.709,"renderer1:x":1050.9138456021687,"renderer1:y":648.7570272868629,"renderer1:size":8.174163826872269},{"id":277479,"nodelink":{"x":-161.998,"y":-82.403,"fixed":true},"geo":{"latitudeDiff":0,"longitudeDiff":0},"data":{"properties":{"file_number":"6011837","jurisdiction":"BVI","name":"Boston House Properties Limited [Knightsbridge Estate Properties Limited]","status":"ACT","inactivationDate":"","struck_off_date":"","registrationDate":"22-APR-2010"},"categories":{"0":"Company"},"statistics":{"digest":{"0":{"edgeType":"is officer of","nodeCategories":{"0":"Officer"},"nodes":2,"edges":2},"1":{"edgeType":"registered","nodeCategories":{"0":"Client"},"nodes":1,"edges":1}},"edgeCount":3,"visibleEdgeCount":3,"hiddenEdgeCount":0}},"label":"Boston House Properties Limited [Knightsbridge Estate Properties Limited]","x":-161.998,"y":-82.403,"fixed":true,"size":1,"glyphs":{"0":{"draw":false,"position":"top-right","content":"0"}},"colors":{"0":"#420e00"},"color":"#420e00","icon":{"font":"FontAwesome","scale":1,"color":"#fff","content":""},"read_cam0:size":5,"read_cam0:x":-161.998,"read_cam0:y":-82.403,"renderer1:x":1054.1710691862784,"renderer1:y":125.3977291345301,"renderer1:size":8.174163826872269},{"id":253328,"nodelink":{"x":-163.686,"y":-62.714,"fixed":true},"geo":{"latitudeDiff":0,"longitudeDiff":0},"data":{"properties":{"file_number":"6019341","jurisdiction":"BVI","name":"Boston House Properties Limited","status":"INA","inactivationDate":"14-MAY-2012","struck_off_date":"31-OCT-2011","registrationDate":"22-APR-2010"},"categories":{"0":"Company"},"statistics":{"digest":{"0":{"edgeType":"is officer of","nodeCategories":{"0":"Officer"},"nodes":1,"edges":1},"1":{"edgeType":"registered","nodeCategories":{"0":"Client"},"nodes":1,"edges":1}},"edgeCount":2,"visibleEdgeCount":2,"hiddenEdgeCount":0}},"label":"Boston House Properties Limited","x":-163.686,"y":-62.714,"fixed":true,"size":1,"glyphs":{"0":{"draw":false,"position":"top-right","content":"0"}},"colors":{"0":"#420e00"},"color":"#420e00","icon":{"font":"FontAwesome","scale":1,"color":"#fff","content":""},"read_cam0:size":5,"read_cam0:x":-163.686,"read_cam0:y":-62.714,"renderer1:x":1051.0506415983232,"renderer1:y":161.79470708432132,"renderer1:size":8.174163826872269},{"id":588190,"nodelink":{"x":-193.882,"y":75.744,"fixed":true},"geo":{"latitudeDiff":0,"longitudeDiff":0},"data":{"properties":{"name":"HOLMAN FENWICK WILLAN LLP","client_number":"29160","client_name":"HOLMAN FENWICK WILLAN LLP"},"categories":{"0":"Client"},"statistics":{"digest":{"0":{"edgeType":"registered","nodeCategories":{"0":"Company"},"nodes":1,"edges":1}},"edgeCount":1,"visibleEdgeCount":1,"hiddenEdgeCount":0}},"label":"HOLMAN FENWICK WILLAN LLP","x":-193.882,"y":75.744,"fixed":true,"size":1,"glyphs":{"0":{"draw":false,"position":"top-right","content":"0"}},"colors":{"0":"#851d00"},"color":"#851d00","icon":{"font":"FontAwesome","scale":1,"color":"#fff","content":""},"read_cam0:size":5,"read_cam0:x":-193.882,"read_cam0:y":75.744,"renderer1:x":995.2304807891458,"renderer1:y":417.74741026742794,"renderer1:size":8.174163826872269}],"edges":[{"id":56712,"source":653764,"target":76642,"data":{"properties":{"name":"Beneficiary"},"type":"is officer of"},"label":"is officer of","size":1,"color":"#d48a60","read_cam0:size":2,"renderer1:size":3.269665530748907},{"id":69517,"source":667752,"target":76642,"data":{"properties":{"date_end":"","name":"Sole signatory","date_start":"29/11/1999"},"type":"is officer of"},"label":"is officer of","size":1,"color":"#d48a60","read_cam0:size":2,"renderer1:size":3.269665530748907},{"id":505125,"source":302740,"target":76642,"data":{"properties":{"name":"Shareholder"},"type":"is officer of"},"label":"is officer of","size":1,"color":"#d48a60","hover":false,"read_cam0:size":2,"renderer1:size":3.269665530748907},{"id":671038,"source":587847,"target":76642,"data":{"properties":{},"type":"registered"},"label":"registered","size":1,"color":"#8a6960","read_cam0:size":2,"renderer1:size":3.269665530748907},{"id":15030,"source":302740,"target":277479,"data":{"properties":{"name":"Shareholder"},"type":"is officer of"},"label":"is officer of","size":1,"color":"#d48a60","hover":false,"read_cam0:size":2,"renderer1:size":3.269665530748907},{"id":25671,"source":302740,"target":148291,"data":{"properties":{"name":"Shareholder"},"type":"is officer of"},"label":"is officer of","size":1,"color":"#d48a60","hover":false,"read_cam0:size":2,"renderer1:size":3.269665530748907},{"id":33865,"source":302740,"target":32747,"data":{"properties":{"name":"Shareholder"},"type":"is officer of"},"label":"is officer of","size":1,"color":"#d48a60","read_cam0:size":2,"renderer1:size":3.269665530748907},{"id":56706,"source":653764,"target":7950,"data":{"properties":{"name":"Beneficiary"},"type":"is officer of"},"label":"is officer of","size":1,"color":"#d48a60","read_cam0:size":2,"renderer1:size":3.269665530748907},{"id":56707,"source":653764,"target":1431,"data":{"properties":{"name":"Beneficiary"},"type":"is officer of"},"label":"is officer of","size":1,"color":"#d48a60","hover":false,"read_cam0:size":2,"renderer1:size":3.269665530748907},{"id":56708,"source":653764,"target":30882,"data":{"properties":{"name":"Beneficiary"},"type":"is officer of"},"label":"is officer of","size":1,"color":"#d48a60","read_cam0:size":2,"renderer1:size":3.269665530748907},{"id":56709,"source":653764,"target":221515,"data":{"properties":{"name":"Beneficiary"},"type":"is officer of"},"label":"is officer of","size":1,"color":"#d48a60","read_cam0:size":2,"renderer1:size":3.269665530748907},{"id":56710,"source":653764,"target":91001,"data":{"properties":{"name":"Beneficiary"},"type":"is officer of"},"label":"is officer of","size":1,"color":"#d48a60","hover":false,"read_cam0:size":2,"renderer1:size":3.269665530748907},{"id":56711,"source":653764,"target":256958,"data":{"properties":{"name":"Beneficiary"},"type":"is officer of"},"label":"is officer of","size":1,"color":"#d48a60","read_cam0:size":2,"renderer1:size":3.269665530748907},{"id":56713,"source":653764,"target":172555,"data":{"properties":{"name":"Beneficiary"},"type":"is officer of"},"label":"is officer of","size":1,"color":"#d48a60","hover":false,"read_cam0:size":2,"renderer1:size":3.269665530748907},{"id":56714,"source":653764,"target":148291,"data":{"properties":{"name":"Beneficiary"},"type":"is officer of"},"label":"is officer of","size":1,"color":"#d48a60","read_cam0:size":2,"renderer1:size":3.269665530748907},{"id":56715,"source":653764,"target":88127,"data":{"properties":{"name":"Beneficiary"},"type":"is officer of"},"label":"is officer of","size":1,"color":"#d48a60","hover":false,"read_cam0:size":2,"renderer1:size":3.269665530748907},{"id":56716,"source":653764,"target":245626,"data":{"properties":{"name":"Beneficiary"},"type":"is officer of"},"label":"is officer of","size":1,"color":"#d48a60","hover":false,"read_cam0:size":2,"renderer1:size":3.269665530748907},{"id":56717,"source":653764,"target":208828,"data":{"properties":{"name":"Beneficiary"},"type":"is officer of"},"label":"is officer of","size":1,"color":"#d48a60","read_cam0:size":2,"renderer1:size":3.269665530748907},{"id":56718,"source":653764,"target":277479,"data":{"properties":{"name":"Beneficiary"},"type":"is officer of"},"label":"is officer of","size":1,"color":"#d48a60","read_cam0:size":2,"renderer1:size":3.269665530748907},{"id":56719,"source":653764,"target":9109,"data":{"properties":{"name":"Beneficiary"},"type":"is officer of"},"label":"is officer of","size":1,"color":"#d48a60","read_cam0:size":2,"renderer1:size":3.269665530748907},{"id":69489,"source":667752,"target":263217,"data":{"properties":{"date_end":"","name":"Beneficial owner","date_start":""},"type":"is officer of"},"label":"is officer of","size":1,"color":"#d48a60","read_cam0:size":2,"renderer1:size":3.269665530748907},{"id":69490,"source":667752,"target":243302,"data":{"properties":{"date_end":"","name":"Beneficial owner","date_start":""},"type":"is officer of"},"label":"is officer of","size":1,"color":"#d48a60","read_cam0:size":2,"renderer1:size":3.269665530748907},{"id":69491,"source":667752,"target":60003,"data":{"properties":{"date_end":"","name":"Beneficial owner","date_start":""},"type":"is officer of"},"label":"is officer of","size":1,"color":"#d48a60","read_cam0:size":2,"renderer1:size":3.269665530748907},{"id":69493,"source":667752,"target":55834,"data":{"properties":{"date_end":"","name":"Beneficial owner","date_start":"09/11/2005"},"type":"is officer of"},"label":"is officer of","size":1,"color":"#d48a60","hover":false,"read_cam0:size":2,"renderer1:size":3.269665530748907},{"id":69494,"source":667752,"target":245626,"data":{"properties":{"date_end":"","name":"Beneficial owner","date_start":"10/01/2001"},"type":"is officer of"},"label":"is officer of","size":1,"color":"#d48a60","hover":false,"read_cam0:size":2,"renderer1:size":3.269665530748907},{"id":69495,"source":667752,"target":91001,"data":{"properties":{"date_end":"","name":"Beneficial owner","date_start":"12/02/2007"},"type":"is officer of"},"label":"is officer of","size":1,"color":"#d48a60","read_cam0:size":2,"renderer1:size":3.269665530748907},{"id":69496,"source":667752,"target":7950,"data":{"properties":{"date_end":"","name":"Beneficial owner","date_start":"12/02/2007"},"type":"is officer of"},"label":"is officer of","size":1,"color":"#d48a60","read_cam0:size":2,"renderer1:size":3.269665530748907},{"id":69497,"source":667752,"target":256958,"data":{"properties":{"date_end":"","name":"Beneficial owner","date_start":"12/02/2007"},"type":"is officer of"},"label":"is officer of","size":1,"color":"#d48a60","read_cam0:size":2,"renderer1:size":3.269665530748907},{"id":69498,"source":667752,"target":253209,"data":{"properties":{"date_end":"","name":"Beneficial owner","date_start":"12/02/2007"},"type":"is officer of"},"label":"is officer of","size":1,"color":"#d48a60","read_cam0:size":2,"renderer1:size":3.269665530748907},{"id":69499,"source":667752,"target":208828,"data":{"properties":{"date_end":"","name":"Beneficial owner","date_start":"12/02/2007"},"type":"is officer of"},"label":"is officer of","size":1,"color":"#d48a60","read_cam0:size":2,"renderer1:size":3.269665530748907},{"id":69500,"source":667752,"target":160463,"data":{"properties":{"date_end":"","name":"Beneficial owner","date_start":"12/03/2003"},"type":"is officer of"},"label":"is officer of","size":1,"color":"#d48a60","hover":false,"read_cam0:size":2,"renderer1:size":3.269665530748907},{"id":69501,"source":667752,"target":247722,"data":{"properties":{"date_end":"","name":"Beneficial owner","date_start":"12/06/2002"},"type":"is officer of"},"label":"is officer of","size":1,"color":"#d48a60","read_cam0:size":2,"renderer1:size":3.269665530748907},{"id":69502,"source":667752,"target":178308,"data":{"properties":{"date_end":"30/04/2013","name":"Beneficial owner","date_start":"12/09/2002"},"type":"is officer of"},"label":"is officer of","size":1,"color":"#d48a60","read_cam0:size":2,"renderer1:size":3.269665530748907},{"id":69503,"source":667752,"target":105769,"data":{"properties":{"date_end":"30/04/2015","name":"Beneficial owner","date_start":"16/07/2003"},"type":"is officer of"},"label":"is officer of","size":1,"color":"#d48a60","read_cam0:size":2,"renderer1:size":3.269665530748907},{"id":69504,"source":667752,"target":1318,"data":{"properties":{"date_end":"","name":"Beneficial owner","date_start":"17/07/2002"},"type":"is officer of"},"label":"is officer of","size":1,"color":"#d48a60","read_cam0:size":2,"renderer1:size":3.269665530748907},{"id":69505,"source":667752,"target":261656,"data":{"properties":{"date_end":"","name":"Beneficial owner","date_start":"17/07/2002"},"type":"is officer of"},"label":"is officer of","size":1,"color":"#d48a60","hover":false,"read_cam0:size":2,"renderer1:size":3.269665530748907},{"id":69506,"source":667752,"target":230780,"data":{"properties":{"date_end":"","name":"Beneficial owner","date_start":"18/07/2005"},"type":"is officer of"},"label":"is officer of","size":1,"color":"#d48a60","hover":false,"read_cam0:size":2,"renderer1:size":3.269665530748907},{"id":69507,"source":667752,"target":17187,"data":{"properties":{"date_end":"","name":"Beneficial owner","date_start":"18/10/2002"},"type":"is officer of"},"label":"is officer of","size":1,"color":"#d48a60","read_cam0:size":2,"renderer1:size":3.269665530748907},{"id":69508,"source":667752,"target":9109,"data":{"properties":{"date_end":"","name":"Beneficial owner","date_start":"21/04/2014"},"type":"is officer of"},"label":"is officer of","size":1,"color":"#d48a60","read_cam0:size":2,"renderer1:size":3.269665530748907},{"id":69509,"source":667752,"target":221515,"data":{"properties":{"date_end":"","name":"Beneficial owner","date_start":"22/02/2009"},"type":"is officer of"},"label":"is officer of","size":1,"color":"#d48a60","read_cam0:size":2,"renderer1:size":3.269665530748907},{"id":69510,"source":667752,"target":1431,"data":{"properties":{"date_end":"","name":"Beneficial owner","date_start":"22/02/2009"},"type":"is officer of"},"label":"is officer of","size":1,"color":"#d48a60","read_cam0:size":2,"renderer1:size":3.269665530748907},{"id":69511,"source":667752,"target":172555,"data":{"properties":{"date_end":"","name":"Beneficial owner","date_start":"23/06/2004"},"type":"is officer of"},"label":"is officer of","size":1,"color":"#d48a60","read_cam0:size":2,"renderer1:size":3.269665530748907},{"id":69512,"source":667752,"target":168342,"data":{"properties":{"date_end":"","name":"Beneficial owner","date_start":"23/06/2004"},"type":"is officer of"},"label":"is officer of","size":1,"color":"#d48a60","read_cam0:size":2,"renderer1:size":3.269665530748907},{"id":69513,"source":667752,"target":88127,"data":{"properties":{"date_end":"","name":"Beneficial owner","date_start":"25/04/1997"},"type":"is officer of"},"label":"is officer of","size":1,"color":"#d48a60","read_cam0:size":2,"renderer1:size":3.269665530748907},{"id":69515,"source":667752,"target":80469,"data":{"properties":{"date_end":"","name":"Beneficial owner","date_start":"25/05/2001"},"type":"is officer of"},"label":"is officer of","size":1,"color":"#d48a60","read_cam0:size":2,"renderer1:size":3.269665530748907},{"id":69516,"source":667752,"target":30882,"data":{"properties":{"date_end":"","name":"Sole signatory","date_start":"29/11/1999"},"type":"is officer of"},"label":"is officer of","size":1,"color":"#d48a60","read_cam0:size":2,"renderer1:size":3.269665530748907},{"id":69518,"source":667752,"target":32747,"data":{"properties":{"date_end":"","name":"Sole signatory / Beneficial owner","date_start":"29/11/1999"},"type":"is officer of"},"label":"is officer of","size":1,"color":"#d48a60","read_cam0:size":2,"renderer1:size":3.269665530748907},{"id":414306,"source":302740,"target":91001,"data":{"properties":{"name":"Shareholder"},"type":"is officer of"},"label":"is officer of","size":1,"color":"#d48a60","read_cam0:size":2,"renderer1:size":3.269665530748907},{"id":429965,"source":302740,"target":210238,"data":{"properties":{"name":"Shareholder"},"type":"is officer of"},"label":"is officer of","size":1,"color":"#d48a60","read_cam0:size":2,"renderer1:size":3.269665530748907},{"id":435604,"source":302740,"target":243302,"data":{"properties":{"name":"Shareholder"},"type":"is officer of"},"label":"is officer of","size":1,"color":"#d48a60","read_cam0:size":2,"renderer1:size":3.269665530748907},{"id":482781,"source":302740,"target":261656,"data":{"properties":{"name":"Shareholder"},"type":"is officer of"},"label":"is officer of","size":1,"color":"#d48a60","read_cam0:size":2,"renderer1:size":3.269665530748907},{"id":504145,"source":302740,"target":30882,"data":{"properties":{"name":"Shareholder"},"type":"is officer of"},"label":"is officer of","size":1,"color":"#d48a60","read_cam0:size":2,"renderer1:size":3.269665530748907},{"id":505559,"source":302740,"target":221515,"data":{"properties":{"name":"Shareholder"},"type":"is officer of"},"label":"is officer of","size":1,"color":"#d48a60","hover":false,"read_cam0:size":2,"renderer1:size":3.269665530748907},{"id":505562,"source":302740,"target":245626,"data":{"properties":{"name":"Shareholder"},"type":"is officer of"},"label":"is officer of","size":1,"color":"#d48a60","read_cam0:size":2,"renderer1:size":3.269665530748907},{"id":506079,"source":302740,"target":7950,"data":{"properties":{"name":"Shareholder"},"type":"is officer of"},"label":"is officer of","size":1,"color":"#d48a60","read_cam0:size":2,"renderer1:size":3.269665530748907},{"id":512729,"source":302740,"target":88127,"data":{"properties":{"name":"Shareholder"},"type":"is officer of"},"label":"is officer of","size":1,"color":"#d48a60","read_cam0:size":2,"renderer1:size":3.269665530748907},{"id":518832,"source":302740,"target":160463,"data":{"properties":{"name":"Shareholder"},"type":"is officer of"},"label":"is officer of","size":1,"color":"#d48a60","read_cam0:size":2,"renderer1:size":3.269665530748907},{"id":521901,"source":302740,"target":80469,"data":{"properties":{"name":"Shareholder"},"type":"is officer of"},"label":"is officer of","size":1,"color":"#d48a60","read_cam0:size":2,"renderer1:size":3.269665530748907},{"id":540975,"source":302740,"target":55834,"data":{"properties":{"name":"Shareholder"},"type":"is officer of"},"label":"is officer of","size":1,"color":"#d48a60","read_cam0:size":2,"renderer1:size":3.269665530748907},{"id":541463,"source":302740,"target":230780,"data":{"properties":{"name":"Shareholder"},"type":"is officer of"},"label":"is officer of","size":1,"color":"#d48a60","read_cam0:size":2,"renderer1:size":3.269665530748907},{"id":544269,"source":302740,"target":1431,"data":{"properties":{"name":"Shareholder"},"type":"is officer of"},"label":"is officer of","size":1,"color":"#d48a60","read_cam0:size":2,"renderer1:size":3.269665530748907},{"id":652992,"source":587847,"target":263217,"data":{"properties":{},"type":"registered"},"label":"registered","size":1,"color":"#8a6960","read_cam0:size":2,"renderer1:size":3.269665530748907},{"id":674121,"source":587847,"target":148291,"data":{"properties":{},"type":"registered"},"label":"registered","size":1,"color":"#8a6960","hover":false,"read_cam0:size":2,"renderer1:size":3.269665530748907},{"id":674689,"source":587847,"target":243302,"data":{"properties":{},"type":"registered"},"label":"registered","size":1,"color":"#8a6960","read_cam0:size":2,"renderer1:size":3.269665530748907},{"id":675004,"source":587847,"target":17187,"data":{"properties":{},"type":"registered"},"label":"registered","size":1,"color":"#8a6960","read_cam0:size":2,"renderer1:size":3.269665530748907},{"id":677128,"source":587847,"target":88127,"data":{"properties":{},"type":"registered"},"label":"registered","size":1,"color":"#8a6960","read_cam0:size":2,"renderer1:size":3.269665530748907},{"id":677151,"source":587847,"target":32747,"data":{"properties":{},"type":"registered"},"label":"registered","size":1,"color":"#8a6960","read_cam0:size":2,"renderer1:size":3.269665530748907},{"id":679572,"source":587847,"target":7950,"data":{"properties":{},"type":"registered"},"label":"registered","size":1,"color":"#8a6960","read_cam0:size":2,"renderer1:size":3.269665530748907},{"id":679882,"source":587847,"target":221515,"data":{"properties":{},"type":"registered"},"label":"registered","size":1,"color":"#8a6960","read_cam0:size":2,"renderer1:size":3.269665530748907},{"id":679884,"source":587847,"target":245626,"data":{"properties":{},"type":"registered"},"label":"registered","size":1,"color":"#8a6960","read_cam0:size":2,"renderer1:size":3.269665530748907},{"id":680003,"source":587847,"target":172555,"data":{"properties":{},"type":"registered"},"label":"registered","size":1,"color":"#8a6960","read_cam0:size":2,"renderer1:size":3.269665530748907},{"id":692957,"source":587847,"target":80469,"data":{"properties":{},"type":"registered"},"label":"registered","size":1,"color":"#8a6960","read_cam0:size":2,"renderer1:size":3.269665530748907},{"id":695317,"source":587847,"target":105769,"data":{"properties":{},"type":"registered"},"label":"registered","size":1,"color":"#8a6960","read_cam0:size":2,"renderer1:size":3.269665530748907},{"id":699263,"source":587847,"target":160463,"data":{"properties":{},"type":"registered"},"label":"registered","size":1,"color":"#8a6960","read_cam0:size":2,"renderer1:size":3.269665530748907},{"id":700618,"source":587847,"target":1318,"data":{"properties":{},"type":"registered"},"label":"registered","size":1,"color":"#8a6960","read_cam0:size":2,"renderer1:size":3.269665530748907},{"id":700982,"source":587847,"target":178308,"data":{"properties":{},"type":"registered"},"label":"registered","size":1,"color":"#8a6960","read_cam0:size":2,"renderer1:size":3.269665530748907},{"id":701771,"source":587847,"target":247722,"data":{"properties":{},"type":"registered"},"label":"registered","size":1,"color":"#8a6960","read_cam0:size":2,"renderer1:size":3.269665530748907},{"id":703249,"source":587847,"target":261656,"data":{"properties":{},"type":"registered"},"label":"registered","size":1,"color":"#8a6960","read_cam0:size":2,"renderer1:size":3.269665530748907},{"id":708404,"source":587847,"target":168342,"data":{"properties":{},"type":"registered"},"label":"registered","size":1,"color":"#8a6960","read_cam0:size":2,"renderer1:size":3.269665530748907},{"id":710581,"source":587847,"target":256958,"data":{"properties":{},"type":"registered"},"label":"registered","size":1,"color":"#8a6960","read_cam0:size":2,"renderer1:size":3.269665530748907},{"id":722674,"source":587847,"target":55834,"data":{"properties":{},"type":"registered"},"label":"registered","size":1,"color":"#8a6960","read_cam0:size":2,"renderer1:size":3.269665530748907},{"id":723056,"source":587847,"target":208828,"data":{"properties":{},"type":"registered"},"label":"registered","size":1,"color":"#8a6960","read_cam0:size":2,"renderer1:size":3.269665530748907},{"id":728197,"source":587847,"target":230780,"data":{"properties":{},"type":"registered"},"label":"registered","size":1,"color":"#8a6960","read_cam0:size":2,"renderer1:size":3.269665530748907},{"id":730610,"source":587847,"target":1431,"data":{"properties":{},"type":"registered"},"label":"registered","size":1,"color":"#8a6960","read_cam0:size":2,"renderer1:size":3.269665530748907},{"id":743517,"source":587847,"target":277479,"data":{"properties":{},"type":"registered"},"label":"registered","size":1,"color":"#8a6960","read_cam0:size":2,"renderer1:size":3.269665530748907},{"id":757710,"source":587847,"target":9109,"data":{"properties":{},"type":"registered"},"label":"registered","size":1,"color":"#8a6960","read_cam0:size":2,"renderer1:size":3.269665530748907},{"id":800987,"source":587847,"target":91001,"data":{"properties":{},"type":"registered"},"label":"registered","size":1,"color":"#8a6960","read_cam0:size":2,"renderer1:size":3.269665530748907},{"id":801257,"source":587847,"target":30882,"data":{"properties":{},"type":"registered"},"label":"registered","size":1,"color":"#8a6960","read_cam0:size":2,"renderer1:size":3.269665530748907},{"id":807982,"source":587847,"target":253209,"data":{"properties":{},"type":"registered"},"label":"registered","size":1,"color":"#8a6960","read_cam0:size":2,"renderer1:size":3.269665530748907},{"id":808570,"source":587847,"target":210238,"data":{"properties":{},"type":"registered"},"label":"registered","size":1,"color":"#8a6960","read_cam0:size":2,"renderer1:size":3.269665530748907},{"id":814062,"source":587847,"target":60003,"data":{"properties":{},"type":"registered"},"label":"registered","size":1,"color":"#8a6960","read_cam0:size":2,"renderer1:size":3.269665530748907},{"id":69492,"source":667752,"target":253328,"data":{"properties":{"date_end":"14/05/2012","name":"Beneficial owner","date_start":"05/01/2011"},"type":"is officer of"},"label":"is officer of","size":1,"color":"#d48a60","read_cam0:size":2,"renderer1:size":3.269665530748907},{"id":753903,"source":588190,"target":253328,"data":{"properties":{},"type":"registered"},"label":"registered","size":1,"color":"#8a6960","read_cam0:size":2,"renderer1:size":3.269665530748907}]}