{"nodes":[{"id":122795,"nodelink":{"x":-62.751,"y":-22.223,"fixed":true},"geo":{"latitudeDiff":0,"longitudeDiff":0},"data":{"properties":{"file_number":"512774","jurisdiction":"BVI","name":"BAINFIELD COMPANY LTD.","status":"REN","inactivationDate":"23-APR-2003","struck_off_date":"31-OCT-2003","registrationDate":"03-JAN-1995"},"categories":{"0":"Company"},"statistics":{"digest":{"0":{"edgeType":"is officer of","nodeCategories":{"0":"Officer"},"nodes":2,"edges":3},"1":{"edgeType":"registered","nodeCategories":{"0":"Client"},"nodes":1,"edges":1}},"edgeCount":4,"visibleEdgeCount":4,"hiddenEdgeCount":0}},"label":"BAINFIELD COMPANY LTD.","x":-62.751,"y":-22.223,"fixed":true,"size":1,"glyphs":{"0":{"draw":false,"position":"top-right","content":"0"}},"color":"#420e00","icon":{"font":"FontAwesome","scale":1,"color":"#fff","content":""},"fa2_x":-62.751,"fa2_y":-22.223,"active":false,"colors":{"0":"#420e00"},"read_cam0:size":5,"read_cam0:x":-62.751,"read_cam0:y":-22.223,"renderer1:x":1282.1246664896985,"renderer1:y":366.477330193533,"renderer1:size":19.913904051232844},{"id":133373,"nodelink":{"x":-62.751,"y":-12.02,"fixed":true},"geo":{"latitudeDiff":0,"longitudeDiff":0},"data":{"properties":{"file_number":"514880","jurisdiction":"BVI","name":"GATEWAY MARKETING INC.","status":"REN","inactivationDate":"16-NOV-2000","struck_off_date":"30-APR-2001","registrationDate":"04-AUG-1995"},"categories":{"0":"Company"},"statistics":{"digest":{"0":{"edgeType":"is officer of","nodeCategories":{"0":"Officer"},"nodes":1,"edges":1},"1":{"edgeType":"registered","nodeCategories":{"0":"Client"},"nodes":1,"edges":1}},"edgeCount":2,"visibleEdgeCount":2,"hiddenEdgeCount":0}},"label":"GATEWAY MARKETING INC.","x":-62.751,"y":-12.02,"fixed":true,"size":1,"glyphs":{"0":{"draw":false,"position":"top-right","content":"0"}},"color":"#420e00","icon":{"font":"FontAwesome","scale":1,"color":"#fff","content":""},"fa2_x":-62.751,"fa2_y":-12.02,"active":false,"colors":{"0":"#420e00"},"read_cam0:size":5,"read_cam0:x":-62.751,"read_cam0:y":-12.02,"renderer1:x":1282.1246664896985,"renderer1:y":423.88380703377123,"renderer1:size":19.913904051232844},{"id":585463,"nodelink":{"x":-104.183,"y":-29.644,"fixed":true},"geo":{"latitudeDiff":0,"longitudeDiff":0},"data":{"properties":{"name":"(PMA CLIENT) CAMILLE FROIDEVAUX","status":"SUSPENDED","client_number":"25407","client_name":"(PMA CLIENT) CAMILLE FROIDEVAUX","prospect_date":"03-SEP-2008","active_since":"","country":"SWITZERLAND","city":"GENEVE","former_name":"","cross_reference":"CAMILLE FROIDEVAUX","activity":"ATTORNEY","classification":"Professional","subclassification":"","region":"PROFESSIONAL CLIENTS","compliance_classification":"INTRODUCER"},"categories":{"0":"Client"},"statistics":{"digest":{"0":{"edgeType":"registered","nodeCategories":{"0":"Company"},"nodes":127,"edges":127}},"edgeCount":127,"visibleEdgeCount":2,"hiddenEdgeCount":125}},"label":"(PMA CLIENT) CAMILLE FROIDEVAUX","x":-104.183,"y":-29.644,"fixed":true,"size":1,"glyphs":{"0":{"draw":true,"position":"top-right","content":"125"}},"color":"#851d00","icon":{"font":"FontAwesome","scale":1,"color":"#fff","content":""},"fa2_x":-104.183,"fa2_y":-29.644,"active":false,"colors":{"0":"#851d00"},"read_cam0:size":5,"read_cam0:x":-104.183,"read_cam0:y":-29.644,"renderer1:x":1049.0103718268788,"renderer1:y":324.72358476263935,"renderer1:size":19.913904051232844},{"id":187273,"nodelink":{"x":-68.317,"y":-55.616,"fixed":true},"geo":{"latitudeDiff":0,"longitudeDiff":0},"data":{"properties":{"file_number":"519401","jurisdiction":"BVI","name":"BASSINGTON LIMITED","status":"REN","inactivationDate":"04-MAY-2012","struck_off_date":"30-APR-2013","registrationDate":"23-OCT-1996"},"categories":{"0":"Company"},"statistics":{"digest":{"0":{"edgeType":"is officer of","nodeCategories":{"0":"Officer"},"nodes":4,"edges":4},"1":{"edgeType":"registered","nodeCategories":{"0":"Client"},"nodes":1,"edges":1}},"edgeCount":5,"visibleEdgeCount":5,"hiddenEdgeCount":0}},"label":"BASSINGTON LIMITED","x":-68.317,"y":-55.616,"fixed":true,"size":1,"glyphs":{"0":{"draw":false,"position":"top-right","content":"0"}},"color":"#420e00","icon":{"font":"FontAwesome","scale":1,"color":"#fff","content":""},"active":false,"fa2_x":-68.317,"fa2_y":-55.616,"colors":{"0":"#420e00"},"read_cam0:size":5,"read_cam0:x":-68.317,"read_cam0:y":-55.616,"renderer1:x":1250.8079508087453,"renderer1:y":178.59391540120959,"renderer1:size":19.913904051232844},{"id":214296,"nodelink":{"x":-59.041,"y":1.276,"fixed":true},"geo":{"latitudeDiff":0,"longitudeDiff":0},"data":{"properties":{"file_number":"511426","jurisdiction":"BVI","name":"METALSRUSSIA CORP. LTD.","status":"INA","inactivationDate":"07-NOV-2002","struck_off_date":"31-OCT-2003","registrationDate":"12-MAR-1991"},"categories":{"0":"Company"},"statistics":{"digest":{"0":{"edgeType":"registered","nodeCategories":{"0":"Client"},"nodes":1,"edges":1}},"edgeCount":1,"visibleEdgeCount":1,"hiddenEdgeCount":0}},"label":"METALSRUSSIA CORP. LTD.","x":-79.60183424295587,"y":9.8376630314038,"fixed":true,"size":1,"glyphs":{"0":{"draw":false,"position":"top-right","content":"0"},"1":{"draw":true,"position":"bottom-right","font":"FontAwesome","textColor":"#000","content":""}},"color":"#420e00","icon":{"font":"FontAwesome","scale":1,"color":"#fff","content":""},"fa2_x":-59.041,"fa2_y":1.276,"active":false,"colors":{"0":"#420e00"},"read_cam0:size":5,"read_cam0:x":-79.60183424295587,"read_cam0:y":9.8376630314038,"renderer1:x":1187.3146081042296,"renderer1:y":546.8644427873745,"renderer1:size":19.913904051232844},{"id":127371,"nodelink":{"x":-59.35,"y":30.649,"fixed":true},"geo":{"latitudeDiff":0,"longitudeDiff":0},"data":{"properties":{"file_number":"518502","jurisdiction":"BVI","name":"SOUTHEAST ASIA METAL LTD. (EX.- CHAIN POWER LIMITED)","status":"MOR","inactivationDate":"15-JUL-2009","struck_off_date":"30-APR-2010","registrationDate":"09-AUG-1996"},"categories":{"0":"Company"},"statistics":{"digest":{"0":{"edgeType":"is officer of","nodeCategories":{"0":"Officer"},"nodes":4,"edges":4},"1":{"edgeType":"registered","nodeCategories":{"0":"Client"},"nodes":1,"edges":1}},"edgeCount":5,"visibleEdgeCount":1,"hiddenEdgeCount":4}},"label":"SOUTHEAST ASIA METAL LTD. (EX.- CHAIN POWER LIMITED)","x":-90.66613943097624,"y":24.590069948764317,"fixed":true,"size":1,"glyphs":{"0":{"draw":true,"position":"top-right","content":"4"},"1":{"draw":true,"position":"bottom-right","font":"FontAwesome","textColor":"#000","content":""}},"color":"#420e00","icon":{"font":"FontAwesome","scale":1,"color":"#fff","content":""},"fa2_x":-59.35,"fa2_y":30.649,"active":false,"colors":{"0":"#420e00"},"read_cam0:size":5,"read_cam0:x":-90.66613943097624,"read_cam0:y":24.590069948764317,"renderer1:x":1125.062056939923,"renderer1:y":629.8678443397832,"renderer1:size":19.913904051232844},{"id":592524,"nodelink":{"x":-108.512,"y":4.677,"fixed":true},"geo":{"latitudeDiff":0,"longitudeDiff":0},"data":{"properties":{"name":"P & B SERVICES LIMITED","status":"ACTIVE","client_number":"3202","client_name":"P & B SERVICES LIMITED","prospect_date":"","active_since":"01-DEC-1988","country":"HONG KONG S.A.R.","city":"WANCHAI","former_name":"P & B MANAGEMENT SERVICES LIMITED","cross_reference":"P & P SECRETARIAL MANAGEMENT LIMITED","activity":"CORPORATE/ADMINISTRATION","classification":"Special rates","subclassification":"Professional Fees","region":"HONG KONG PROFESSIONAL CLIENTS","compliance_classification":"INTERMEDIARY"},"categories":{"0":"Client"},"statistics":{"digest":{"0":{"edgeType":"registered","nodeCategories":{"0":"Company"},"nodes":456,"edges":456}},"edgeCount":456,"visibleEdgeCount":2,"hiddenEdgeCount":454}},"label":"P & B SERVICES LIMITED","x":-123.49024482210339,"y":-3.4395031942206593,"fixed":true,"size":1,"glyphs":{"0":{"draw":true,"position":"top-right","content":"454"},"1":{"draw":true,"position":"bottom-right","font":"FontAwesome","textColor":"#000","content":""}},"color":"#851d00","icon":{"font":"FontAwesome","scale":1,"color":"#fff","content":""},"fa2_x":-108.512,"fa2_y":4.677,"active":false,"colors":{"0":"#851d00"},"read_cam0:size":5,"read_cam0:x":-123.49024482210339,"read_cam0:y":-3.4395031942206593,"renderer1:x":940.3794884858135,"renderer1:y":472.1613813902066,"renderer1:size":19.913904051232844},{"id":311117,"nodelink":{"x":-19.154,"y":-48.505,"fixed":true},"geo":{"latitudeDiff":0,"longitudeDiff":0},"data":{"properties":{"name":"THE BEARER","certificateNumber":"1","numbershares":"1","classofshares":"ORDINARY","dateofissue":"01-11-1996","ceasedmembership":"11-06-2003","transferdate":"11-06-2003","sharestransferred":"1.0","newcertificate":"3","custodianname":"","custodianaddress":"","citizenship":"NO","pep":"NO","rst":"NOT NEGATIVE RESULT","registerlocation":"HELVETIA COURT   SOUTH ESPLANADE ST. PETER PORT   GUERNSEY CHANNEL ISLANDS   GY1 4EE"},"categories":{"0":"Officer"},"statistics":{"digest":{"0":{"edgeType":"registered address","nodeCategories":{"0":"Address"},"nodes":1,"edges":1},"1":{"edgeType":"is officer of","nodeCategories":{"0":"Company"},"nodes":1,"edges":1}},"edgeCount":2,"visibleEdgeCount":1,"hiddenEdgeCount":1}},"label":"THE BEARER","x":-19.154,"y":-48.505,"fixed":true,"size":1,"glyphs":{"0":{"draw":true,"position":"top-right","content":"1"}},"color":"#be4400","icon":{"font":"FontAwesome","scale":1,"color":"#fff","content":""},"fa2_x":-19.154,"fa2_y":-48.505,"active":false,"colors":{"0":"#be4400"},"read_cam0:size":5,"read_cam0:x":-19.154,"read_cam0:y":-48.505,"renderer1:x":1527.4201845533921,"renderer1:y":218.60346718116983,"renderer1:size":19.913904051232844},{"id":311118,"nodelink":{"x":-21.01,"y":-65.82,"fixed":true},"geo":{"latitudeDiff":0,"longitudeDiff":0},"data":{"properties":{"name":"THE BEARER","certificateNumber":"2","numbershares":"451,872","classofshares":"ORDINARY","dateofissue":"08-04-1997","ceasedmembership":"11-06-2003","transferdate":"11-06-2003","sharestransferred":"1.0","newcertificate":"4","custodianname":"","custodianaddress":"","citizenship":"NO","pep":"NO","rst":"NOT NEGATIVE RESULT","registerlocation":"HELVETIA COURT   SOUTH ESPLANADE ST. PETER PORT   GUERNSEY CHANNEL ISLANDS   GY1 4EE"},"categories":{"0":"Officer"},"statistics":{"digest":{"0":{"edgeType":"registered address","nodeCategories":{"0":"Address"},"nodes":1,"edges":1},"1":{"edgeType":"is officer of","nodeCategories":{"0":"Company"},"nodes":1,"edges":1}},"edgeCount":2,"visibleEdgeCount":1,"hiddenEdgeCount":1}},"label":"THE BEARER","x":-21.01,"y":-65.82,"fixed":true,"size":1,"glyphs":{"0":{"draw":true,"position":"top-right","content":"1"}},"color":"#be4400","icon":{"font":"FontAwesome","scale":1,"color":"#fff","content":""},"fa2_x":-21.01,"fa2_y":-65.82,"active":false,"colors":{"0":"#be4400"},"read_cam0:size":5,"read_cam0:x":-21.01,"read_cam0:y":-65.82,"renderer1:x":1516.9775283723197,"renderer1:y":121.18181212983939,"renderer1:size":19.913904051232844},{"id":586333,"nodelink":{"x":-103.565,"y":-71.694,"fixed":true},"geo":{"latitudeDiff":0,"longitudeDiff":0},"data":{"properties":{"name":"CREDIT SUISSE  CHANNEL ISLANDS    LIMITED","status":"ACTIVE","client_number":"268","client_name":"CREDIT SUISSE  CHANNEL ISLANDS    LIMITED","prospect_date":"","active_since":"23-JAN-1985","country":"UNITED KINGDOM","city":"ST. PETER PORT","former_name":"CREDIT SUISSE TRUST LIMITED GUERNSEY","cross_reference":"CREDIT SUISSE CHANNEL ISLANDS LIMITED JERSEY BRANCH","activity":"","classification":"","subclassification":"","region":"","compliance_classification":""},"categories":{"0":"Client"},"statistics":{"digest":{"0":{"edgeType":"registered","nodeCategories":{"0":"Company"},"nodes":918,"edges":918}},"edgeCount":918,"visibleEdgeCount":1,"hiddenEdgeCount":917}},"label":"CREDIT SUISSE  CHANNEL ISLANDS    LIMITED","x":-103.565,"y":-71.694,"fixed":true,"size":1,"glyphs":{"0":{"draw":true,"position":"top-right","content":"917"}},"color":"#851d00","icon":{"font":"FontAwesome","scale":1,"color":"#fff","content":""},"fa2_x":-103.565,"fa2_y":-71.694,"active":false,"colors":{"0":"#851d00"},"read_cam0:size":5,"read_cam0:x":-103.565,"read_cam0:y":-71.694,"renderer1:x":1052.4875062664814,"renderer1:y":88.13215566021671,"renderer1:size":19.913904051232844},{"id":648863,"nodelink":{"x":-5.859,"y":-39.229,"fixed":true},"geo":{"latitudeDiff":0,"longitudeDiff":0},"data":{"properties":{"name":"Pietr Kiritchenko","certificateNumber":"2","numbershares":"24,500","classofshares":"","dateofissue":"06-01-1995","ceasedmembership":"","transferdate":"","sharestransferred":"","newcertificate":"","custodianname":"","custodianaddress":"","citizenship":"NO","pep":"NO","rst":"NOT NEGATIVE RESULT","registerlocation":""},"categories":{"0":"Officer"},"statistics":{"digest":{"0":{"edgeType":"is officer of","nodeCategories":{"0":"Company"},"nodes":1,"edges":1}},"edgeCount":1,"visibleEdgeCount":1,"hiddenEdgeCount":0}},"label":"Pietr Kiritchenko","x":-5.859,"y":-39.229,"fixed":true,"size":1,"glyphs":{"0":{"draw":false,"position":"top-right","content":"0"}},"color":"#be4400","icon":{"font":"FontAwesome","scale":1,"color":"#fff","content":""},"fa2_x":-5.859,"fa2_y":-39.229,"active":false,"colors":{"0":"#be4400"},"read_cam0:size":5,"read_cam0:x":-5.859,"read_cam0:y":-39.229,"renderer1:x":1602.2235864539084,"renderer1:y":270.7942423620039,"renderer1:size":19.913904051232844},{"id":648864,"nodelink":{"x":-2.767,"y":-28.716,"fixed":true},"geo":{"latitudeDiff":0,"longitudeDiff":0},"data":{"properties":{"name":"Pavel Lazarenko","certificateNumber":"1","numbershares":"25,500","classofshares":"","dateofissue":"06-01-1995","ceasedmembership":"","transferdate":"","sharestransferred":"","newcertificate":"","custodianname":"","custodianaddress":"","citizenship":"NO","pep":"NO","rst":"NOT NEGATIVE RESULT","registerlocation":""},"categories":{"0":"Officer"},"statistics":{"digest":{"0":{"edgeType":"is officer of","nodeCategories":{"0":"Company"},"nodes":2,"edges":3}},"edgeCount":3,"visibleEdgeCount":3,"hiddenEdgeCount":0}},"label":"Pavel Lazarenko","x":-2.767,"y":-28.716,"fixed":true,"size":1,"glyphs":{"0":{"draw":false,"position":"top-right","content":"0"}},"color":"#be4400","icon":{"font":"FontAwesome","scale":1,"color":"#fff","content":""},"fa2_x":-2.767,"fa2_y":-28.716,"active":false,"colors":{"0":"#be4400"},"read_cam0:size":5,"read_cam0:x":-2.767,"read_cam0:y":-28.716,"renderer1:x":1619.6205115141865,"renderer1:y":329.94491285317554,"renderer1:size":19.913904051232844},{"id":303929,"data":{"properties":{"name":"BROCK NOMINEES LIMITED","certificateNumber":"4","numbershares":"2","classofshares":"ORDINARY","dateofissue":"10-07-2001","ceasedmembership":"","transferdate":"","sharestransferred":"","newcertificate":"","custodianname":"","custodianaddress":"","citizenship":"NO","pep":"NO","rst":"NOT NEGATIVE RESULT","registerlocation":"P. O. BOX 122  HELVETIA COURT   SOUTH ESPLANADE  ST. PETER PORT   GUERNSEY  CHANNEL ISLANDS   GY1 4EE"},"categories":{"0":"Officer"},"statistics":{"digest":{"0":{"edgeType":"has similar name and address as","nodeCategories":{"0":"Officer"},"nodes":41,"edges":41},"1":{"edgeType":"registered address","nodeCategories":{"0":"Address"},"nodes":1,"edges":1},"2":{"edgeType":"is officer of","nodeCategories":{"0":"Company"},"nodes":22,"edges":22}},"edgeCount":64,"visibleEdgeCount":1,"hiddenEdgeCount":63}},"x":-30.961198806762695,"y":-58.053680419921875,"label":"BROCK NOMINEES LIMITED","size":1,"glyphs":{"0":{"draw":true,"position":"top-right","content":"63"}},"color":"#be4400","icon":{"font":"FontAwesome","scale":1,"color":"#fff","content":""},"fa2_x":-30.961198806762695,"fa2_y":-58.053680419921875,"active":false,"colors":{"0":"#be4400"},"read_cam0:size":5,"read_cam0:x":-30.961198806762695,"read_cam0:y":-58.053680419921875,"renderer1:x":1460.9877936047976,"renderer1:y":164.87847439658867,"renderer1:size":19.913904051232844},{"id":303934,"data":{"properties":{"name":"TENBY NOMINEES LIMITED","certificateNumber":"5","numbershares":"5,000,000","classofshares":"ORDINARY","dateofissue":"10-07-2001","ceasedmembership":"","transferdate":"","sharestransferred":"","newcertificate":"","custodianname":"","custodianaddress":"","citizenship":"NO","pep":"NO","rst":"NOT NEGATIVE RESULT","registerlocation":"P. O. BOX 122  HELVETIA COURT   SOUTH ESPLANADE  ST. PETER PORT   GUERNSEY  CHANNEL ISLANDS   GY1 4EE"},"categories":{"0":"Officer"},"statistics":{"digest":{"0":{"edgeType":"has similar name and address as","nodeCategories":{"0":"Officer"},"nodes":37,"edges":37},"1":{"edgeType":"registered address","nodeCategories":{"0":"Address"},"nodes":1,"edges":1},"2":{"edgeType":"is officer of","nodeCategories":{"0":"Company"},"nodes":22,"edges":22}},"edgeCount":60,"visibleEdgeCount":1,"hiddenEdgeCount":59}},"x":-17.770986557006836,"y":-44.42176055908203,"label":"TENBY NOMINEES LIMITED","size":1,"glyphs":{"0":{"draw":true,"position":"top-right","content":"59"}},"color":"#be4400","icon":{"font":"FontAwesome","scale":1,"color":"#fff","content":""},"fa2_x":-17.770986557006836,"fa2_y":-44.42176055908203,"active":false,"colors":{"0":"#be4400"},"read_cam0:size":5,"read_cam0:x":-17.770986557006836,"read_cam0:y":-44.42176055908203,"renderer1:x":1535.2016144450834,"renderer1:y":241.57753269113795,"renderer1:size":19.913904051232844}],"edges":[{"id":669417,"source":585463,"target":122795,"data":{"properties":{},"type":"registered"},"label":"registered","size":1,"color":"#8a6960","active":false,"read_cam0:size":2,"renderer1:size":7.965561620493137},{"id":800564,"source":585463,"target":133373,"data":{"properties":{},"type":"registered"},"label":"registered","size":1,"color":"#8a6960","active":false,"read_cam0:size":2,"renderer1:size":7.965561620493137},{"id":675905,"source":586333,"target":187273,"data":{"properties":{},"type":"registered"},"label":"registered","size":1,"color":"#8a6960","hover":false,"active":false,"read_cam0:size":2,"renderer1:size":7.965561620493137},{"id":669483,"source":592524,"target":127371,"data":{"properties":{},"type":"registered"},"label":"registered","size":1,"color":"#8a6960","active":false,"hover":false,"read_cam0:size":2,"renderer1:size":7.965561620493137},{"id":670719,"source":592524,"target":214296,"data":{"properties":{},"type":"registered"},"label":"registered","size":1,"color":"#8a6960","active":false,"hover":false,"read_cam0:size":2,"renderer1:size":7.965561620493137},{"id":502635,"source":303929,"target":187273,"data":{"properties":{"name":"Shareholder"},"type":"is officer of"},"label":"Shareholder","size":1,"color":"#d48a60","active":false,"read_cam0:size":2,"renderer1:size":7.965561620493137},{"id":502636,"source":311118,"target":187273,"data":{"properties":{"name":"Shareholder"},"type":"is officer of"},"label":"Shareholder","size":1,"color":"#d48a60","active":false,"read_cam0:size":2,"renderer1:size":7.965561620493137},{"id":502637,"source":303934,"target":187273,"data":{"properties":{"name":"Shareholder"},"type":"is officer of"},"label":"Shareholder","size":1,"color":"#d48a60","active":false,"read_cam0:size":2,"renderer1:size":7.965561620493137},{"id":502638,"source":311117,"target":187273,"data":{"properties":{"name":"Shareholder"},"type":"is officer of"},"label":"Shareholder","size":1,"color":"#d48a60","active":false,"read_cam0:size":2,"renderer1:size":7.965561620493137},{"id":30696,"source":648863,"target":122795,"data":{"properties":{"name":"Shareholder"},"type":"is officer of"},"label":"Shareholder","size":1,"color":"#d48a60","active":false,"read_cam0:size":2,"renderer1:size":7.965561620493137},{"id":30697,"source":648864,"target":122795,"data":{"properties":{"name":"Shareholder"},"type":"is officer of"},"label":"Shareholder","size":1,"type":"curvedArrow","cc":{"y":null},"color":"#d48a60","active":false,"read_cam0:size":2,"renderer1:size":7.965561620493137},{"id":68548,"source":648864,"target":122795,"data":{"properties":{"name":"Power of attorney"},"type":"is officer of"},"label":"Power of attorney","size":1,"type":"curvedArrow","cc":{"y":2},"color":"#d48a60","active":false,"hover":false,"read_cam0:size":2,"renderer1:size":7.965561620493137},{"id":68549,"source":648864,"target":133373,"data":{"properties":{"name":"Shareholder"},"type":"is officer of"},"label":"Shareholder","size":1,"color":"#d48a60","active":false,"read_cam0:size":2,"renderer1:size":7.965561620493137}]}