{"nodes":[{"id":257985,"nodelink":{"x":4.821,"y":-22.748},"geo":{"latitudeDiff":0,"longitudeDiff":0},"selected":true,"data":{"properties":{"file_number":"809627","jurisdiction":"BAH","name":"FLEG TRADING LTD","status":"MOR","inactivationDate":"05-JAN-2009","struck_off_date":"31-DEC-2008","registrationDate":"31-MAR-1998"},"categories":{"0":"Company"},"statistics":{"digest":{"0":{"edgeType":"is officer of","nodeCategories":{"0":"Officer"},"nodes":1,"edges":1},"1":{"edgeType":"registered","nodeCategories":{"0":"Client"},"nodes":1,"edges":1}},"edgeCount":2,"visibleEdgeCount":2,"hiddenEdgeCount":0}},"label":"FLEG TRADING LTD","x":4.821,"y":-22.748,"size":1,"glyphs":{"0":{"draw":false,"position":"top-right","content":"0"}},"active":true,"colors":{"0":"#420e00"},"color":"#420e00","icon":{"font":"FontAwesome","scale":1,"color":"#fff","content":""},"read_cam0:size":5,"read_cam0:x":4.821,"read_cam0:y":-22.748,"renderer1:x":1319.73,"renderer1:y":174.21499999999997,"renderer1:size":31.547867224009664},{"id":591661,"nodelink":{"x":0.582,"y":-4.081},"geo":{"latitudeDiff":0,"longitudeDiff":0},"data":{"properties":{"name":"LUSSICH TORRENDELL, CR. SANTIAGO","status":"ACTIVE","client_number":"9304","client_name":"LUSSICH TORRENDELL, CR. SANTIAGO","prospect_date":"","active_since":"31-AUG-1998","country":"URUGUAY","city":"MONTEVIDEO","former_name":"","cross_reference":"","activity":"ACCOUNTANT","classification":"Special rates","subclassification":"Professional Fees","region":"PROFESSIONAL CLIENTS IN ARGENTINA AND URUGUAY","compliance_classification":"INTRODUCER"},"categories":{"0":"Client"},"statistics":{"digest":{"0":{"edgeType":"registered","nodeCategories":{"0":"Company"},"nodes":52,"edges":52}},"edgeCount":52,"visibleEdgeCount":1,"hiddenEdgeCount":51}},"label":"LUSSICH TORRENDELL, CR. SANTIAGO","x":0.582,"y":-4.081,"size":1,"glyphs":{"0":{"draw":true,"position":"top-right","content":"51"}},"active":false,"colors":{"0":"#851d00"},"color":"#851d00","icon":{"font":"FontAwesome","scale":1,"color":"#fff","content":""},"read_cam0:size":5,"read_cam0:x":0.582,"read_cam0:y":-4.081,"renderer1:x":1277.34,"renderer1:y":360.885,"renderer1:size":31.547867224009664},{"id":667748,"nodelink":{"x":-3.125,"y":14.209},"geo":{"latitudeDiff":0,"longitudeDiff":0},"data":{"properties":{"name":"Mauricio Macri"},"categories":{"0":"Officer"},"statistics":{"digest":{"0":{"edgeType":"is officer of","nodeCategories":{"0":"Company"},"nodes":1,"edges":1}},"edgeCount":1,"visibleEdgeCount":1,"hiddenEdgeCount":0}},"label":"Mauricio Macri","x":-3.125,"y":14.209,"size":1,"glyphs":{"0":{"draw":false,"position":"top-right","content":"0"}},"active":false,"colors":{"0":"#be4400"},"color":"#be4400","icon":{"font":"FontAwesome","scale":1,"color":"#fff","content":""},"read_cam0:size":5,"read_cam0:x":-3.125,"read_cam0:y":14.209,"renderer1:x":1240.27,"renderer1:y":543.785,"renderer1:size":31.547867224009664}],"edges":[{"id":69481,"source":667748,"target":257985,"data":{"properties":{"date_end":"","name":"Director","date_start":"31/03/1998"},"type":"is officer of"},"label":"Director","size":1,"active":false,"color":"#d48a60","read_cam0:size":2,"renderer1:size":12.619146889603865},{"id":792588,"source":591661,"target":257985,"data":{"properties":{},"type":"registered"},"label":"registered","size":1,"active":false,"color":"#8a6960","read_cam0:size":2,"renderer1:size":12.619146889603865}]}