{"nodes":[{"id":305805,"nodelink":{"x":1.32,"y":-5.726,"fixed":true},"geo":{"latitudeDiff":0,"longitudeDiff":0},"data":{"properties":{"name":"FONDATION SILO","certificateNumber":"2","numbershares":"50,000","classofshares":"","dateofissue":"29-12-2009","ceasedmembership":"","transferdate":"","sharestransferred":"","newcertificate":"","custodianname":"","custodianaddress":"","citizenship":"NO","pep":"NO","rst":"NOT NEGATIVE RESULT","registerlocation":"JUNOD   GUYET   MUHLSTEIN & LEVY 17   RUE TOEPFFER 1206 GENEVA SWITZERLAND"},"categories":{"0":"Officer"},"statistics":{"digest":{"0":{"edgeType":"registered address","nodeCategories":{"0":"Address"},"nodes":1,"edges":1},"1":{"edgeType":"is officer of","nodeCategories":{"0":"Company"},"nodes":1,"edges":2}},"edgeCount":3,"visibleEdgeCount":3,"hiddenEdgeCount":0}},"label":"FONDATION SILO","x":4.999999999999998,"y":-12.899999999999999,"fixed":true,"size":1,"glyphs":{"0":{"draw":false,"position":"top-right","content":"0"},"1":{"draw":true,"position":"bottom-right","font":"FontAwesome","textColor":"#000","content":""}},"active":false,"color":"#be4400","icon":{"font":"FontAwesome","scale":1,"color":"#fff","content":""},"colors":{"0":"#be4400"},"fa2_x":4.999999999999998,"fa2_y":-12.899999999999999,"read_cam0:size":5,"read_cam0:x":4.999999999999998,"read_cam0:y":-12.899999999999999,"renderer1:x":1036.5130527628287,"renderer1:y":615.147668560864,"renderer1:size":27.88518724695394},{"id":25410,"nodelink":{"x":21.008,"y":-62.349,"fixed":true},"geo":{"latitudeDiff":0,"longitudeDiff":0},"data":{"properties":{"file_number":"509929","jurisdiction":"BVI","name":"COFIC INVESTMENTS LTD.","status":"ACT","inactivationDate":"","struck_off_date":"","registrationDate":"25-JAN-1994"},"categories":{"0":"Company"},"statistics":{"digest":{"0":{"edgeType":"is officer of","nodeCategories":{"0":"Officer"},"nodes":3,"edges":4},"1":{"edgeType":"registered","nodeCategories":{"0":"Client"},"nodes":1,"edges":1}},"edgeCount":5,"visibleEdgeCount":5,"hiddenEdgeCount":0}},"label":"COFIC INVESTMENTS LTD.","x":21.008,"y":-62.349,"fixed":true,"size":1,"glyphs":{"0":{"draw":false,"position":"top-right","content":"0"}},"active":true,"color":"#420e00","icon":{"font":"FontAwesome","scale":1,"color":"#fff","content":""},"colors":{"0":"#420e00"},"fa2_x":21.008,"fa2_y":-62.349,"read_cam0:size":5,"read_cam0:x":21.008,"read_cam0:y":-62.349,"renderer1:x":1173.7090770983668,"renderer1:y":191.34668109409574,"renderer1:size":27.88518724695394},{"id":578271,"nodelink":{"x":7.922,"y":9.904},"geo":{"latitudeDiff":0,"longitudeDiff":0},"data":{"properties":{"name":"Vaduz Liechtenstein"},"categories":{"0":"Address"},"statistics":{"digest":{"0":{"edgeType":"registered address","nodeCategories":{"0":"Officer"},"nodes":26,"edges":26}},"edgeCount":26,"visibleEdgeCount":1,"hiddenEdgeCount":25}},"label":"Vaduz Liechtenstein","x":52.300000000000004,"y":-27.97449999999999,"fixed":true,"size":1,"glyphs":{"0":{"draw":true,"position":"top-right","content":"25"},"1":{"draw":true,"position":"bottom-right","font":"FontAwesome","textColor":"#000","content":""}},"active":false,"color":"#937c6f","icon":{"font":"FontAwesome","scale":1,"color":"#fff","content":""},"colors":{"0":"#937c6f"},"fa2_x":-3.4901387691497803,"fa2_y":2.6812868118286133,"read_cam0:size":5,"read_cam0:x":52.300000000000004,"read_cam0:y":-27.97449999999999,"renderer1:x":1441.8961081770562,"renderer1:y":485.95217450501264,"renderer1:size":27.88518724695394},{"id":305804,"nodelink":{"x":33.908,"y":-31.3,"fixed":true},"geo":{"latitudeDiff":0,"longitudeDiff":0},"selected":true,"data":{"properties":{"name":"THE BEARER","certificateNumber":"1","numbershares":"50,000","classofshares":"","dateofissue":"09-02-1994","ceasedmembership":"29-12-2009","transferdate":"","sharestransferred":"","newcertificate":"","custodianname":"","custodianaddress":"","citizenship":"NO","pep":"NO","rst":"NOT NEGATIVE RESULT","registerlocation":"JUNOD   GUYET   MUHLSTEIN & LEVY 17   RUE TOEPFFER 1206 GENEVA SWITZERLAND"},"categories":{"0":"Officer"},"statistics":{"digest":{"0":{"edgeType":"is officer of","nodeCategories":{"0":"Company"},"nodes":1,"edges":1}},"edgeCount":1,"visibleEdgeCount":1,"hiddenEdgeCount":0}},"label":"THE BEARER","x":25.800000000000004,"y":-38.47449999999996,"fixed":true,"size":1,"glyphs":{"0":{"draw":false,"position":"top-right","content":"0"},"1":{"draw":true,"position":"bottom-right","font":"FontAwesome","textColor":"#000","content":""}},"active":false,"color":"#be4400","icon":{"font":"FontAwesome","scale":1,"color":"#fff","content":""},"colors":{"0":"#be4400"},"fa2_x":33.908,"fa2_y":-31.3,"read_cam0:size":5,"read_cam0:x":25.800000000000004,"read_cam0:y":-38.47449999999996,"renderer1:x":1214.7787515496348,"renderer1:y":395.962278482827,"renderer1:size":27.88518724695394},{"id":657879,"nodelink":{"x":43.4,"y":-45.7,"fixed":true},"geo":{"latitudeDiff":0,"longitudeDiff":0},"data":{"properties":{"name":"LIU ZHIYUAN","citizenship":"YES","pep":"NO","passport_copy":"Y"},"categories":{"0":"Officer"},"statistics":{"digest":{"0":{"edgeType":"registered address","nodeCategories":{"0":"Address"},"nodes":1,"edges":1},"1":{"edgeType":"is officer of","nodeCategories":{"0":"Company"},"nodes":1,"edges":1}},"edgeCount":2,"visibleEdgeCount":2,"hiddenEdgeCount":0}},"label":"LIU ZHIYUAN","x":43.4,"y":-45.7,"fixed":true,"size":1,"glyphs":{"0":{"draw":false,"position":"top-right","content":"0"}},"active":false,"color":"#be4400","icon":{"font":"FontAwesome","scale":1,"color":"#fff","content":""},"colors":{"0":"#be4400"},"fa2_x":43.4,"fa2_y":-45.7,"read_cam0:size":5,"read_cam0:x":43.4,"read_cam0:y":-45.7,"renderer1:x":1365.6189582153938,"renderer1:y":334.03637432013113,"renderer1:size":27.88518724695394},{"id":666297,"nodelink":{"x":68.72,"y":-62.281,"fixed":true},"geo":{"latitudeDiff":0,"longitudeDiff":0},"data":{"properties":{"name":"Unit 9-Courtyard A-15<br/>Wan Shu Lu Street<br/>Beijing<br/>China"},"categories":{"0":"Address"},"statistics":{"digest":{"0":{"edgeType":"registered address","nodeCategories":{"0":"Officer"},"nodes":1,"edges":1}},"edgeCount":1,"visibleEdgeCount":1,"hiddenEdgeCount":0}},"label":"Unit 9-Courtyard A-15<br/>Wan Shu Lu Street<br/>Beijing<br/>China","x":68.72,"y":-62.281,"fixed":true,"size":1,"glyphs":{"0":{"draw":false,"position":"top-right","content":"0"}},"active":false,"color":"#937c6f","icon":{"font":"FontAwesome","scale":1,"color":"#fff","content":""},"colors":{"0":"#937c6f"},"fa2_x":68.72,"fa2_y":-62.281,"read_cam0:size":5,"read_cam0:x":68.72,"read_cam0:y":-62.281,"renderer1:x":1582.623164623179,"renderer1:y":191.929472801668,"renderer1:size":27.88518724695394},{"id":590939,"data":{"properties":{"name":"JUNOD, MUHLSTEIN, LEVY & PUDER","status":"ACTIVE","client_number":"5961","client_name":"JUNOD, MUHLSTEIN, LEVY & PUDER","prospect_date":"","active_since":"28-MAR-1990","country":"SWITZERLAND","city":"GENEVE","former_name":"JUNOD, MUHLSTEIN, LEVY & PUDER","cross_reference":"","activity":"ATTORNEY","classification":"Special rates","subclassification":"","region":"GENEVA OFFICE PROFESSIONAL CLIENTS","compliance_classification":"INTRODUCER"},"categories":{"0":"Client"},"statistics":{"digest":{"0":{"edgeType":"registered","nodeCategories":{"0":"Company"},"nodes":309,"edges":309}},"edgeCount":309,"visibleEdgeCount":1,"hiddenEdgeCount":308}},"x":-1.8999999999999897,"y":-72.67449999999997,"label":"JUNOD, MUHLSTEIN, LEVY & PUDER","size":1,"glyphs":{"0":{"draw":true,"position":"top-right","content":"308"},"1":{"draw":true,"position":"bottom-right","font":"FontAwesome","textColor":"#000","content":""}},"colors":{"0":"#851d00"},"color":"#851d00","icon":{"font":"FontAwesome","scale":1,"color":"#fff","content":""},"fa2_x":8.368343353271484,"fa2_y":-41.34393310546875,"fixed":true,"read_cam0:size":5,"read_cam0:x":-1.8999999999999897,"read_cam0:y":-72.67449999999997,"renderer1:x":977.376835376821,"renderer1:y":102.85233143913615,"renderer1:size":27.88518724695394}],"edges":[{"id":68538,"source":305805,"target":25410,"data":{"properties":{"name":"Owner"},"type":"is officer of"},"label":"is officer of","size":1,"type":"curvedArrow","cc":{"y":null},"active":false,"color":"#d48a60","hover":false,"read_cam0:size":2,"renderer1:size":11.154074898781577},{"id":408578,"source":305805,"target":25410,"data":{"properties":{"name":"Shareholder"},"type":"is officer of"},"label":"is officer of","size":1,"type":"curvedArrow","cc":{"y":2},"active":false,"color":"#d48a60","hover":false,"read_cam0:size":2,"renderer1:size":11.154074898781577},{"id":817690,"source":305805,"target":578271,"data":{"properties":{},"type":"registered address"},"label":"registered address","size":1,"active":false,"color":"#baaba3","hover":false,"read_cam0:size":2,"renderer1:size":11.154074898781577},{"id":57476,"source":657879,"target":25410,"data":{"properties":{"name":"Beneficiay"},"type":"is officer of"},"label":"is officer of","size":1,"active":false,"color":"#d48a60","hover":false,"read_cam0:size":2,"renderer1:size":11.154074898781577},{"id":408579,"source":305804,"target":25410,"data":{"properties":{"name":"Shareholder"},"type":"is officer of"},"label":"is officer of","size":1,"active":false,"color":"#d48a60","hover":false,"read_cam0:size":2,"renderer1:size":11.154074898781577},{"id":332776,"source":657879,"target":666297,"data":{"properties":{},"type":"registered address"},"label":"registered address","size":1,"active":false,"color":"#baaba3","read_cam0:size":2,"renderer1:size":11.154074898781577},{"id":666479,"source":590939,"target":25410,"data":{"properties":{},"type":"registered"},"label":"registered","size":1,"color":"#8a6960","hover":false,"read_cam0:size":2,"renderer1:size":11.154074898781577}]}