{"nodes":[{"id":105378,"nodelink":{"x":1.28,"y":2.774},"geo":{"latitudeDiff":0,"longitudeDiff":0},"selected":true,"data":{"properties":{"file_number":"53371","jurisdiction":"PMA","name":"BLUE SEA ENTERPRISES CORP.","status":"CAR","inactivationDate":"13-JUL-2010","struck_off_date":"15-JUL-2012","registrationDate":"26-MAR-2009"},"categories":{"0":"Company"},"statistics":{"digest":{"0":{"edgeType":"is officer of","nodeCategories":{"0":"Officer"},"nodes":5,"edges":5},"1":{"edgeType":"registered","nodeCategories":{"0":"Client"},"nodes":1,"edges":1}},"edgeCount":6,"visibleEdgeCount":6,"hiddenEdgeCount":0}},"label":"BLUE SEA ENTERPRISES CORP.","x":-3.103449583053589,"y":0.7366511225700378,"size":1,"glyphs":{"0":{"draw":false,"position":"top-right","content":"0"}},"active":false,"color":"#420e00","icon":{"font":"FontAwesome","scale":1,"color":"#fff","content":""},"fa2_x":-3.103449583053589,"fa2_y":0.7366511225700378,"colors":{"0":"#420e00"},"read_cam0:size":5,"read_cam0:x":-3.103449583053589,"read_cam0:y":0.7366511225700378,"renderer1:x":1284.883569598198,"renderer1:y":379.0556651651859,"renderer1:size":31.547867224009664},{"id":456482,"nodelink":{"x":5.942,"y":16.864},"geo":{"latitudeDiff":0,"longitudeDiff":0},"data":{"properties":{"name":"THE BEARER","certificateNumber":"1","numbershares":"1","classofshares":"","dateofissue":"27-03-2009","ceasedmembership":"","transferdate":"","sharestransferred":"","newcertificate":"","custodianname":"","custodianaddress":"","citizenship":"NO","pep":"NO","rst":"NOT NEGATIVE RESULT","registerlocation":""},"categories":{"0":"Officer"},"statistics":{"digest":{"0":{"edgeType":"is officer of","nodeCategories":{"0":"Company"},"nodes":1,"edges":1}},"edgeCount":1,"visibleEdgeCount":1,"hiddenEdgeCount":0}},"label":"THE BEARER","x":18.90721893310547,"y":-2.6208975315093994,"size":1,"glyphs":{"0":{"draw":false,"position":"top-right","content":"0"}},"active":false,"color":"#be4400","icon":{"font":"FontAwesome","scale":1,"color":"#fff","content":""},"fa2_x":18.90721893310547,"fa2_y":-2.6208975315093994,"colors":{"0":"#be4400"},"read_cam0:size":5,"read_cam0:x":18.90721893310547,"read_cam0:y":-2.6208975315093994,"renderer1:x":1504.9902547597885,"renderer1:y":345.48017862439156,"renderer1:size":31.547867224009664},{"id":456483,"nodelink":{"x":4.668,"y":-12.636},"geo":{"latitudeDiff":0,"longitudeDiff":0},"data":{"properties":{"name":"THE BEARER","certificateNumber":"2","numbershares":"1","classofshares":"","dateofissue":"27-03-2009","ceasedmembership":"","transferdate":"","sharestransferred":"","newcertificate":"","custodianname":"","custodianaddress":"","citizenship":"NO","pep":"NO","rst":"NOT NEGATIVE RESULT","registerlocation":""},"categories":{"0":"Officer"},"statistics":{"digest":{"0":{"edgeType":"is officer of","nodeCategories":{"0":"Company"},"nodes":1,"edges":1}},"edgeCount":1,"visibleEdgeCount":1,"hiddenEdgeCount":0}},"label":"THE BEARER","x":12.9749174118042,"y":11.267833709716797,"size":1,"glyphs":{"0":{"draw":false,"position":"top-right","content":"0"}},"active":false,"color":"#be4400","icon":{"font":"FontAwesome","scale":1,"color":"#fff","content":""},"fa2_x":12.9749174118042,"fa2_y":11.267833709716797,"colors":{"0":"#be4400"},"read_cam0:size":5,"read_cam0:x":12.9749174118042,"read_cam0:y":11.267833709716797,"renderer1:x":1445.6672395467758,"renderer1:y":484.3674910366535,"renderer1:size":31.547867224009664},{"id":456484,"nodelink":{"x":-16.828,"y":12.292},"geo":{"latitudeDiff":0,"longitudeDiff":0},"data":{"properties":{"name":"THE BEARER","certificateNumber":"3","numbershares":"1","classofshares":"","dateofissue":"27-03-2009","ceasedmembership":"","transferdate":"","sharestransferred":"","newcertificate":"","custodianname":"","custodianaddress":"","citizenship":"NO","pep":"NO","rst":"NOT NEGATIVE RESULT","registerlocation":""},"categories":{"0":"Officer"},"statistics":{"digest":{"0":{"edgeType":"is officer of","nodeCategories":{"0":"Company"},"nodes":1,"edges":1}},"edgeCount":1,"visibleEdgeCount":1,"hiddenEdgeCount":0}},"label":"THE BEARER","x":6.297741889953613,"y":-19.81490135192871,"size":1,"glyphs":{"0":{"draw":false,"position":"top-right","content":"0"}},"active":false,"color":"#be4400","icon":{"font":"FontAwesome","scale":1,"color":"#fff","content":""},"fa2_x":6.297741889953613,"fa2_y":-19.81490135192871,"colors":{"0":"#be4400"},"read_cam0:size":5,"read_cam0:x":6.297741889953613,"read_cam0:y":-19.81490135192871,"renderer1:x":1378.89548432827,"renderer1:y":173.54014042019844,"renderer1:size":31.547867224009664},{"id":456485,"nodelink":{"x":-15.391,"y":-13.313},"geo":{"latitudeDiff":0,"longitudeDiff":0},"data":{"properties":{"name":"THE BEARER","certificateNumber":"4","numbershares":"1","classofshares":"","dateofissue":"27-03-2009","ceasedmembership":"","transferdate":"","sharestransferred":"","newcertificate":"","custodianname":"","custodianaddress":"","citizenship":"NO","pep":"NO","rst":"NOT NEGATIVE RESULT","registerlocation":""},"categories":{"0":"Officer"},"statistics":{"digest":{"0":{"edgeType":"is officer of","nodeCategories":{"0":"Company"},"nodes":1,"edges":1}},"edgeCount":1,"visibleEdgeCount":1,"hiddenEdgeCount":0}},"label":"THE BEARER","x":-26.090832018852236,"y":2.8662734448909757,"fixed":true,"size":1,"glyphs":{"0":{"draw":false,"position":"top-right","content":"0"},"1":{"draw":true,"position":"bottom-right","font":"FontAwesome","textColor":"#000","content":""}},"active":true,"color":"#be4400","icon":{"font":"FontAwesome","scale":1,"color":"#fff","content":""},"fa2_x":-13.329788208007812,"fa2_y":22.598695755004883,"colors":{"0":"#be4400"},"read_cam0:size":5,"read_cam0:x":-26.090832018852236,"read_cam0:y":2.8662734448909757,"renderer1:x":1055.0097452402115,"renderer1:y":400.3518883883953,"renderer1:size":31.547867224009664},{"id":588661,"nodelink":{"x":20.417,"y":-2.459},"geo":{"latitudeDiff":0,"longitudeDiff":0},"data":{"properties":{"name":"PRIME CORPORATE SOLUTIONS SARL","status":"ACTIVE","client_number":"9223","client_name":"PRIME CORPORATE SOLUTIONS SARL","prospect_date":"","active_since":"14-NOV-1998","country":"LUXEMBOURG","city":"LUXEMBOURG CITY","former_name":"PRIME CORPORATE SOLUTIONS SARL","cross_reference":"FORMER LUX REP - WE ARE NOT WORKING WITH MR AND MRS. DEX ANYMORE -- NO INCS/ACQS NOR CASES ARE TO BE OPENED UNDER THIS CLIENT!","activity":"CO. FORMATION SERVICE","classification":"Special rates","subclassification":"Clients that are not representatives but have REP prices","region":"REPRESENTATIVE CLIENTS","compliance_classification":"INTERMEDIARY"},"categories":{"0":"Client"},"statistics":{"digest":{"0":{"edgeType":"registered","nodeCategories":{"0":"Company"},"nodes":4123,"edges":4123}},"edgeCount":4123,"visibleEdgeCount":1,"hiddenEdgeCount":4122}},"label":"PRIME CORPORATE SOLUTIONS SARL","x":-12.290832018852234,"y":17.366273444890975,"fixed":true,"size":1,"glyphs":{"0":{"draw":true,"position":"top-right","content":"4.122k"},"1":{"draw":true,"position":"bottom-right","font":"FontAwesome","textColor":"#000","content":""}},"active":false,"color":"#851d00","icon":{"font":"FontAwesome","scale":1,"color":"#fff","content":""},"fa2_x":2.169907808303833,"fa2_y":17.810829162597656,"colors":{"0":"#851d00"},"read_cam0:size":5,"read_cam0:x":-12.290832018852234,"read_cam0:y":17.366273444890975,"renderer1:x":1193.0097452402115,"renderer1:y":545.3518883883953,"renderer1:size":31.547867224009664},{"id":667769,"data":{"properties":{"name":"Jesús Villanueva"},"categories":{"0":"Officer"},"statistics":{"digest":{"0":{"edgeType":"is officer of","nodeCategories":{"0":"Company"},"nodes":1,"edges":1}},"edgeCount":1,"visibleEdgeCount":1,"hiddenEdgeCount":0}},"label":"Jesús Villanueva","x":-12.278214454650879,"y":-19.904104232788086,"size":1,"glyphs":{"0":{"draw":false,"position":"top-right","content":"0"}},"colors":{"0":"#be4400"},"color":"#be4400","icon":{"font":"FontAwesome","scale":1,"color":"#fff","content":""},"active":true,"fa2_x":-12.278214454650879,"fa2_y":-19.904104232788086,"read_cam0:size":5,"read_cam0:x":-12.278214454650879,"read_cam0:y":-19.904104232788086,"renderer1:x":1193.135920882225,"renderer1:y":172.6481116116047,"renderer1:size":31.547867224009664}],"edges":[{"id":686149,"source":588661,"target":105378,"data":{"properties":{},"type":"registered"},"label":"registered","size":1,"active":false,"color":"#8a6960","hover":false,"read_cam0:size":2,"renderer1:size":12.619146889603865},{"id":446110,"source":456485,"target":105378,"data":{"properties":{"name":"Shareholder"},"type":"is officer of"},"label":"Shareholder","size":1,"color":"#d48a60","hover":false,"active":false,"read_cam0:size":2,"renderer1:size":12.619146889603865},{"id":446111,"source":456483,"target":105378,"data":{"properties":{"name":"Shareholder"},"type":"is officer of"},"label":"Shareholder","size":1,"color":"#d48a60","active":false,"read_cam0:size":2,"renderer1:size":12.619146889603865},{"id":446112,"source":456482,"target":105378,"data":{"properties":{"name":"Shareholder"},"type":"is officer of"},"label":"Shareholder","size":1,"color":"#d48a60","active":false,"read_cam0:size":2,"renderer1:size":12.619146889603865},{"id":446113,"source":456484,"target":105378,"data":{"properties":{"name":"Shareholder"},"type":"is officer of"},"label":"Shareholder","size":1,"color":"#d48a60","active":false,"read_cam0:size":2,"renderer1:size":12.619146889603865},{"id":69543,"source":667769,"target":105378,"data":{"properties":{"name":"Power of attorney","date_start":"27/03/2009","date_end":"27/03/2009"},"type":"is officer of"},"label":"Power of attorney","size":1,"color":"#d48a60","active":false,"read_cam0:size":2,"renderer1:size":12.619146889603865}]}