{"nodes":[{"id":263531,"nodelink":{"x":16.691,"y":-14.769,"fixed":true},"geo":{"latitudeDiff":0,"longitudeDiff":0},"data":{"properties":{"file_number":"701641","jurisdiction":"PMA","name":"GREEN SHAMROCK FOUNDATION","status":"DIS","inactivationDate":"13-NOV-2014","struck_off_date":"15-JAN-2016","registrationDate":"30-NOV-2005"},"categories":{"0":"Company"},"statistics":{"digest":{"0":{"edgeType":"is officer of","nodeCategories":{"0":"Officer"},"nodes":1,"edges":1},"1":{"edgeType":"registered","nodeCategories":{"0":"Client"},"nodes":1,"edges":1}},"edgeCount":2,"visibleEdgeCount":2,"hiddenEdgeCount":0}},"label":"GREEN SHAMROCK FOUNDATION","x":3.045499999999988,"y":-20.21208197784424,"fixed":true,"size":1,"glyphs":{"0":{"draw":false,"position":"top-right","content":"0"},"1":{"draw":true,"position":"bottom-right","font":"FontAwesome","textColor":"#000","content":""}},"active":false,"color":"#420e00","icon":{"font":"FontAwesome","scale":1,"color":"#fff","content":""},"colors":{"0":"#420e00"},"fa2_x":19.199999999999992,"fa2_y":-16.3,"read_cam0:size":5,"read_cam0:x":3.045499999999988,"read_cam0:y":-20.21208197784424,"renderer1:x":1229.2725,"renderer1:y":314.7845901107788,"renderer1:size":31.547867224009664},{"id":580745,"nodelink":{"x":-24.709,"y":-24.469,"fixed":true},"geo":{"latitudeDiff":0,"longitudeDiff":0},"data":{"properties":{"name":"METAXAS, SPYRO A.","status":"ACTIVE","client_number":"10393","client_name":"METAXAS, SPYRO A.","prospect_date":"","active_since":"28-SEP-2005","country":"SWITZERLAND","city":"GENEVE","former_name":"","cross_reference":"AGIR LUXEMBOURG S.A.","activity":"","classification":"","subclassification":"","region":"","compliance_classification":""},"categories":{"0":"Client"},"statistics":{"digest":{"0":{"edgeType":"registered","nodeCategories":{"0":"Company"},"nodes":302,"edges":302}},"edgeCount":302,"visibleEdgeCount":3,"hiddenEdgeCount":299}},"label":"METAXAS, SPYRO A.","x":-24.709,"y":-24.469,"fixed":true,"size":1,"glyphs":{"0":{"draw":true,"position":"top-right","content":"299"}},"active":false,"color":"#851d00","icon":{"font":"FontAwesome","scale":1,"color":"#fff","content":""},"colors":{"0":"#851d00"},"fa2_x":-24.709,"fa2_y":-24.469,"read_cam0:size":5,"read_cam0:x":-24.709,"read_cam0:y":-24.469,"renderer1:x":951.7275000000001,"renderer1:y":272.21540988922123,"renderer1:size":31.547867224009664},{"id":134282,"nodelink":{"x":17.411,"y":-4.657},"geo":{"latitudeDiff":0,"longitudeDiff":0},"selected":true,"data":{"properties":{"file_number":"701642","jurisdiction":"PMA","name":"DIMAN FOUNDATION","status":"DIS","inactivationDate":"13-NOV-2014","struck_off_date":"15-JAN-2016","registrationDate":"30-NOV-2005"},"categories":{"0":"Company"},"statistics":{"digest":{"0":{"edgeType":"is officer of","nodeCategories":{"0":"Officer"},"nodes":1,"edges":1},"1":{"edgeType":"registered","nodeCategories":{"0":"Client"},"nodes":1,"edges":1}},"edgeCount":2,"visibleEdgeCount":2,"hiddenEdgeCount":0}},"label":"DIMAN FOUNDATION","x":3.145499999999995,"y":-13.812081977844242,"fixed":true,"size":1,"glyphs":{"0":{"draw":false,"position":"top-right","content":"0"},"1":{"draw":true,"position":"bottom-right","font":"FontAwesome","textColor":"#000","content":""}},"active":false,"color":"#420e00","icon":{"font":"FontAwesome","scale":1,"color":"#fff","content":""},"colors":{"0":"#420e00"},"fa2_x":19.59999999999999,"fa2_y":-6.9,"read_cam0:size":5,"read_cam0:x":3.145499999999995,"read_cam0:y":-13.812081977844242,"renderer1:x":1230.2725,"renderer1:y":378.7845901107788,"renderer1:size":31.547867224009664},{"id":175783,"nodelink":{"x":17.291,"y":4.831,"fixed":true},"geo":{"latitudeDiff":0,"longitudeDiff":0},"data":{"properties":{"file_number":"701987","jurisdiction":"PMA","name":"AISIOS FOUNDATION","status":"ACT","inactivationDate":"","struck_off_date":"","registrationDate":"13-NOV-2006"},"categories":{"0":"Company"},"statistics":{"digest":{"0":{"edgeType":"is officer of","nodeCategories":{"0":"Officer"},"nodes":1,"edges":1},"1":{"edgeType":"registered","nodeCategories":{"0":"Client"},"nodes":1,"edges":1}},"edgeCount":2,"visibleEdgeCount":2,"hiddenEdgeCount":0}},"label":"AISIOS FOUNDATION","x":3.345499999999988,"y":-7.112081977844241,"fixed":true,"size":1,"glyphs":{"0":{"draw":false,"position":"top-right","content":"0"},"1":{"draw":true,"position":"bottom-right","font":"FontAwesome","textColor":"#000","content":""}},"active":true,"color":"#420e00","icon":{"font":"FontAwesome","scale":1,"color":"#fff","content":""},"colors":{"0":"#420e00"},"fa2_x":20.39999999999999,"fa2_y":3.3000000000000007,"read_cam0:size":5,"read_cam0:x":3.345499999999988,"read_cam0:y":-7.112081977844241,"renderer1:x":1232.2725,"renderer1:y":445.7845901107788,"renderer1:size":31.547867224009664},{"id":667739,"data":{"properties":{"name":"Stavros Papastavrou"},"categories":{"0":"Officer"},"statistics":{"digest":{"0":{"edgeType":"is officer of","nodeCategories":{"0":"Company"},"nodes":3,"edges":3}},"edgeCount":3,"visibleEdgeCount":3,"hiddenEdgeCount":0}},"x":40.945499999999974,"y":-13.51208197784424,"label":"Stavros Papastavrou","size":1,"glyphs":{"0":{"draw":false,"position":"top-right","content":"0"},"1":{"draw":true,"position":"bottom-right","font":"FontAwesome","textColor":"#000","content":""}},"colors":{"0":"#be4400"},"color":"#be4400","icon":{"font":"FontAwesome","scale":1,"color":"#fff","content":""},"fa2_x":4.697715759277344,"fa2_y":19.544836044311523,"fixed":true,"read_cam0:size":5,"read_cam0:x":40.945499999999974,"read_cam0:y":-13.51208197784424,"renderer1:x":1608.2724999999998,"renderer1:y":381.7845901107788,"renderer1:size":31.547867224009664}],"edges":[{"id":770752,"source":580745,"target":175783,"data":{"properties":{},"type":"registered"},"label":"registered","size":1,"active":false,"color":"#8a6960","hover":false,"read_cam0:size":2,"renderer1:size":12.619146889603865},{"id":778761,"source":580745,"target":134282,"data":{"properties":{},"type":"registered"},"label":"registered","size":1,"active":false,"color":"#8a6960","hover":false,"read_cam0:size":2,"renderer1:size":12.619146889603865},{"id":814272,"source":580745,"target":263531,"data":{"properties":{},"type":"registered"},"label":"registered","size":1,"active":false,"color":"#8a6960","read_cam0:size":2,"renderer1:size":12.619146889603865},{"id":69463,"source":667739,"target":175783,"data":{"properties":{"name":"Member of Foundation Council","date_start":"15/11/2006","date_end":""},"type":"is officer of"},"label":"Member of Foundation Council","size":1,"color":"#d48a60","hover":false,"read_cam0:size":2,"renderer1:size":12.619146889603865},{"id":69464,"source":667739,"target":263531,"data":{"properties":{"name":"Member of Foundation Council","date_start":"30/11/2005","date_end":""},"type":"is officer of"},"label":"Member of Foundation Council","size":1,"color":"#d48a60","read_cam0:size":2,"renderer1:size":12.619146889603865},{"id":69465,"source":667739,"target":134282,"data":{"properties":{"name":"Member of Foundation Council","date_start":"30/11/2005","date_end":""},"type":"is officer of"},"label":"Member of Foundation Council","size":1,"color":"#d48a60","hover":false,"read_cam0:size":2,"renderer1:size":12.619146889603865}]}