{"nodes":[{"id":378942,"nodelink":{"x":-13.646,"y":12.266,"fixed":true},"geo":{"latitudeDiff":0,"longitudeDiff":0},"data":{"properties":{"name":"Sigmundur David Gunnlaugsson","certificateNumber":"2","numbershares":"1,000","classofshares":"","dateofissue":"09-10-2007","ceasedmembership":"31-12-2009","transferdate":"31-12-2009","sharestransferred":"1000.0","newcertificate":"3","custodianname":"","custodianaddress":"","citizenship":"NO","pep":"NO","rst":"NOT NEGATIVE RESULT","registerlocation":""},"categories":{"0":"Officer"},"statistics":{"digest":{"0":{"edgeType":"registered address","nodeCategories":{"0":"Address"},"nodes":1,"edges":1},"1":{"edgeType":"is officer of","nodeCategories":{"0":"Company"},"nodes":1,"edges":1}},"edgeCount":2,"visibleEdgeCount":2,"hiddenEdgeCount":0}},"label":"Sigmundur David Gunnlaugsson","x":-31.599999999999987,"y":19.09999999999999,"fixed":true,"size":1,"glyphs":{"0":{"draw":false,"position":"top-right","content":"0"},"1":{"draw":true,"position":"bottom-right","font":"FontAwesome","textColor":"#000","content":""}},"active":false,"colors":{"0":"#be4400"},"color":"#be4400","icon":{"font":"FontAwesome","scale":1,"color":"#fff","content":""},"read_cam0:size":5,"read_cam0:x":-31.599999999999987,"read_cam0:y":19.09999999999999,"renderer1:x":1040.5437142857143,"renderer1:y":610.5396825396825,"renderer1:size":30.25927455912246},{"id":19979,"nodelink":{"x":-21.904,"y":-12.924,"fixed":true},"geo":{"latitudeDiff":0,"longitudeDiff":0},"data":{"properties":{"file_number":"590298","jurisdiction":"BVI","name":"WINTRIS INC.","status":"ACT","inactivationDate":"","struck_off_date":"","registrationDate":"09-OCT-2007"},"categories":{"0":"Company"},"statistics":{"digest":{"0":{"edgeType":"is officer of","nodeCategories":{"0":"Officer"},"nodes":2,"edges":2},"1":{"edgeType":"registered","nodeCategories":{"0":"Client"},"nodes":1,"edges":1}},"edgeCount":3,"visibleEdgeCount":3,"hiddenEdgeCount":0}},"label":"WINTRIS INC.","x":-21.904,"y":-12.924,"fixed":true,"size":1,"glyphs":{"0":{"draw":false,"position":"top-right","content":"0"}},"active":false,"colors":{"0":"#420e00"},"color":"#420e00","icon":{"font":"FontAwesome","scale":1,"color":"#fff","content":""},"read_cam0:size":5,"read_cam0:x":-21.904,"read_cam0:y":-12.924,"renderer1:x":1132.578761904762,"renderer1:y":306.56584126984126,"renderer1:size":30.25927455912246},{"id":545854,"nodelink":{"x":23.054,"y":6.966,"fixed":true},"geo":{"latitudeDiff":0,"longitudeDiff":0},"data":{"properties":{"name":"Lokastigur 24; 101 Reykjavik; Iceland"},"categories":{"0":"Address"},"statistics":{"digest":{"0":{"edgeType":"registered address","nodeCategories":{"0":"Officer"},"nodes":2,"edges":2}},"edgeCount":2,"visibleEdgeCount":2,"hiddenEdgeCount":0}},"label":"Lokastigur 24; 101 Reykjavik; Iceland","x":23.054,"y":6.966,"fixed":true,"size":1,"glyphs":{"0":{"draw":false,"position":"top-right","content":"0"}},"active":false,"colors":{"0":"#937c6f"},"color":"#937c6f","icon":{"font":"FontAwesome","scale":1,"color":"#fff","content":""},"read_cam0:size":5,"read_cam0:x":23.054,"read_cam0:y":6.966,"renderer1:x":1559.3229523809525,"renderer1:y":495.3629841269842,"renderer1:size":30.25927455912246},{"id":378941,"nodelink":{"x":18.054,"y":-17.134,"fixed":true},"geo":{"latitudeDiff":0,"longitudeDiff":0},"data":{"properties":{"name":"Anna Sigurlaug Palsdottir","certificateNumber":"3","numbershares":"1,000","classofshares":"","dateofissue":"31-12-2009","ceasedmembership":"","transferdate":"","sharestransferred":"","newcertificate":"","custodianname":"","custodianaddress":"","citizenship":"NO","pep":"YES","rst":"NOT NEGATIVE RESULT","registerlocation":""},"categories":{"0":"Officer"},"statistics":{"digest":{"0":{"edgeType":"registered address","nodeCategories":{"0":"Address"},"nodes":1,"edges":1},"1":{"edgeType":"is officer of","nodeCategories":{"0":"Company"},"nodes":1,"edges":1}},"edgeCount":2,"visibleEdgeCount":2,"hiddenEdgeCount":0}},"label":"Anna Sigurlaug Palsdottir","x":18.054,"y":-17.134,"fixed":true,"size":1,"glyphs":{"0":{"draw":false,"position":"top-right","content":"0"}},"active":false,"colors":{"0":"#be4400"},"color":"#be4400","icon":{"font":"FontAwesome","scale":1,"color":"#fff","content":""},"read_cam0:size":5,"read_cam0:x":18.054,"read_cam0:y":-17.134,"renderer1:x":1511.862634920635,"renderer1:y":266.60425396825394,"renderer1:size":30.25927455912246},{"id":589006,"nodelink":{"x":-21.183,"y":-12.936},"geo":{"latitudeDiff":0,"longitudeDiff":0},"selected":true,"data":{"properties":{"name":"LUXEMBOURG INTERNATIONAL CONSULTING S.A. (INTERCONSULT)","status":"ACTIVE","client_number":"28765","client_name":"LUXEMBOURG INTERNATIONAL CONSULTING S.A. (INTERCONSULT)","prospect_date":"02-MAR-2010","active_since":"27-APR-2010","country":"LUXEMBOURG","city":"LUXEMBOURG CITY","former_name":"","cross_reference":"","activity":"CORPORATE BUSINESS ADVISORS","classification":"Special rates","subclassification":"Professional Fees","region":"LUXEMBOURG CLIENTS","compliance_classification":"INTRODUCER"},"categories":{"0":"Client"},"statistics":{"digest":{"0":{"edgeType":"registered","nodeCategories":{"0":"Company"},"nodes":5,"edges":5}},"edgeCount":5,"visibleEdgeCount":1,"hiddenEdgeCount":4}},"label":"LUXEMBOURG INTERNATIONAL CONSULTING S.A. (INTERCONSULT)","x":-35.80000000000001,"y":-33.899999999999984,"fixed":true,"size":1,"glyphs":{"0":{"draw":true,"position":"top-right","content":"4"},"1":{"draw":true,"position":"bottom-right","font":"FontAwesome","textColor":"#000","content":""}},"active":true,"colors":{"0":"#851d00"},"color":"#851d00","icon":{"font":"FontAwesome","scale":1,"color":"#fff","content":""},"read_cam0:size":5,"read_cam0:x":-35.80000000000001,"read_cam0:y":-33.899999999999984,"renderer1:x":1000.6770476190475,"renderer1:y":107.46031746031753,"renderer1:size":30.25927455912246}],"edges":[{"id":317231,"source":378942,"target":545854,"data":{"properties":{},"type":"registered address"},"label":"registered address","size":1,"active":false,"color":"#baaba3","read_cam0:size":2,"renderer1:size":12.103709823648984},{"id":469052,"source":378942,"target":19979,"data":{"properties":{"name":"Shareholder"},"type":"is officer of"},"label":"is officer of","size":1,"active":false,"color":"#d48a60","hover":false,"read_cam0:size":2,"renderer1:size":12.103709823648984},{"id":325795,"source":378941,"target":545854,"data":{"properties":{},"type":"registered address"},"label":"registered address","size":1,"active":false,"color":"#baaba3","read_cam0:size":2,"renderer1:size":12.103709823648984},{"id":469051,"source":378941,"target":19979,"data":{"properties":{"name":"Shareholder"},"type":"is officer of"},"label":"is officer of","size":1,"active":false,"color":"#d48a60","hover":false,"read_cam0:size":2,"renderer1:size":12.103709823648984},{"id":849449,"source":589006,"target":19979,"data":{"properties":{},"type":"registered"},"label":"registered","size":1,"active":false,"color":"#8a6960","hover":false,"read_cam0:size":2,"renderer1:size":12.103709823648984}]}