{"nodes":[{"id":233195,"nodelink":{"x":5.911,"y":-18.063},"geo":{"latitudeDiff":0,"longitudeDiff":0},"selected":true,"data":{"properties":{"file_number":"207499","jurisdiction":"SEY","name":"UNIVERS INVESTMENTS LTD.","status":"MOR","inactivationDate":"11-JAN-2011","struck_off_date":"31-DEC-2010","registrationDate":"07-MAY-2007"},"categories":{"0":"Company"},"statistics":{"digest":{"0":{"edgeType":"is officer of","nodeCategories":{"0":"Officer"},"nodes":2,"edges":2},"1":{"edgeType":"registered","nodeCategories":{"0":"Client"},"nodes":1,"edges":1}},"edgeCount":3,"visibleEdgeCount":3,"hiddenEdgeCount":0}},"label":"UNIVERS INVESTMENTS LTD.","x":8.042497205734252,"y":-3.949192523956305,"fixed":true,"size":1,"glyphs":{"0":{"draw":false,"position":"top-right","content":"0"},"1":{"draw":true,"position":"bottom-right","font":"FontAwesome","textColor":"#000","content":""}},"active":true,"color":"#420e00","icon":{"font":"FontAwesome","scale":1,"color":"#fff","content":""},"fa2_x":4.601189136505126,"fa2_y":-12.703337669372557,"colors":{"0":"#420e00"},"read_cam0:size":5,"read_cam0:x":8.042497205734252,"read_cam0:y":-3.949192523956305,"renderer1:x":1360,"renderer1:y":379,"renderer1:size":31.547867224009664},{"id":487817,"nodelink":{"x":0.056,"y":0.483},"geo":{"latitudeDiff":0,"longitudeDiff":0},"data":{"properties":{"name":"THE BEARER","certificateNumber":"1","numbershares":"50,000","classofshares":"","dateofissue":"07-05-2007","ceasedmembership":"","transferdate":"","sharestransferred":"","newcertificate":"","custodianname":"","custodianaddress":"","citizenship":"NO","pep":"NO","rst":"NOT NEGATIVE RESULT","registerlocation":""},"categories":{"0":"Officer"},"statistics":{"digest":{"0":{"edgeType":"registered address","nodeCategories":{"0":"Address"},"nodes":1,"edges":1},"1":{"edgeType":"is officer of","nodeCategories":{"0":"Company"},"nodes":1,"edges":1}},"edgeCount":2,"visibleEdgeCount":2,"hiddenEdgeCount":0}},"label":"THE BEARER","x":-13.857502794265747,"y":-11.649192523956303,"fixed":true,"size":1,"glyphs":{"0":{"draw":false,"position":"top-right","content":"0"},"1":{"draw":true,"position":"bottom-right","font":"FontAwesome","textColor":"#000","content":""}},"active":false,"color":"#be4400","icon":{"font":"FontAwesome","scale":1,"color":"#fff","content":""},"fa2_x":-13.616194725036621,"fa2_y":3.741682529449463,"colors":{"0":"#be4400"},"read_cam0:size":5,"read_cam0:x":-13.857502794265747,"read_cam0:y":-11.649192523956303,"renderer1:x":1141,"renderer1:y":302,"renderer1:size":31.547867224009664},{"id":585157,"nodelink":{"x":-6.019,"y":18.272},"geo":{"latitudeDiff":0,"longitudeDiff":0},"data":{"properties":{"name":"BARRETO & PARTNERS SÀRL","status":"ACTIVE","client_number":"21098","client_name":"BARRETO & PARTNERS SÀRL","prospect_date":"01-DEC-2006","active_since":"30-MAY-2007","country":"SWITZERLAND","city":"LAUSANNE","former_name":"BARRETO, INVESTMENT ADVICE","cross_reference":"","activity":"","classification":"","subclassification":"","region":"","compliance_classification":""},"categories":{"0":"Client"},"statistics":{"digest":{"0":{"edgeType":"registered","nodeCategories":{"0":"Company"},"nodes":48,"edges":48}},"edgeCount":48,"visibleEdgeCount":1,"hiddenEdgeCount":47}},"label":"BARRETO & PARTNERS SÀRL","x":13.942497205734252,"y":10.650807476043697,"fixed":true,"size":1,"glyphs":{"0":{"draw":true,"position":"top-right","content":"47"},"1":{"draw":true,"position":"bottom-right","font":"FontAwesome","textColor":"#000","content":""}},"active":false,"color":"#851d00","icon":{"font":"FontAwesome","scale":1,"color":"#fff","content":""},"fa2_x":6.301189136505126,"fa2_y":15.996662330627432,"colors":{"0":"#851d00"},"read_cam0:size":5,"read_cam0:x":13.942497205734252,"read_cam0:y":10.650807476043697,"renderer1:x":1419,"renderer1:y":525,"renderer1:size":31.547867224009664},{"id":528064,"data":{"properties":{"name":"Av. Mohedano Resid. \"Cascadas de Castellane\" Torre C, Piso 3 Apto 3C Urb. La Castellana Chacao Caracas Venezuela"},"categories":{"0":"Address"},"statistics":{"digest":{"0":{"edgeType":"registered address","nodeCategories":{"0":"Officer"},"nodes":1,"edges":1}},"edgeCount":1,"visibleEdgeCount":1,"hiddenEdgeCount":0}},"x":-12.057502794265746,"y":6.950807476043692,"label":"Av. Mohedano Resid. \"Cascadas de Castellane\" Torre C, Piso 3 Apto 3C Urb. La Castellana Chacao Caracas Venezuela","size":1,"glyphs":{"0":{"draw":false,"position":"top-right","content":"0"},"1":{"draw":true,"position":"bottom-right","font":"FontAwesome","textColor":"#000","content":""}},"color":"#937c6f","icon":{"font":"FontAwesome","scale":1,"color":"#fff","content":""},"fa2_x":-27.898810863494873,"fa2_y":10.096662330627442,"fixed":true,"active":false,"colors":{"0":"#937c6f"},"read_cam0:size":5,"read_cam0:x":-12.057502794265746,"read_cam0:y":6.950807476043692,"renderer1:x":1159,"renderer1:y":487.99999999999994,"renderer1:size":31.547867224009664},{"id":667749,"data":{"properties":{"name":"Víctor Cruz Weffer"},"categories":{"0":"Officer"},"statistics":{"digest":{"0":{"edgeType":"is officer of","nodeCategories":{"0":"Company"},"nodes":1,"edges":1}},"edgeCount":1,"visibleEdgeCount":1,"hiddenEdgeCount":0}},"x":4.042497205734252,"y":-22.549192523956307,"label":"Víctor Cruz Weffer","size":1,"glyphs":{"0":{"draw":false,"position":"top-right","content":"0"},"1":{"draw":true,"position":"bottom-right","font":"FontAwesome","textColor":"#000","content":""}},"colors":{"0":"#be4400"},"color":"#be4400","icon":{"font":"FontAwesome","scale":1,"color":"#fff","content":""},"fa2_x":3.9802980422973633,"fa2_y":-17.19504737854004,"fixed":true,"read_cam0:size":5,"read_cam0:x":4.042497205734252,"read_cam0:y":-22.549192523956307,"renderer1:x":1320,"renderer1:y":192.99999999999997,"renderer1:size":31.547867224009664}],"edges":[{"id":795598,"source":585157,"target":233195,"data":{"properties":{},"type":"registered"},"label":"registered","size":1,"active":false,"color":"#8a6960","hover":false,"read_cam0:size":2,"renderer1:size":12.619146889603865},{"id":503658,"source":487817,"target":233195,"data":{"properties":{"name":"Shareholder"},"type":"is officer of"},"label":"Shareholder","size":1,"color":"#d48a60","active":false,"hover":false,"read_cam0:size":2,"renderer1:size":12.619146889603865},{"id":818991,"source":487817,"target":528064,"data":{"properties":{},"type":"registered address"},"label":"registered address","size":1,"color":"#baaba3","active":false,"hover":false,"read_cam0:size":2,"renderer1:size":12.619146889603865},{"id":69482,"source":667749,"target":233195,"data":{"properties":{"name":"Shareholder","date_start":"07/05/2007","date_end":""},"type":"is officer of"},"label":"Shareholder","size":1,"color":"#d48a60","hover":false,"read_cam0:size":2,"renderer1:size":12.619146889603865}]}