{"nodes":[{"id":99200,"nodelink":{"x":-83.885,"y":-101.406,"fixed":true},"geo":{"latitudeDiff":0,"longitudeDiff":0},"selected":true,"data":{"properties":{"file_number":"9692","jurisdiction":"PMA","name":"SIERRA LEONA S.A.","status":"ACT","inactivationDate":"","struck_off_date":"","registrationDate":"26-NOV-1987"},"categories":{"0":"Company"},"statistics":{"digest":{"0":{"edgeType":"is officer of","nodeCategories":{"0":"Officer"},"nodes":27,"edges":27},"1":{"edgeType":"registered","nodeCategories":{"0":"Client"},"nodes":1,"edges":1}},"edgeCount":28,"visibleEdgeCount":25,"hiddenEdgeCount":3}},"label":"SIERRA LEONA S.A.","x":-103.0345913539967,"y":-109.10421696574227,"fixed":true,"size":1,"glyphs":{"0":{"draw":true,"position":"top-right","content":"3"},"1":{"draw":true,"position":"bottom-right","font":"FontAwesome","textColor":"#000","content":""}},"active":true,"color":"#420e00","icon":{"font":"FontAwesome","scale":1,"color":"#fff","content":""},"colors":{"0":"#420e00"},"fa2_x":-83.885,"fa2_y":-101.406,"read_cam0:size":5,"read_cam0:x":-103.0345913539967,"read_cam0:y":-109.10421696574227,"renderer1:x":1150.4876945768365,"renderer1:y":139.95905391518681,"renderer1:size":14.617784919953273},{"id":472936,"nodelink":{"x":-12.302,"y":133.06,"fixed":true},"geo":{"latitudeDiff":0,"longitudeDiff":0},"data":{"properties":{"name":"EL PORTADOR","certificateNumber":"1","numbershares":"1","classofshares":"","dateofissue":"18-01-1988","ceasedmembership":"23-10-2002","transferdate":"","sharestransferred":"","newcertificate":"","custodianname":"","custodianaddress":"","citizenship":"NO","pep":"NO","rst":"NOT NEGATIVE RESULT","registerlocation":""},"categories":{"0":"Officer"},"statistics":{"digest":{"0":{"edgeType":"is officer of","nodeCategories":{"0":"Company"},"nodes":1,"edges":1}},"edgeCount":1,"visibleEdgeCount":1,"hiddenEdgeCount":0}},"label":"EL PORTADOR","x":-8.902945350734086,"y":14.585675367047301,"fixed":true,"size":1,"glyphs":{"0":{"draw":false,"position":"top-right","content":"0"},"1":{"draw":true,"position":"bottom-right","font":"FontAwesome","textColor":"#000","content":""}},"active":false,"color":"#be4400","icon":{"font":"FontAwesome","scale":1,"color":"#fff","content":""},"colors":{"0":"#be4400"},"fa2_x":-12.302,"fa2_y":133.06,"read_cam0:size":5,"read_cam0:x":-8.902945350734086,"read_cam0:y":14.585675367047301,"renderer1:x":1510.340677430458,"renderer1:y":612.8093502252598,"renderer1:size":14.617784919953273},{"id":472937,"nodelink":{"x":-9.301,"y":41.331,"fixed":true},"geo":{"latitudeDiff":0,"longitudeDiff":0},"data":{"properties":{"name":"EL PORTADOR","certificateNumber":"2","numbershares":"1","classofshares":"","dateofissue":"18-01-1988","ceasedmembership":"23-10-2002","transferdate":"","sharestransferred":"","newcertificate":"","custodianname":"","custodianaddress":"","citizenship":"NO","pep":"NO","rst":"NOT NEGATIVE RESULT","registerlocation":""},"categories":{"0":"Officer"},"statistics":{"digest":{"0":{"edgeType":"is officer of","nodeCategories":{"0":"Company"},"nodes":1,"edges":1}},"edgeCount":1,"visibleEdgeCount":1,"hiddenEdgeCount":0}},"label":"EL PORTADOR","x":-12.086141109298524,"y":-26.7958694942904,"fixed":true,"size":1,"glyphs":{"0":{"draw":false,"position":"top-right","content":"0"},"1":{"draw":true,"position":"bottom-right","font":"FontAwesome","textColor":"#000","content":""}},"active":false,"color":"#be4400","icon":{"font":"FontAwesome","scale":1,"color":"#fff","content":""},"colors":{"0":"#be4400"},"fa2_x":-9.301,"fa2_y":41.331,"read_cam0:size":5,"read_cam0:x":-12.086141109298524,"read_cam0:y":-26.7958694942904,"renderer1:x":1498.171735981302,"renderer1:y":454.6131113862279,"renderer1:size":14.617784919953273},{"id":472940,"nodelink":{"x":-13.159,"y":-24.251,"fixed":true},"geo":{"latitudeDiff":0,"longitudeDiff":0},"data":{"properties":{"name":"EL PORTADOR","certificateNumber":"23","numbershares":"10","classofshares":"","dateofissue":"13-09-2006","ceasedmembership":"28-10-2008","transferdate":"","sharestransferred":"","newcertificate":"","custodianname":"","custodianaddress":"","citizenship":"NO","pep":"NO","rst":"NOT NEGATIVE RESULT","registerlocation":""},"categories":{"0":"Officer"},"statistics":{"digest":{"0":{"edgeType":"is officer of","nodeCategories":{"0":"Company"},"nodes":1,"edges":1}},"edgeCount":1,"visibleEdgeCount":1,"hiddenEdgeCount":0}},"label":"EL PORTADOR","x":-13.450367862969003,"y":-47.71401305057099,"fixed":true,"size":1,"glyphs":{"0":{"draw":false,"position":"top-right","content":"0"},"1":{"draw":true,"position":"bottom-right","font":"FontAwesome","textColor":"#000","content":""}},"active":false,"color":"#be4400","icon":{"font":"FontAwesome","scale":1,"color":"#fff","content":""},"colors":{"0":"#be4400"},"fa2_x":-13.159,"fa2_y":-24.251,"read_cam0:size":5,"read_cam0:x":-13.450367862969003,"read_cam0:y":-47.71401305057099,"renderer1:x":1492.956475360235,"renderer1:y":374.6457818632009,"renderer1:size":14.617784919953273},{"id":472941,"nodelink":{"x":-12.302,"y":142.919,"fixed":true},"geo":{"latitudeDiff":0,"longitudeDiff":0},"data":{"properties":{"name":"EL PORTADOR","certificateNumber":"24","numbershares":"10","classofshares":"","dateofissue":"13-09-2006","ceasedmembership":"28-10-2008","transferdate":"","sharestransferred":"","newcertificate":"","custodianname":"","custodianaddress":"","citizenship":"NO","pep":"NO","rst":"NOT NEGATIVE RESULT","registerlocation":""},"categories":{"0":"Officer"},"statistics":{"digest":{"0":{"edgeType":"is officer of","nodeCategories":{"0":"Company"},"nodes":1,"edges":1}},"edgeCount":1,"visibleEdgeCount":1,"hiddenEdgeCount":0}},"label":"EL PORTADOR","x":-8.902945350734086,"y":21.40680913539967,"fixed":true,"size":1,"glyphs":{"0":{"draw":false,"position":"top-right","content":"0"},"1":{"draw":true,"position":"bottom-right","font":"FontAwesome","textColor":"#000","content":""}},"active":false,"color":"#be4400","icon":{"font":"FontAwesome","scale":1,"color":"#fff","content":""},"colors":{"0":"#be4400"},"fa2_x":-12.302,"fa2_y":142.919,"read_cam0:size":5,"read_cam0:x":-8.902945350734086,"read_cam0:y":21.40680913539967,"renderer1:x":1510.340677430458,"renderer1:y":638.8856533305947,"renderer1:size":14.617784919953273},{"id":472942,"nodelink":{"x":-11.873,"y":114.629,"fixed":true},"geo":{"latitudeDiff":0,"longitudeDiff":0},"data":{"properties":{"name":"EL PORTADOR","certificateNumber":"25","numbershares":"10","classofshares":"","dateofissue":"13-09-2006","ceasedmembership":"28-10-2008","transferdate":"","sharestransferred":"","newcertificate":"","custodianname":"","custodianaddress":"","citizenship":"NO","pep":"NO","rst":"NOT NEGATIVE RESULT","registerlocation":""},"categories":{"0":"Officer"},"statistics":{"digest":{"0":{"edgeType":"is officer of","nodeCategories":{"0":"Company"},"nodes":1,"edges":1}},"edgeCount":1,"visibleEdgeCount":1,"hiddenEdgeCount":0}},"label":"EL PORTADOR","x":-10.721914355628044,"y":4.581345840130467,"fixed":true,"size":1,"glyphs":{"0":{"draw":false,"position":"top-right","content":"0"},"1":{"draw":true,"position":"bottom-right","font":"FontAwesome","textColor":"#000","content":""}},"active":false,"color":"#be4400","icon":{"font":"FontAwesome","scale":1,"color":"#fff","content":""},"colors":{"0":"#be4400"},"fa2_x":-11.873,"fa2_y":114.629,"read_cam0:size":5,"read_cam0:x":-10.721914355628044,"read_cam0:y":4.581345840130467,"renderer1:x":1503.386996602369,"renderer1:y":574.5641056707684,"renderer1:size":14.617784919953273},{"id":472943,"nodelink":{"x":-11.445,"y":-13.106,"fixed":true},"geo":{"latitudeDiff":0,"longitudeDiff":0},"data":{"properties":{"name":"EL PORTADOR","certificateNumber":"26","numbershares":"10","classofshares":"","dateofissue":"13-09-2006","ceasedmembership":"28-10-2008","transferdate":"","sharestransferred":"","newcertificate":"","custodianname":"","custodianaddress":"","citizenship":"NO","pep":"NO","rst":"NOT NEGATIVE RESULT","registerlocation":""},"categories":{"0":"Officer"},"statistics":{"digest":{"0":{"edgeType":"is officer of","nodeCategories":{"0":"Company"},"nodes":1,"edges":1}},"edgeCount":1,"visibleEdgeCount":1,"hiddenEdgeCount":0}},"label":"EL PORTADOR","x":-13.450367862969003,"y":-43.16659053833608,"fixed":true,"size":1,"glyphs":{"0":{"draw":false,"position":"top-right","content":"0"},"1":{"draw":true,"position":"bottom-right","font":"FontAwesome","textColor":"#000","content":""}},"active":false,"color":"#be4400","icon":{"font":"FontAwesome","scale":1,"color":"#fff","content":""},"colors":{"0":"#be4400"},"fa2_x":-11.445,"fa2_y":-13.106,"read_cam0:size":5,"read_cam0:x":-13.450367862969003,"read_cam0:y":-43.16659053833608,"renderer1:x":1492.956475360235,"renderer1:y":392.0299839334241,"renderer1:size":14.617784919953273},{"id":472944,"nodelink":{"x":-12.302,"y":92.768,"fixed":true},"geo":{"latitudeDiff":0,"longitudeDiff":0},"data":{"properties":{"name":"EL PORTADOR","certificateNumber":"27","numbershares":"10","classofshares":"","dateofissue":"13-09-2006","ceasedmembership":"28-10-2008","transferdate":"","sharestransferred":"","newcertificate":"","custodianname":"","custodianaddress":"","citizenship":"NO","pep":"NO","rst":"NOT NEGATIVE RESULT","registerlocation":""},"categories":{"0":"Officer"},"statistics":{"digest":{"0":{"edgeType":"is officer of","nodeCategories":{"0":"Company"},"nodes":1,"edges":1}},"edgeCount":1,"visibleEdgeCount":1,"hiddenEdgeCount":0}},"label":"EL PORTADOR","x":-10.267172104404565,"y":-2.2397879282218867,"fixed":true,"size":1,"glyphs":{"0":{"draw":false,"position":"top-right","content":"0"},"1":{"draw":true,"position":"bottom-right","font":"FontAwesome","textColor":"#000","content":""}},"active":false,"color":"#be4400","icon":{"font":"FontAwesome","scale":1,"color":"#fff","content":""},"colors":{"0":"#be4400"},"fa2_x":-12.302,"fa2_y":92.768,"read_cam0:size":5,"read_cam0:x":-10.267172104404565,"read_cam0:y":-2.2397879282218867,"renderer1:x":1505.1254168093913,"renderer1:y":548.4878025654335,"renderer1:size":14.617784919953273},{"id":472945,"nodelink":{"x":-12.302,"y":123.63,"fixed":true},"geo":{"latitudeDiff":0,"longitudeDiff":0},"data":{"properties":{"name":"EL PORTADOR","certificateNumber":"28","numbershares":"10","classofshares":"","dateofissue":"13-09-2006","ceasedmembership":"28-10-2008","transferdate":"","sharestransferred":"","newcertificate":"","custodianname":"","custodianaddress":"","citizenship":"NO","pep":"NO","rst":"NOT NEGATIVE RESULT","registerlocation":""},"categories":{"0":"Officer"},"statistics":{"digest":{"0":{"edgeType":"is officer of","nodeCategories":{"0":"Company"},"nodes":1,"edges":1}},"edgeCount":1,"visibleEdgeCount":1,"hiddenEdgeCount":0}},"label":"EL PORTADOR","x":-9.812429853181072,"y":10.492995106035849,"fixed":true,"size":1,"glyphs":{"0":{"draw":false,"position":"top-right","content":"0"},"1":{"draw":true,"position":"bottom-right","font":"FontAwesome","textColor":"#000","content":""}},"active":false,"color":"#be4400","icon":{"font":"FontAwesome","scale":1,"color":"#fff","content":""},"colors":{"0":"#be4400"},"fa2_x":-12.302,"fa2_y":123.63,"read_cam0:size":5,"read_cam0:x":-9.812429853181072,"read_cam0:y":10.492995106035849,"renderer1:x":1506.8638370164135,"renderer1:y":597.1635683620586,"renderer1:size":14.617784919953273},{"id":472946,"nodelink":{"x":-10.159,"y":72.193,"fixed":true},"geo":{"latitudeDiff":0,"longitudeDiff":0},"data":{"properties":{"name":"EL PORTADOR","certificateNumber":"29","numbershares":"10","classofshares":"","dateofissue":"13-09-2006","ceasedmembership":"28-10-2008","transferdate":"","sharestransferred":"","newcertificate":"","custodianname":"","custodianaddress":"","citizenship":"NO","pep":"NO","rst":"NOT NEGATIVE RESULT","registerlocation":""},"categories":{"0":"Officer"},"statistics":{"digest":{"0":{"edgeType":"is officer of","nodeCategories":{"0":"Company"},"nodes":1,"edges":1}},"edgeCount":1,"visibleEdgeCount":1,"hiddenEdgeCount":0}},"label":"EL PORTADOR","x":-11.176656606851537,"y":-12.698859706362171,"fixed":true,"size":1,"glyphs":{"0":{"draw":false,"position":"top-right","content":"0"},"1":{"draw":true,"position":"bottom-right","font":"FontAwesome","textColor":"#000","content":""}},"active":false,"color":"#be4400","icon":{"font":"FontAwesome","scale":1,"color":"#fff","content":""},"colors":{"0":"#be4400"},"fa2_x":-10.159,"fa2_y":72.193,"read_cam0:size":5,"read_cam0:x":-11.176656606851537,"read_cam0:y":-12.698859706362171,"renderer1:x":1501.6485763953465,"renderer1:y":508.50413780392006,"renderer1:size":14.617784919953273},{"id":472947,"nodelink":{"x":-14.445,"y":-32.824,"fixed":true},"geo":{"latitudeDiff":0,"longitudeDiff":0},"data":{"properties":{"name":"EL PORTADOR","certificateNumber":"30","numbershares":"10","classofshares":"","dateofissue":"13-09-2006","ceasedmembership":"28-10-2008","transferdate":"","sharestransferred":"","newcertificate":"","custodianname":"","custodianaddress":"","citizenship":"NO","pep":"NO","rst":"NOT NEGATIVE RESULT","registerlocation":""},"categories":{"0":"Officer"},"statistics":{"digest":{"0":{"edgeType":"is officer of","nodeCategories":{"0":"Company"},"nodes":1,"edges":1}},"edgeCount":1,"visibleEdgeCount":1,"hiddenEdgeCount":0}},"label":"EL PORTADOR","x":-14.359852365415989,"y":-53.17092006525288,"fixed":true,"size":1,"glyphs":{"0":{"draw":false,"position":"top-right","content":"0"},"1":{"draw":true,"position":"bottom-right","font":"FontAwesome","textColor":"#000","content":""}},"active":false,"color":"#be4400","icon":{"font":"FontAwesome","scale":1,"color":"#fff","content":""},"colors":{"0":"#be4400"},"fa2_x":-14.445,"fa2_y":-32.824,"read_cam0:size":5,"read_cam0:x":-14.359852365415989,"read_cam0:y":-53.17092006525288,"renderer1:x":1489.4796349461901,"renderer1:y":353.78473937893295,"renderer1:size":14.617784919953273},{"id":472948,"nodelink":{"x":-9.73,"y":10.04,"fixed":true},"geo":{"latitudeDiff":0,"longitudeDiff":0},"data":{"properties":{"name":"EL PORTADOR","certificateNumber":"31","numbershares":"10","classofshares":"","dateofissue":"13-09-2006","ceasedmembership":"28-10-2008","transferdate":"","sharestransferred":"","newcertificate":"","custodianname":"","custodianaddress":"","citizenship":"NO","pep":"NO","rst":"NOT NEGATIVE RESULT","registerlocation":""},"categories":{"0":"Officer"},"statistics":{"digest":{"0":{"edgeType":"is officer of","nodeCategories":{"0":"Company"},"nodes":1,"edges":1}},"edgeCount":1,"visibleEdgeCount":1,"hiddenEdgeCount":0}},"label":"EL PORTADOR","x":-13.450367862969003,"y":-37.70968352365418,"fixed":true,"size":1,"glyphs":{"0":{"draw":false,"position":"top-right","content":"0"},"1":{"draw":true,"position":"bottom-right","font":"FontAwesome","textColor":"#000","content":""}},"active":false,"color":"#be4400","icon":{"font":"FontAwesome","scale":1,"color":"#fff","content":""},"colors":{"0":"#be4400"},"fa2_x":-9.73,"fa2_y":10.04,"read_cam0:size":5,"read_cam0:x":-13.450367862969003,"read_cam0:y":-37.70968352365418,"renderer1:x":1492.956475360235,"renderer1:y":412.8910264176921,"renderer1:size":14.617784919953273},{"id":472949,"nodelink":{"x":-9.301,"y":52.476,"fixed":true},"geo":{"latitudeDiff":0,"longitudeDiff":0},"data":{"properties":{"name":"EL PORTADOR","certificateNumber":"32","numbershares":"10","classofshares":"","dateofissue":"13-09-2006","ceasedmembership":"28-10-2008","transferdate":"","sharestransferred":"","newcertificate":"","custodianname":"","custodianaddress":"","citizenship":"NO","pep":"NO","rst":"NOT NEGATIVE RESULT","registerlocation":""},"categories":{"0":"Officer"},"statistics":{"digest":{"0":{"edgeType":"is officer of","nodeCategories":{"0":"Company"},"nodes":1,"edges":1}},"edgeCount":1,"visibleEdgeCount":1,"hiddenEdgeCount":0}},"label":"EL PORTADOR","x":-12.086141109298524,"y":-22.248446982055484,"fixed":true,"size":1,"glyphs":{"0":{"draw":false,"position":"top-right","content":"0"},"1":{"draw":true,"position":"bottom-right","font":"FontAwesome","textColor":"#000","content":""}},"active":false,"color":"#be4400","icon":{"font":"FontAwesome","scale":1,"color":"#fff","content":""},"colors":{"0":"#be4400"},"fa2_x":-9.301,"fa2_y":52.476,"read_cam0:size":5,"read_cam0:x":-12.086141109298524,"read_cam0:y":-22.248446982055484,"renderer1:x":1498.171735981302,"renderer1:y":471.9973134564512,"renderer1:size":14.617784919953273},{"id":472950,"nodelink":{"x":-9.301,"y":61.906,"fixed":true},"geo":{"latitudeDiff":0,"longitudeDiff":0},"data":{"properties":{"name":"EL PORTADOR","certificateNumber":"3","numbershares":"23","classofshares":"","dateofissue":"15-03-1988","ceasedmembership":"24-10-2002","transferdate":"","sharestransferred":"","newcertificate":"","custodianname":"","custodianaddress":"","citizenship":"NO","pep":"NO","rst":"NOT NEGATIVE RESULT","registerlocation":""},"categories":{"0":"Officer"},"statistics":{"digest":{"0":{"edgeType":"is officer of","nodeCategories":{"0":"Company"},"nodes":1,"edges":1}},"edgeCount":1,"visibleEdgeCount":1,"hiddenEdgeCount":0}},"label":"EL PORTADOR","x":-11.63139885807503,"y":-17.246282218597088,"fixed":true,"size":1,"glyphs":{"0":{"draw":false,"position":"top-right","content":"0"},"1":{"draw":true,"position":"bottom-right","font":"FontAwesome","textColor":"#000","content":""}},"active":false,"color":"#be4400","icon":{"font":"FontAwesome","scale":1,"color":"#fff","content":""},"colors":{"0":"#be4400"},"fa2_x":-9.301,"fa2_y":61.906,"read_cam0:size":5,"read_cam0:x":-11.63139885807503,"read_cam0:y":-17.246282218597088,"renderer1:x":1499.9101561883242,"renderer1:y":491.11993573369676,"renderer1:size":14.617784919953273},{"id":472951,"nodelink":{"x":-10.587,"y":81.623,"fixed":true},"geo":{"latitudeDiff":0,"longitudeDiff":0},"data":{"properties":{"name":"EL PORTADOR","certificateNumber":"4","numbershares":"25","classofshares":"","dateofissue":"15-03-1988","ceasedmembership":"24-10-2002","transferdate":"","sharestransferred":"","newcertificate":"","custodianname":"","custodianaddress":"","citizenship":"NO","pep":"NO","rst":"NOT NEGATIVE RESULT","registerlocation":""},"categories":{"0":"Officer"},"statistics":{"digest":{"0":{"edgeType":"is officer of","nodeCategories":{"0":"Company"},"nodes":1,"edges":1}},"edgeCount":1,"visibleEdgeCount":1,"hiddenEdgeCount":0}},"label":"EL PORTADOR","x":-10.267172104404565,"y":-6.787210440456789,"fixed":true,"size":1,"glyphs":{"0":{"draw":false,"position":"top-right","content":"0"},"1":{"draw":true,"position":"bottom-right","font":"FontAwesome","textColor":"#000","content":""}},"active":false,"color":"#be4400","icon":{"font":"FontAwesome","scale":1,"color":"#fff","content":""},"colors":{"0":"#be4400"},"fa2_x":-10.587,"fa2_y":81.623,"read_cam0:size":5,"read_cam0:x":-10.267172104404565,"read_cam0:y":-6.787210440456789,"renderer1:x":1505.1254168093913,"renderer1:y":531.1036004952103,"renderer1:size":14.617784919953273},{"id":472952,"nodelink":{"x":-15.302,"y":-61.114,"fixed":true},"geo":{"latitudeDiff":0,"longitudeDiff":0},"data":{"properties":{"name":"EL PORTADOR","certificateNumber":"5","numbershares":"25","classofshares":"","dateofissue":"15-03-1988","ceasedmembership":"24-10-2002","transferdate":"","sharestransferred":"","newcertificate":"","custodianname":"","custodianaddress":"","citizenship":"NO","pep":"NO","rst":"NOT NEGATIVE RESULT","registerlocation":""},"categories":{"0":"Officer"},"statistics":{"digest":{"0":{"edgeType":"is officer of","nodeCategories":{"0":"Company"},"nodes":1,"edges":1}},"edgeCount":1,"visibleEdgeCount":1,"hiddenEdgeCount":0}},"label":"EL PORTADOR","x":-13.905110114192496,"y":-58.173084828711275,"fixed":true,"size":1,"glyphs":{"0":{"draw":false,"position":"top-right","content":"0"},"1":{"draw":true,"position":"bottom-right","font":"FontAwesome","textColor":"#000","content":""}},"active":false,"color":"#be4400","icon":{"font":"FontAwesome","scale":1,"color":"#fff","content":""},"colors":{"0":"#be4400"},"fa2_x":-15.302,"fa2_y":-61.114,"read_cam0:size":5,"read_cam0:x":-13.905110114192496,"read_cam0:y":-58.173084828711275,"renderer1:x":1491.2180551532126,"renderer1:y":334.6621171016874,"renderer1:size":14.617784919953273},{"id":472953,"nodelink":{"x":-9.301,"y":29.758,"fixed":true},"geo":{"latitudeDiff":0,"longitudeDiff":0},"data":{"properties":{"name":"EL PORTADOR","certificateNumber":"6","numbershares":"25","classofshares":"","dateofissue":"15-03-1988","ceasedmembership":"24-10-2002","transferdate":"","sharestransferred":"","newcertificate":"","custodianname":"","custodianaddress":"","citizenship":"NO","pep":"NO","rst":"NOT NEGATIVE RESULT","registerlocation":""},"categories":{"0":"Officer"},"statistics":{"digest":{"0":{"edgeType":"is officer of","nodeCategories":{"0":"Company"},"nodes":1,"edges":1}},"edgeCount":1,"visibleEdgeCount":1,"hiddenEdgeCount":0}},"label":"EL PORTADOR","x":-12.99562561174551,"y":-31.798034257748796,"fixed":true,"size":1,"glyphs":{"0":{"draw":false,"position":"top-right","content":"0"},"1":{"draw":true,"position":"bottom-right","font":"FontAwesome","textColor":"#000","content":""}},"active":false,"color":"#be4400","icon":{"font":"FontAwesome","scale":1,"color":"#fff","content":""},"colors":{"0":"#be4400"},"fa2_x":-9.301,"fa2_y":29.758,"read_cam0:size":5,"read_cam0:x":-12.99562561174551,"read_cam0:y":-31.798034257748796,"renderer1:x":1494.6948955672572,"renderer1:y":435.49048910898233,"renderer1:size":14.617784919953273},{"id":590829,"nodelink":{"x":-119.462,"y":-116.837,"fixed":true},"geo":{"latitudeDiff":0,"longitudeDiff":0},"data":{"properties":{"name":"FRANCISCO IBANEZ CONCHA","status":"ACTIVE","client_number":"4006","client_name":"FRANCISCO IBANEZ CONCHA","prospect_date":"","active_since":"10-FEB-1992","country":"CHILE","city":"SANTIAGO","former_name":"SOCIEDAD LEGAL MINERA LAS CENIZAS","cross_reference":"","activity":"ATTORNEY","classification":"Special rates","subclassification":"","region":"LATINAMERICAN PROFESSIONAL CLIENTS","compliance_classification":"INTERMEDIARY"},"categories":{"0":"Client"},"statistics":{"digest":{"0":{"edgeType":"registered","nodeCategories":{"0":"Company"},"nodes":6,"edges":6}},"edgeCount":6,"visibleEdgeCount":1,"hiddenEdgeCount":5}},"label":"FRANCISCO IBANEZ CONCHA","x":-129.40964192495915,"y":-125.02019575856445,"fixed":true,"size":1,"glyphs":{"0":{"draw":true,"position":"top-right","content":"5"},"1":{"draw":true,"position":"bottom-right","font":"FontAwesome","textColor":"#000","content":""}},"active":false,"color":"#851d00","icon":{"font":"FontAwesome","scale":1,"color":"#fff","content":""},"colors":{"0":"#851d00"},"fa2_x":-119.462,"fa2_y":-116.837,"read_cam0:size":5,"read_cam0:x":-129.40964192495915,"read_cam0:y":-125.02019575856445,"renderer1:x":1049.659322569542,"renderer1:y":79.11434666940534,"renderer1:size":14.617784919953273},{"id":361115,"nodelink":{"x":-14.874,"y":-69.258,"fixed":true},"geo":{"latitudeDiff":0,"longitudeDiff":0},"data":{"properties":{"name":"THAMES GLOBAL CORPORATION","certificateNumber":"5","numbershares":"5","classofshares":"","dateofissue":"23-10-2002","ceasedmembership":"13-09-2006","transferdate":"","sharestransferred":"","newcertificate":"","custodianname":"","custodianaddress":"","citizenship":"NO","pep":"NO","rst":"NOT NEGATIVE RESULT","registerlocation":""},"categories":{"0":"Officer"},"statistics":{"digest":{"0":{"edgeType":"is officer of","nodeCategories":{"0":"Company"},"nodes":1,"edges":1}},"edgeCount":1,"visibleEdgeCount":1,"hiddenEdgeCount":0}},"label":"THAMES GLOBAL CORPORATION","x":-16.63356362153344,"y":-89.55030016313216,"fixed":true,"size":1,"glyphs":{"0":{"draw":false,"position":"top-right","content":"0"},"1":{"draw":true,"position":"bottom-right","font":"FontAwesome","textColor":"#000","content":""}},"active":false,"color":"#be4400","icon":{"font":"FontAwesome","scale":1,"color":"#fff","content":""},"colors":{"0":"#be4400"},"fa2_x":-14.874,"fa2_y":-69.258,"read_cam0:size":5,"read_cam0:x":-16.63356362153344,"read_cam0:y":-89.55030016313216,"renderer1:x":1480.7875339110785,"renderer1:y":214.71112281714682,"renderer1:size":14.617784919953273},{"id":361416,"nodelink":{"x":-12.731,"y":151.92,"fixed":true},"geo":{"latitudeDiff":0,"longitudeDiff":0},"data":{"properties":{"name":"BLUE HILL INCORPORATED","certificateNumber":"18","numbershares":"5","classofshares":"","dateofissue":"23-10-2002","ceasedmembership":"13-09-2006","transferdate":"","sharestransferred":"","newcertificate":"","custodianname":"","custodianaddress":"","citizenship":"NO","pep":"NO","rst":"NOT NEGATIVE RESULT","registerlocation":""},"categories":{"0":"Officer"},"statistics":{"digest":{"0":{"edgeType":"is officer of","nodeCategories":{"0":"Company"},"nodes":1,"edges":1}},"edgeCount":1,"visibleEdgeCount":1,"hiddenEdgeCount":0}},"label":"BLUE HILL INCORPORATED","x":-15.269336867862961,"y":-67.72267210440458,"fixed":true,"size":1,"glyphs":{"0":{"draw":false,"position":"top-right","content":"0"},"1":{"draw":true,"position":"bottom-right","font":"FontAwesome","textColor":"#000","content":""}},"active":false,"color":"#be4400","icon":{"font":"FontAwesome","scale":1,"color":"#fff","content":""},"colors":{"0":"#be4400"},"fa2_x":-12.731,"fa2_y":151.92,"read_cam0:size":5,"read_cam0:x":-15.269336867862961,"read_cam0:y":-67.72267210440458,"renderer1:x":1486.0027945321456,"renderer1:y":298.1552927542185,"renderer1:size":14.617784919953273},{"id":361437,"nodelink":{"x":-15.302,"y":-41.825,"fixed":true},"geo":{"latitudeDiff":0,"longitudeDiff":0},"data":{"properties":{"name":"FUNDACIÓN EL PLANETA","certificateNumber":"38","numbershares":"20","classofshares":"","dateofissue":"14-08-2012","ceasedmembership":"","transferdate":"","sharestransferred":"","newcertificate":"","custodianname":"","custodianaddress":"","citizenship":"NO","pep":"NO","rst":"NOT NEGATIVE RESULT","registerlocation":""},"categories":{"0":"Officer"},"statistics":{"digest":{"0":{"edgeType":"is officer of","nodeCategories":{"0":"Company"},"nodes":1,"edges":1}},"edgeCount":1,"visibleEdgeCount":1,"hiddenEdgeCount":0}},"label":"FUNDACIÓN EL PLANETA","x":-15.269336867862961,"y":-79.09122838499187,"fixed":true,"size":1,"glyphs":{"0":{"draw":false,"position":"top-right","content":"0"},"1":{"draw":true,"position":"bottom-right","font":"FontAwesome","textColor":"#000","content":""}},"active":false,"color":"#be4400","icon":{"font":"FontAwesome","scale":1,"color":"#fff","content":""},"colors":{"0":"#be4400"},"fa2_x":-15.302,"fa2_y":-41.825,"read_cam0:size":5,"read_cam0:x":-15.269336867862961,"read_cam0:y":-79.09122838499187,"renderer1:x":1486.0027945321456,"renderer1:y":254.69478757866034,"renderer1:size":14.617784919953273},{"id":361739,"nodelink":{"x":-15.302,"y":-85.118,"fixed":true},"geo":{"latitudeDiff":0,"longitudeDiff":0},"data":{"properties":{"name":"FUNDACION TIERRA FELIZ","certificateNumber":"35","numbershares":"20","classofshares":"","dateofissue":"14-08-2012","ceasedmembership":"","transferdate":"","sharestransferred":"","newcertificate":"","custodianname":"","custodianaddress":"","citizenship":"NO","pep":"NO","rst":"NOT NEGATIVE RESULT","registerlocation":""},"categories":{"0":"Officer"},"statistics":{"digest":{"0":{"edgeType":"is officer of","nodeCategories":{"0":"Company"},"nodes":1,"edges":1}},"edgeCount":1,"visibleEdgeCount":1,"hiddenEdgeCount":0}},"label":"FUNDACION TIERRA FELIZ","x":-15.724079119086454,"y":-95.00720717781405,"fixed":true,"size":1,"glyphs":{"0":{"draw":false,"position":"top-right","content":"0"},"1":{"draw":true,"position":"bottom-right","font":"FontAwesome","textColor":"#000","content":""}},"active":false,"color":"#be4400","icon":{"font":"FontAwesome","scale":1,"color":"#fff","content":""},"colors":{"0":"#be4400"},"fa2_x":-15.302,"fa2_y":-85.118,"read_cam0:size":5,"read_cam0:x":-15.724079119086454,"read_cam0:y":-95.00720717781405,"renderer1:x":1484.2643743251233,"renderer1:y":193.85008033287892,"renderer1:size":14.617784919953273},{"id":363787,"nodelink":{"x":-10.587,"y":-0.676,"fixed":true},"geo":{"latitudeDiff":0,"longitudeDiff":0},"data":{"properties":{"name":"FUNDACIÓN BAHIA SERENA","certificateNumber":"41","numbershares":"5","classofshares":"","dateofissue":"25-09-2012","ceasedmembership":"","transferdate":"","sharestransferred":"","newcertificate":"","custodianname":"","custodianaddress":"","citizenship":"NO","pep":"NO","rst":"NOT NEGATIVE RESULT","registerlocation":""},"categories":{"0":"Officer"},"statistics":{"digest":{"0":{"edgeType":"is officer of","nodeCategories":{"0":"Company"},"nodes":1,"edges":1}},"edgeCount":1,"visibleEdgeCount":1,"hiddenEdgeCount":0}},"label":"FUNDACIÓN BAHIA SERENA","x":-16.178821370309947,"y":-73.17957911908647,"fixed":true,"size":1,"glyphs":{"0":{"draw":false,"position":"top-right","content":"0"},"1":{"draw":true,"position":"bottom-right","font":"FontAwesome","textColor":"#000","content":""}},"active":false,"color":"#be4400","icon":{"font":"FontAwesome","scale":1,"color":"#fff","content":""},"colors":{"0":"#be4400"},"fa2_x":-10.587,"fa2_y":-0.676,"read_cam0:size":5,"read_cam0:x":-16.178821370309947,"read_cam0:y":-73.17957911908647,"renderer1:x":1482.525954118101,"renderer1:y":277.2942502699506,"renderer1:size":14.617784919953273},{"id":363850,"nodelink":{"x":-12.731,"y":104.77,"fixed":true},"geo":{"latitudeDiff":0,"longitudeDiff":0},"data":{"properties":{"name":"FUNDACIÓN CABO OLAS","certificateNumber":"40","numbershares":"5","classofshares":"","dateofissue":"25-09-2012","ceasedmembership":"","transferdate":"","sharestransferred":"","newcertificate":"","custodianname":"","custodianaddress":"","citizenship":"NO","pep":"NO","rst":"NOT NEGATIVE RESULT","registerlocation":""},"categories":{"0":"Officer"},"statistics":{"digest":{"0":{"edgeType":"is officer of","nodeCategories":{"0":"Company"},"nodes":1,"edges":1}},"edgeCount":1,"visibleEdgeCount":1,"hiddenEdgeCount":0}},"label":"FUNDACIÓN CABO OLAS","x":-15.269336867862961,"y":-100.91885644371943,"fixed":true,"size":1,"glyphs":{"0":{"draw":false,"position":"top-right","content":"0"},"1":{"draw":true,"position":"bottom-right","font":"FontAwesome","textColor":"#000","content":""}},"active":false,"color":"#be4400","icon":{"font":"FontAwesome","scale":1,"color":"#fff","content":""},"colors":{"0":"#be4400"},"fa2_x":-12.731,"fa2_y":104.77,"read_cam0:size":5,"read_cam0:x":-15.269336867862961,"read_cam0:y":-100.91885644371943,"renderer1:x":1486.0027945321456,"renderer1:y":171.25061764158863,"renderer1:size":14.617784919953273},{"id":363999,"nodelink":{"x":-15.302,"y":-51.255,"fixed":true},"geo":{"latitudeDiff":0,"longitudeDiff":0},"data":{"properties":{"name":"FUNDACION BELLO AMANECER","certificateNumber":"33","numbershares":"100","classofshares":"","dateofissue":"28-10-2008","ceasedmembership":"14-08-2012","transferdate":"","sharestransferred":"","newcertificate":"","custodianname":"","custodianaddress":"","citizenship":"NO","pep":"NO","rst":"NOT NEGATIVE RESULT","registerlocation":""},"categories":{"0":"Officer"},"statistics":{"digest":{"0":{"edgeType":"is officer of","nodeCategories":{"0":"Company"},"nodes":1,"edges":1}},"edgeCount":1,"visibleEdgeCount":1,"hiddenEdgeCount":0}},"label":"FUNDACION BELLO AMANECER","x":-17.088305872756933,"y":-83.63865089722677,"fixed":true,"size":1,"glyphs":{"0":{"draw":false,"position":"top-right","content":"0"},"1":{"draw":true,"position":"bottom-right","font":"FontAwesome","textColor":"#000","content":""}},"active":false,"color":"#be4400","icon":{"font":"FontAwesome","scale":1,"color":"#fff","content":""},"colors":{"0":"#be4400"},"fa2_x":-15.302,"fa2_y":-51.255,"read_cam0:size":5,"read_cam0:x":-17.088305872756933,"read_cam0:y":-83.63865089722677,"renderer1:x":1479.0491137040563,"renderer1:y":237.3105855084371,"renderer1:size":14.617784919953273},{"id":667764,"data":{"properties":{"name":"Alfredo Ovalle Rodríguez"},"categories":{"0":"Officer"},"statistics":{"digest":{"0":{"edgeType":"is officer of","nodeCategories":{"0":"Company"},"nodes":1,"edges":1}},"edgeCount":1,"visibleEdgeCount":1,"hiddenEdgeCount":0}},"x":-16.178821370309947,"y":-115.92535073409461,"label":"Alfredo Ovalle Rodríguez","size":1,"glyphs":{"0":{"draw":false,"position":"top-right","content":"0"},"1":{"draw":true,"position":"bottom-right","font":"FontAwesome","textColor":"#000","content":""}},"colors":{"0":"#be4400"},"color":"#be4400","icon":{"font":"FontAwesome","scale":1,"color":"#fff","content":""},"fa2_x":-47.0552978515625,"fa2_y":-29.97357940673828,"fixed":true,"read_cam0:size":5,"read_cam0:x":-16.178821370309947,"read_cam0:y":-115.92535073409461,"renderer1:x":1482.525954118101,"renderer1:y":113.88275080985198,"renderer1:size":14.617784919953273}],"edges":[{"id":789787,"source":590829,"target":99200,"data":{"properties":{},"type":"registered"},"label":"registered","size":1,"active":false,"color":"#8a6960","hover":false,"read_cam0:size":2,"renderer1:size":5.847113967981309},{"id":69536,"source":667764,"target":99200,"data":{"properties":{"name":"Beneficial Owner","date_start":"10/04/96","date_end":""},"type":"is officer of"},"label":"Beneficial Owner","size":1,"color":"#d48a60","hover":false,"read_cam0:size":2,"renderer1:size":5.847113967981309},{"id":579771,"source":361115,"target":99200,"data":{"properties":{"name":"Shareholder"},"type":"is officer of"},"label":"Shareholder","size":1,"color":"#d48a60","hover":false,"read_cam0:size":2,"renderer1:size":5.847113967981309},{"id":579772,"source":472951,"target":99200,"data":{"properties":{"name":"Shareholder"},"type":"is officer of"},"label":"Shareholder","size":1,"color":"#d48a60","hover":false,"read_cam0:size":2,"renderer1:size":5.847113967981309},{"id":579773,"source":361416,"target":99200,"data":{"properties":{"name":"Shareholder"},"type":"is officer of"},"label":"Shareholder","size":1,"color":"#d48a60","hover":false,"read_cam0:size":2,"renderer1:size":5.847113967981309},{"id":579774,"source":472936,"target":99200,"data":{"properties":{"name":"Shareholder"},"type":"is officer of"},"label":"Shareholder","size":1,"color":"#d48a60","hover":false,"read_cam0:size":2,"renderer1:size":5.847113967981309},{"id":579775,"source":472953,"target":99200,"data":{"properties":{"name":"Shareholder"},"type":"is officer of"},"label":"Shareholder","size":1,"color":"#d48a60","hover":false,"read_cam0:size":2,"renderer1:size":5.847113967981309},{"id":579776,"source":472952,"target":99200,"data":{"properties":{"name":"Shareholder"},"type":"is officer of"},"label":"Shareholder","size":1,"color":"#d48a60","hover":false,"read_cam0:size":2,"renderer1:size":5.847113967981309},{"id":579777,"source":472937,"target":99200,"data":{"properties":{"name":"Shareholder"},"type":"is officer of"},"label":"Shareholder","size":1,"color":"#d48a60","hover":false,"read_cam0:size":2,"renderer1:size":5.847113967981309},{"id":579778,"source":472949,"target":99200,"data":{"properties":{"name":"Shareholder"},"type":"is officer of"},"label":"Shareholder","size":1,"color":"#d48a60","hover":false,"read_cam0:size":2,"renderer1:size":5.847113967981309},{"id":579779,"source":472948,"target":99200,"data":{"properties":{"name":"Shareholder"},"type":"is officer of"},"label":"Shareholder","size":1,"color":"#d48a60","hover":false,"read_cam0:size":2,"renderer1:size":5.847113967981309},{"id":579780,"source":472947,"target":99200,"data":{"properties":{"name":"Shareholder"},"type":"is officer of"},"label":"Shareholder","size":1,"color":"#d48a60","hover":false,"read_cam0:size":2,"renderer1:size":5.847113967981309},{"id":579781,"source":472946,"target":99200,"data":{"properties":{"name":"Shareholder"},"type":"is officer of"},"label":"Shareholder","size":1,"color":"#d48a60","hover":false,"read_cam0:size":2,"renderer1:size":5.847113967981309},{"id":579782,"source":472945,"target":99200,"data":{"properties":{"name":"Shareholder"},"type":"is officer of"},"label":"Shareholder","size":1,"color":"#d48a60","hover":false,"read_cam0:size":2,"renderer1:size":5.847113967981309},{"id":579783,"source":472944,"target":99200,"data":{"properties":{"name":"Shareholder"},"type":"is officer of"},"label":"Shareholder","size":1,"color":"#d48a60","hover":false,"read_cam0:size":2,"renderer1:size":5.847113967981309},{"id":579784,"source":472943,"target":99200,"data":{"properties":{"name":"Shareholder"},"type":"is officer of"},"label":"Shareholder","size":1,"color":"#d48a60","hover":false,"read_cam0:size":2,"renderer1:size":5.847113967981309},{"id":579785,"source":472942,"target":99200,"data":{"properties":{"name":"Shareholder"},"type":"is officer of"},"label":"Shareholder","size":1,"color":"#d48a60","hover":false,"read_cam0:size":2,"renderer1:size":5.847113967981309},{"id":579786,"source":472940,"target":99200,"data":{"properties":{"name":"Shareholder"},"type":"is officer of"},"label":"Shareholder","size":1,"color":"#d48a60","read_cam0:size":2,"renderer1:size":5.847113967981309},{"id":579787,"source":472950,"target":99200,"data":{"properties":{"name":"Shareholder"},"type":"is officer of"},"label":"Shareholder","size":1,"color":"#d48a60","hover":false,"read_cam0:size":2,"renderer1:size":5.847113967981309},{"id":579788,"source":472941,"target":99200,"data":{"properties":{"name":"Shareholder"},"type":"is officer of"},"label":"Shareholder","size":1,"color":"#d48a60","hover":false,"read_cam0:size":2,"renderer1:size":5.847113967981309},{"id":579789,"source":361437,"target":99200,"data":{"properties":{"name":"Shareholder"},"type":"is officer of"},"label":"Shareholder","size":1,"color":"#d48a60","hover":false,"read_cam0:size":2,"renderer1:size":5.847113967981309},{"id":579791,"source":361739,"target":99200,"data":{"properties":{"name":"Shareholder"},"type":"is officer of"},"label":"Shareholder","size":1,"color":"#d48a60","hover":false,"read_cam0:size":2,"renderer1:size":5.847113967981309},{"id":587007,"source":363787,"target":99200,"data":{"properties":{"name":"Shareholder"},"type":"is officer of"},"label":"Shareholder","size":1,"color":"#d48a60","hover":false,"read_cam0:size":2,"renderer1:size":5.847113967981309},{"id":587008,"source":363850,"target":99200,"data":{"properties":{"name":"Shareholder"},"type":"is officer of"},"label":"Shareholder","size":1,"color":"#d48a60","hover":false,"read_cam0:size":2,"renderer1:size":5.847113967981309},{"id":587009,"source":363999,"target":99200,"data":{"properties":{"name":"Shareholder"},"type":"is officer of"},"label":"Shareholder","size":1,"color":"#d48a60","hover":false,"read_cam0:size":2,"renderer1:size":5.847113967981309}]}