{"nodes":[{"id":153309,"nodelink":{"x":8.003,"y":12.391},"geo":{"latitudeDiff":0,"longitudeDiff":0},"selected":true,"data":{"properties":{"file_number":"2541","jurisdiction":"PMA","name":"BLAIRMORE HOLDINGS, INC.","status":"ACT","inactivationDate":"","struck_off_date":"","registrationDate":"04-MAY-1982"},"categories":{"0":"Company"},"statistics":{"digest":{"0":{"edgeType":"is officer of","nodeCategories":{"0":"Officer"},"nodes":1,"edges":1},"1":{"edgeType":"registered","nodeCategories":{"0":"Client"},"nodes":1,"edges":1}},"edgeCount":2,"visibleEdgeCount":2,"hiddenEdgeCount":0}},"label":"BLAIRMORE HOLDINGS, INC.","x":-2.4582161664962756,"y":-11.048019981384279,"fixed":true,"size":1,"glyphs":{"0":{"draw":false,"position":"top-right","content":"0"},"1":{"draw":true,"position":"bottom-right","font":"FontAwesome","textColor":"#000","content":""}},"active":true,"color":"#420e00","icon":{"font":"FontAwesome","scale":1,"color":"#fff","content":""},"colors":{"0":"#420e00"},"fa2_x":-5.57501220703125,"fa2_y":-18.401968002319336,"read_cam0:size":5,"read_cam0:x":-2.4582161664962756,"read_cam0:y":-11.048019981384279,"renderer1:x":1364,"renderer1:y":240.5,"renderer1:size":31.547867224009664},{"id":587642,"nodelink":{"x":-6.342,"y":-9.819},"geo":{"latitudeDiff":0,"longitudeDiff":0},"data":{"properties":{"name":"SG HAMBROS BANK & TRUST (BAHAMAS) LIMITED","status":"ACTIVE","client_number":"74","client_name":"SG HAMBROS BANK & TRUST (BAHAMAS) LIMITED","prospect_date":"","active_since":"23-MAR-1999","country":"BAHAMAS","city":"NASSAU","former_name":"COUTTS & CO. (BAHAMAS) LIMITED","cross_reference":"","activity":"BANK","classification":"Special rates","subclassification":"Professional Fees","region":"PROFESSIONAL CLIENTS","compliance_classification":"INTERMEDIARY"},"categories":{"0":"Client"},"statistics":{"digest":{"0":{"edgeType":"registered","nodeCategories":{"0":"Company"},"nodes":54,"edges":54}},"edgeCount":54,"visibleEdgeCount":1,"hiddenEdgeCount":53}},"label":"SG HAMBROS BANK & TRUST (BAHAMAS) LIMITED","x":-24.858216166496277,"y":4.451980018615721,"fixed":true,"size":1,"glyphs":{"0":{"draw":true,"position":"top-right","content":"53"},"1":{"draw":true,"position":"bottom-right","font":"FontAwesome","textColor":"#000","content":""}},"active":false,"color":"#851d00","icon":{"font":"FontAwesome","scale":1,"color":"#fff","content":""},"colors":{"0":"#851d00"},"fa2_x":0.5645325183868408,"fa2_y":0.9740239381790161,"read_cam0:size":5,"read_cam0:x":-24.858216166496277,"read_cam0:y":4.451980018615721,"renderer1:x":1140,"renderer1:y":395.5,"renderer1:size":31.547867224009664},{"id":667737,"data":{"properties":{"name":"Ian Cameron"},"categories":{"0":"Officer"},"statistics":{"digest":{"0":{"edgeType":"is officer of","nodeCategories":{"0":"Company"},"nodes":1,"edges":1}},"edgeCount":1,"visibleEdgeCount":1,"hiddenEdgeCount":0}},"x":3.141783833503725,"y":12.65198001861572,"label":"Ian Cameron","size":1,"glyphs":{"0":{"draw":false,"position":"top-right","content":"0"},"1":{"draw":true,"position":"bottom-right","font":"FontAwesome","textColor":"#000","content":""}},"colors":{"0":"#be4400"},"color":"#be4400","icon":{"font":"FontAwesome","scale":1,"color":"#fff","content":""},"fa2_x":3.8585798740386963,"fa2_y":19.00592803955078,"fixed":true,"read_cam0:size":5,"read_cam0:x":3.141783833503725,"read_cam0:y":12.65198001861572,"renderer1:x":1420,"renderer1:y":477.5,"renderer1:size":31.547867224009664}],"edges":[{"id":641879,"source":587642,"target":153309,"data":{"properties":{},"type":"registered"},"label":"registered","size":1,"active":false,"color":"#8a6960","hover":false,"read_cam0:size":2,"renderer1:size":12.619146889603865},{"id":69461,"source":667737,"target":153309,"data":{"properties":{"name":"Director","date_start":"21/02/1989","date_end":""},"type":"is officer of"},"label":"Director","size":1,"color":"#d48a60","hover":false,"read_cam0:size":2,"renderer1:size":12.619146889603865}]}