{"nodes":[{"id":184011,"nodelink":{"x":-8.472,"y":6.145,"fixed":true},"geo":{"latitudeDiff":0,"longitudeDiff":0},"data":{"properties":{"file_number":"9500049","jurisdiction":"BLZ","name":"MF & CO. (BELIZE) LIMITED.","status":"ACT","inactivationDate":"","struck_off_date":"","registrationDate":"13-AUG-2013"},"categories":{"0":"Company"},"statistics":{"digest":{"0":{"edgeType":"is officer of","nodeCategories":{"0":"Officer"},"nodes":2,"edges":2},"1":{"edgeType":"registered","nodeCategories":{"0":"Client"},"nodes":1,"edges":1}},"edgeCount":3,"visibleEdgeCount":3,"hiddenEdgeCount":0}},"label":"MF & CO. (BELIZE) LIMITED.","x":-1.5999999999999965,"y":9.299999999999994,"fixed":true,"size":1,"glyphs":{"0":{"draw":false,"position":"top-right","content":"0"},"1":{"draw":true,"position":"bottom-right","font":"FontAwesome","textColor":"#000","content":""}},"colors":{"0":"#420e00"},"color":"#420e00","icon":{"font":"FontAwesome","scale":1,"color":"#fff","content":""},"read_cam0:size":5,"read_cam0:x":-1.5999999999999965,"read_cam0:y":9.299999999999994,"renderer1:x":1387.885,"renderer1:y":538,"renderer1:size":31.547867224009664},{"id":590120,"nodelink":{"x":11.128,"y":-11.455,"fixed":true},"geo":{"latitudeDiff":0,"longitudeDiff":0},"data":{"properties":{"name":"CORPORATE INTERNAL SYSTEM","client_number":"34726","client_name":"CORPORATE INTERNAL SYSTEM"},"categories":{"0":"Client"},"statistics":{"digest":{"0":{"edgeType":"registered","nodeCategories":{"0":"Company"},"nodes":232,"edges":232}},"edgeCount":232,"visibleEdgeCount":1,"hiddenEdgeCount":231}},"label":"CORPORATE INTERNAL SYSTEM","x":11.128,"y":-11.455,"fixed":true,"size":1,"glyphs":{"0":{"draw":true,"position":"top-right","content":"231"}},"colors":{"0":"#851d00"},"color":"#851d00","icon":{"font":"FontAwesome","scale":1,"color":"#fff","content":""},"read_cam0:size":5,"read_cam0:x":11.128,"read_cam0:y":-11.455,"renderer1:x":1515.165,"renderer1:y":330.4500000000001,"renderer1:size":31.547867224009664},{"id":333537,"nodelink":{"x":-35.905,"y":-14.599,"fixed":true},"geo":{"latitudeDiff":0,"longitudeDiff":0},"data":{"properties":{"name":"MOSSFON HOLDINGS LTD.","certificateNumber":"","numbershares":"1","classofshares":"","dateofissue":"15-10-2013","ceasedmembership":"","transferdate":"","sharestransferred":"","newcertificate":"","custodianname":"","custodianaddress":"","citizenship":"NO","pep":"NO","rst":"NOT NEGATIVE RESULT","registerlocation":""},"categories":{"0":"Officer"},"statistics":{"digest":{"0":{"edgeType":"is officer of","nodeCategories":{"0":"Company"},"nodes":1,"edges":1}},"edgeCount":1,"visibleEdgeCount":1,"hiddenEdgeCount":0}},"label":"MOSSFON HOLDINGS LTD.","x":-35.905,"y":-14.599,"fixed":true,"size":1,"glyphs":{"0":{"draw":false,"position":"top-right","content":"0"}},"colors":{"0":"#be4400"},"color":"#be4400","icon":{"font":"FontAwesome","scale":1,"color":"#fff","content":""},"read_cam0:size":5,"read_cam0:x":-35.905,"read_cam0:y":-14.599,"renderer1:x":1044.835,"renderer1:y":299.0100000000001,"renderer1:size":31.547867224009664},{"id":329226,"nodelink":{"x":-16.729,"y":-22.705,"fixed":true},"geo":{"latitudeDiff":0,"longitudeDiff":0},"data":{"properties":{"name":"M.F. PRIVATE HOLDINGS LIMITED","certificateNumber":"1","numbershares":"100","classofshares":"","dateofissue":"23-04-2009","ceasedmembership":"","transferdate":"","sharestransferred":"","newcertificate":"","custodianname":"","custodianaddress":"","citizenship":"NO","pep":"NO","rst":"NOT NEGATIVE RESULT","registerlocation":""},"categories":{"0":"Officer"},"statistics":{"digest":{"0":{"edgeType":"is officer of","nodeCategories":{"0":"Company"},"nodes":3,"edges":3}},"edgeCount":3,"visibleEdgeCount":1,"hiddenEdgeCount":2}},"label":"M.F. PRIVATE HOLDINGS LIMITED","x":-4.199999999999997,"y":-26.50000000000001,"fixed":true,"size":1,"glyphs":{"0":{"draw":true,"position":"top-right","content":"2"},"1":{"draw":true,"position":"bottom-right","font":"FontAwesome","textColor":"#000","content":""}},"colors":{"0":"#be4400"},"color":"#be4400","icon":{"font":"FontAwesome","scale":1,"color":"#fff","content":""},"read_cam0:size":5,"read_cam0:x":-4.199999999999997,"read_cam0:y":-26.50000000000001,"renderer1:x":1361.885,"renderer1:y":180,"renderer1:size":31.547867224009664}],"edges":[{"id":790074,"source":590120,"target":184011,"data":{"properties":{},"type":"registered"},"label":"registered","size":1,"color":"#8a6960","hover":false,"read_cam0:size":2,"renderer1:size":12.619146889603865},{"id":596143,"source":329226,"target":184011,"data":{"properties":{"name":"Shareholder"},"type":"is officer of"},"label":"Shareholder","size":1,"color":"#d48a60","hover":false,"read_cam0:size":2,"renderer1:size":12.619146889603865},{"id":596144,"source":333537,"target":184011,"data":{"properties":{"name":"Shareholder"},"type":"is officer of"},"label":"Shareholder","size":1,"color":"#d48a60","hover":false,"read_cam0:size":2,"renderer1:size":12.619146889603865}]}