{"nodes":[{"id":40537,"nodelink":{"x":-70.391,"y":-38.876,"fixed":true},"geo":{"latitudeDiff":0,"longitudeDiff":0},"selected":true,"data":{"properties":{"file_number":"211356","jurisdiction":"SEY","name":"CERMAN GROUP LIMITED","status":"MOR","inactivationDate":"19-JAN-2015","struck_off_date":"31-DEC-2014","registrationDate":"27-OCT-2009"},"categories":{"0":"Company"},"statistics":{"digest":{"0":{"edgeType":"is officer of","nodeCategories":{"0":"Officer"},"nodes":3,"edges":3},"1":{"edgeType":"registered","nodeCategories":{"0":"Client"},"nodes":1,"edges":1}},"edgeCount":4,"visibleEdgeCount":4,"hiddenEdgeCount":0}},"label":"CERMAN GROUP LIMITED","x":-70.391,"y":-38.876,"fixed":true,"size":1,"glyphs":{"0":{"draw":false,"position":"top-right","content":"0"}},"active":true,"colors":{"0":"#420e00"},"color":"#420e00","icon":{"font":"FontAwesome","scale":1,"color":"#fff","content":""},"read_cam0:size":5,"read_cam0:x":-70.391,"read_cam0:y":-38.876,"renderer1:x":1238.32,"renderer1:y":248.05500000000006,"renderer1:size":31.547867224009664},{"id":593773,"nodelink":{"x":-85.298,"y":-46.913,"fixed":true},"geo":{"latitudeDiff":0,"longitudeDiff":0},"data":{"properties":{"name":"MONFORT CAPITAL PARTNERS JLT","client_number":"90292","client_name":"MONFORT CAPITAL PARTNERS JLT"},"categories":{"0":"Client"},"statistics":{"digest":{"0":{"edgeType":"registered","nodeCategories":{"0":"Company"},"nodes":370,"edges":370}},"edgeCount":370,"visibleEdgeCount":1,"hiddenEdgeCount":369}},"label":"MONFORT CAPITAL PARTNERS JLT","x":-85.298,"y":-46.913,"fixed":true,"size":1,"glyphs":{"0":{"draw":true,"position":"top-right","content":"369"}},"active":false,"colors":{"0":"#851d00"},"color":"#851d00","icon":{"font":"FontAwesome","scale":1,"color":"#fff","content":""},"read_cam0:size":5,"read_cam0:x":-85.298,"read_cam0:y":-46.913,"renderer1:x":1089.25,"renderer1:y":167.68500000000006,"renderer1:size":31.547867224009664},{"id":660338,"nodelink":{"x":-47.565,"y":-21.679,"fixed":true},"geo":{"latitudeDiff":0,"longitudeDiff":0},"data":{"properties":{"name":"Mr. Jerome Andre CAHUZAC","citizenship":"NO","pep":"NO","passport_copy":"Y"},"categories":{"0":"Officer"},"statistics":{"digest":{"0":{"edgeType":"registered address","nodeCategories":{"0":"Address"},"nodes":1,"edges":1},"1":{"edgeType":"is officer of","nodeCategories":{"0":"Company"},"nodes":1,"edges":1}},"edgeCount":2,"visibleEdgeCount":2,"hiddenEdgeCount":0}},"label":"Mr. Jerome Andre CAHUZAC","x":-47.565,"y":-21.679,"fixed":true,"size":1,"glyphs":{"0":{"draw":false,"position":"top-right","content":"0"}},"active":false,"colors":{"0":"#be4400"},"color":"#be4400","icon":{"font":"FontAwesome","scale":1,"color":"#fff","content":""},"read_cam0:size":5,"read_cam0:x":-47.565,"read_cam0:y":-21.679,"renderer1:x":1466.58,"renderer1:y":420.0250000000001,"renderer1:size":31.547867224009664},{"id":665818,"nodelink":{"x":-47.148,"y":-8.65,"fixed":true},"geo":{"latitudeDiff":0,"longitudeDiff":0},"data":{"properties":{"name":"85 avenue de Breteuil<br/>75007 Paris<br/>France"},"categories":{"0":"Address"},"statistics":{"digest":{"0":{"edgeType":"registered address","nodeCategories":{"0":"Officer"},"nodes":1,"edges":1}},"edgeCount":1,"visibleEdgeCount":1,"hiddenEdgeCount":0}},"label":"85 avenue de Breteuil<br/>75007 Paris<br/>France","x":-47.148,"y":-8.65,"fixed":true,"size":1,"glyphs":{"0":{"draw":false,"position":"top-right","content":"0"}},"active":false,"colors":{"0":"#937c6f"},"color":"#937c6f","icon":{"font":"FontAwesome","scale":1,"color":"#fff","content":""},"read_cam0:size":5,"read_cam0:x":-47.148,"read_cam0:y":-8.65,"renderer1:x":1470.75,"renderer1:y":550.315,"renderer1:size":31.547867224009664},{"id":492434,"nodelink":{"x":-77.791,"y":-15.946,"fixed":true},"geo":{"latitudeDiff":0,"longitudeDiff":0},"data":{"properties":{"name":"TALWAY INTERNATIONAL CORP.","certificateNumber":"1","numbershares":"50,000","classofshares":"","dateofissue":"05-11-2010","ceasedmembership":"","transferdate":"","sharestransferred":"","newcertificate":"","custodianname":"","custodianaddress":"","citizenship":"NO","pep":"NO","rst":"NOT NEGATIVE RESULT","registerlocation":""},"categories":{"0":"Officer"},"statistics":{"digest":{"0":{"edgeType":"has similar name and address as","nodeCategories":{"0":"Officer"},"nodes":4,"edges":4},"1":{"edgeType":"registered address","nodeCategories":{"0":"Address"},"nodes":1,"edges":1},"2":{"edgeType":"is officer of","nodeCategories":{"0":"Company"},"nodes":61,"edges":61}},"edgeCount":66,"visibleEdgeCount":1,"hiddenEdgeCount":65}},"label":"TALWAY INTERNATIONAL CORP.","x":-77.791,"y":-15.946,"fixed":true,"size":1,"glyphs":{"0":{"draw":true,"position":"top-right","content":"65"}},"active":false,"colors":{"0":"#be4400"},"color":"#be4400","icon":{"font":"FontAwesome","scale":1,"color":"#fff","content":""},"read_cam0:size":5,"read_cam0:x":-77.791,"read_cam0:y":-15.946,"renderer1:x":1164.3200000000002,"renderer1:y":477.355,"renderer1:size":31.547867224009664},{"id":667728,"nodelink":{"x":-47.565,"y":-29.183,"fixed":true},"geo":{"latitudeDiff":0,"longitudeDiff":0},"data":{"properties":{"name":"Jérôme Cahuzac"},"categories":{"0":"Officer"},"statistics":{"digest":{"0":{"edgeType":"is officer of","nodeCategories":{"0":"Company"},"nodes":1,"edges":1}},"edgeCount":1,"visibleEdgeCount":1,"hiddenEdgeCount":0}},"label":"Jérôme Cahuzac","x":-47.565,"y":-29.183,"fixed":true,"size":1,"glyphs":{"0":{"draw":false,"position":"top-right","content":"0"}},"active":false,"colors":{"0":"#be4400"},"color":"#be4400","icon":{"font":"FontAwesome","scale":1,"color":"#fff","content":""},"read_cam0:size":5,"read_cam0:x":-47.565,"read_cam0:y":-29.183,"renderer1:x":1466.58,"renderer1:y":344.98500000000007,"renderer1:size":31.547867224009664}],"edges":[{"id":627630,"source":593773,"target":40537,"data":{"properties":{},"type":"registered"},"label":"registered","size":1,"active":false,"color":"#8a6960","read_cam0:size":2,"renderer1:size":12.619146889603865},{"id":335574,"source":660338,"target":665818,"data":{"properties":{},"type":"registered address"},"label":"registered address","size":1,"active":false,"color":"#baaba3","read_cam0:size":2,"renderer1:size":12.619146889603865},{"id":60950,"source":660338,"target":40537,"data":{"properties":{"name":"Beneficiay"},"type":"is officer of"},"label":"Beneficiay","size":1,"active":false,"color":"#d48a60","read_cam0:size":2,"renderer1:size":12.619146889603865},{"id":69447,"source":667728,"target":40537,"data":{"properties":{"date_end":"","name":"Beneficial owner","date_start":""},"type":"is officer of"},"label":"Beneficial owner","size":1,"active":false,"color":"#d48a60","read_cam0:size":2,"renderer1:size":12.619146889603865},{"id":483752,"source":492434,"target":40537,"data":{"properties":{"name":"Shareholder"},"type":"is officer of"},"label":"Shareholder","size":1,"active":false,"color":"#d48a60","read_cam0:size":2,"renderer1:size":12.619146889603865}]}