{"nodes":[{"id":636306,"nodelink":{"x":-16.053,"y":2.683,"fixed":true},"geo":{"latitudeDiff":0,"longitudeDiff":0},"selected":true,"data":{"properties":{"name":"Ali Ahmed El-Mirghani","certificateNumber":"6","numbershares":"4,242","classofshares":"","dateofissue":"10-05-2011","ceasedmembership":"","transferdate":"","sharestransferred":"","newcertificate":"","custodianname":"","custodianaddress":"","citizenship":"NO","pep":"NO","rst":"NOT NEGATIVE RESULT","registerlocation":"Akara Building   24 de Castro Street   Wickhams Cay I   Road Town   Tortola   British Virgin Islands"},"categories":{"0":"Officer"},"statistics":{"digest":{"0":{"edgeType":"registered address","nodeCategories":{"0":"Address"},"nodes":1,"edges":1},"1":{"edgeType":"is officer of","nodeCategories":{"0":"Company"},"nodes":1,"edges":1}},"edgeCount":2,"visibleEdgeCount":2,"hiddenEdgeCount":0}},"label":"Ali Ahmed El-Mirghani","x":-16.053,"y":2.683,"fixed":true,"size":1,"glyphs":{"0":{"draw":false,"position":"top-right","content":"0"}},"active":true,"color":"#be4400","icon":{"font":"FontAwesome","scale":1,"color":"#fff","content":""},"fa2_x":-16.053,"fa2_y":2.683,"colors":{"0":"#be4400"},"read_cam0:size":5,"read_cam0:x":-16.053,"read_cam0:y":2.683,"renderer1:x":1239.9031612472534,"renderer1:y":465.0821075820923,"renderer1:size":31.547867224009664},{"id":205372,"nodelink":{"x":-1.053,"y":-26.817,"fixed":true},"geo":{"latitudeDiff":0,"longitudeDiff":0},"data":{"properties":{"file_number":"515370","jurisdiction":"BVI","name":"ORANGE STAR CORPORATION","status":"ACT","inactivationDate":"","struck_off_date":"","registrationDate":"05-OCT-1995"},"categories":{"0":"Company"},"statistics":{"digest":{"0":{"edgeType":"is officer of","nodeCategories":{"0":"Officer"},"nodes":7,"edges":7},"1":{"edgeType":"registered","nodeCategories":{"0":"Client"},"nodes":1,"edges":1}},"edgeCount":8,"visibleEdgeCount":2,"hiddenEdgeCount":6}},"label":"ORANGE STAR CORPORATION","x":-1.053,"y":-26.817,"fixed":true,"size":1,"glyphs":{"0":{"draw":true,"position":"top-right","content":"6"}},"active":false,"color":"#420e00","icon":{"font":"FontAwesome","scale":1,"color":"#fff","content":""},"fa2_x":-1.053,"fa2_y":-26.817,"colors":{"0":"#420e00"},"read_cam0:size":5,"read_cam0:x":-1.053,"read_cam0:y":-26.817,"renderer1:x":1389.9031612472534,"renderer1:y":170.0821075820923,"renderer1:size":31.547867224009664},{"id":667765,"data":{"properties":{"name":"Ahmad Ali al-Mirghani"},"categories":{"0":"Officer"},"statistics":{"digest":{"0":{"edgeType":"is officer of","nodeCategories":{"0":"Company"},"nodes":1,"edges":1}},"edgeCount":1,"visibleEdgeCount":1,"hiddenEdgeCount":0}},"x":-32.347525117492665,"y":-13.04676004028322,"label":"Ahmad Ali al-Mirghani","size":1,"glyphs":{"0":{"draw":false,"position":"top-right","content":"0"},"1":{"draw":true,"position":"bottom-right","font":"FontAwesome","textColor":"#000","content":""}},"color":"#be4400","icon":{"font":"FontAwesome","scale":1,"color":"#fff","content":""},"fa2_x":-32.347525117492665,"fa2_y":-13.04676004028322,"fixed":true,"active":false,"colors":{"0":"#be4400"},"read_cam0:size":5,"read_cam0:x":-32.347525117492665,"read_cam0:y":-13.04676004028322,"renderer1:x":1076.9579100723267,"renderer1:y":307.7845071792601,"renderer1:size":31.547867224009664},{"id":645302,"data":{"properties":{"name":"El Mirghani House; 75 Moustafa Abou Heif Street; Gelem; Alexandria; Egypt"},"categories":{"0":"Address"},"statistics":{"digest":{"0":{"edgeType":"registered address","nodeCategories":{"0":"Officer"},"nodes":4,"edges":4}},"edgeCount":4,"visibleEdgeCount":1,"hiddenEdgeCount":3}},"x":8.260892868041992,"y":10.966578483581543,"label":"El Mirghani House; 75 Moustafa Abou Heif Street; Gelem; Alexandria; Egypt","size":1,"glyphs":{"0":{"draw":true,"position":"top-right","content":"3"}},"colors":{"0":"#937c6f"},"color":"#937c6f","icon":{"font":"FontAwesome","scale":1,"color":"#fff","content":""},"fa2_x":8.260892868041992,"fa2_y":10.966578483581543,"read_cam0:size":5,"read_cam0:x":8.260892868041992,"read_cam0:y":10.966578483581543,"renderer1:x":1483.0420899276733,"renderer1:y":547.9178924179078,"renderer1:size":31.547867224009664}],"edges":[{"id":497506,"source":636306,"target":205372,"data":{"properties":{"name":"Shareholder"},"type":"is officer of"},"label":"Shareholder","size":1,"color":"#d48a60","hover":false,"active":false,"read_cam0:size":2,"renderer1:size":12.619146889603865},{"id":69537,"source":667765,"target":205372,"data":{"properties":{"name":"Owner","date_start":"07/11/1995","date_end":"02/11/2008"},"type":"is officer of"},"label":"Owner","size":1,"color":"#d48a60","hover":false,"active":false,"read_cam0:size":2,"renderer1:size":12.619146889603865},{"id":251322,"source":636306,"target":645302,"data":{"properties":{},"type":"registered address"},"label":"registered address","size":1,"color":"#baaba3","read_cam0:size":2,"renderer1:size":12.619146889603865}]}