{"nodes":[{"id":101753,"nodelink":{"x":-22,"y":-35.25,"fixed":true},"geo":{"latitudeDiff":0,"longitudeDiff":0},"selected":true,"data":{"properties":{"file_number":"6040946","jurisdiction":"BVI","name":"JAMEFIELD INVESTMENT INC.","status":"REN","inactivationDate":"","struck_off_date":"30-APR-2016","registrationDate":"01-JUL-2014"},"categories":{"0":"Company"},"statistics":{"digest":{"0":{"edgeType":"is officer of","nodeCategories":{"0":"Officer"},"nodes":2,"edges":3},"1":{"edgeType":"registered","nodeCategories":{"0":"Client"},"nodes":1,"edges":1}},"edgeCount":4,"visibleEdgeCount":4,"hiddenEdgeCount":0}},"label":"JAMEFIELD INVESTMENT INC.","x":-33,"y":-41.1,"fixed":true,"size":1,"glyphs":{"0":{"draw":false,"position":"top-right","content":"0"},"1":{"draw":true,"position":"bottom-right","font":"FontAwesome","textColor":"#000","content":""}},"active":true,"colors":{"0":"#420e00"},"color":"#420e00","icon":{"font":"FontAwesome","scale":1,"color":"#fff","content":""},"read_cam0:size":5,"read_cam0:x":-33,"read_cam0:y":-41.1,"renderer1:x":899.4545454545455,"renderer1:y":122.12987012987008,"renderer1:size":30.808204031289716},{"id":418847,"nodelink":{"x":43.4,"y":-4.9,"fixed":true},"geo":{"latitudeDiff":0,"longitudeDiff":0},"data":{"properties":{"name":"RICCARDO FRANCOLINI AROSEMENA","certificateNumber":"1","numbershares":"50,000","classofshares":"","dateofissue":"24-07-2014","ceasedmembership":"","transferdate":"","sharestransferred":"","newcertificate":"","custodianname":"","custodianaddress":"","citizenship":"YES","pep":"NO","rst":"NOT NEGATIVE RESULT","registerlocation":"50th Street   Tower Global Plaza   16th Floor   Ofic. D   Panama   Republic of Panama."},"categories":{"0":"Officer"},"statistics":{"digest":{"0":{"edgeType":"has similar name and address as","nodeCategories":{"0":"Officer"},"nodes":1,"edges":1},"1":{"edgeType":"registered address","nodeCategories":{"0":"Address"},"nodes":1,"edges":1},"2":{"edgeType":"is officer of","nodeCategories":{"0":"Company"},"nodes":2,"edges":4}},"edgeCount":6,"visibleEdgeCount":6,"hiddenEdgeCount":0}},"label":"RICCARDO FRANCOLINI AROSEMENA","x":45.39999999999999,"y":-22.7,"fixed":true,"size":1,"glyphs":{"0":{"draw":false,"position":"top-right","content":"0"},"1":{"draw":true,"position":"bottom-right","font":"FontAwesome","textColor":"#000","content":""}},"active":false,"colors":{"0":"#be4400"},"color":"#be4400","icon":{"font":"FontAwesome","scale":1,"color":"#fff","content":""},"read_cam0:size":5,"read_cam0:x":45.39999999999999,"read_cam0:y":-22.7,"renderer1:x":1660.5454545454545,"renderer1:y":300.75324675324674,"renderer1:size":30.808204031289716},{"id":587486,"nodelink":{"x":-3.5,"y":-11.65,"fixed":true},"geo":{"latitudeDiff":0,"longitudeDiff":0},"data":{"properties":{"name":"FERNANDEZ G., JUAN ANTONIO","status":"ACTIVE","client_number":"4129","client_name":"FERNANDEZ G., JUAN ANTONIO","prospect_date":"","active_since":"19-JUN-1992","country":"PANAMA","city":"PANAMA","former_name":"","cross_reference":"","activity":"ATTORNEY","classification":"Special rates","subclassification":"Competitor","region":"PROFESSIONAL CLIENTS","compliance_classification":"INTRODUCER"},"categories":{"0":"Client"},"statistics":{"digest":{"0":{"edgeType":"registered","nodeCategories":{"0":"Company"},"nodes":108,"edges":108}},"edgeCount":108,"visibleEdgeCount":2,"hiddenEdgeCount":106}},"label":"FERNANDEZ G., JUAN ANTONIO","x":-8.000000000000004,"y":-19.9,"fixed":true,"size":1,"glyphs":{"0":{"draw":true,"position":"top-right","content":"106"},"1":{"draw":true,"position":"bottom-right","font":"FontAwesome","textColor":"#000","content":""}},"active":false,"colors":{"0":"#851d00"},"color":"#851d00","icon":{"font":"FontAwesome","scale":1,"color":"#fff","content":""},"read_cam0:size":5,"read_cam0:x":-8.000000000000004,"read_cam0:y":-19.9,"renderer1:x":1142.1493506493507,"renderer1:y":327.93506493506493,"renderer1:size":30.808204031289716},{"id":517476,"nodelink":{"x":13.4,"y":11.45,"fixed":true},"geo":{"latitudeDiff":0,"longitudeDiff":0},"data":{"properties":{"name":"50th Street<br/>Tower Global Plaza<br/>16th Floor<br/>Ofic. D<br/>Panama<br/>Republic of Panama"},"categories":{"0":"Address"},"statistics":{"digest":{"0":{"edgeType":"registered address","nodeCategories":{"0":"Officer"},"nodes":2,"edges":2}},"edgeCount":2,"visibleEdgeCount":2,"hiddenEdgeCount":0}},"label":"50th Street<br/>Tower Global Plaza<br/>16th Floor<br/>Ofic. D<br/>Panama<br/>Republic of Panama","x":32.19999999999999,"y":-0.29999999999999716,"fixed":true,"size":1,"glyphs":{"0":{"draw":false,"position":"top-right","content":"0"},"1":{"draw":true,"position":"bottom-right","font":"FontAwesome","textColor":"#000","content":""}},"active":false,"colors":{"0":"#937c6f"},"color":"#937c6f","icon":{"font":"FontAwesome","scale":1,"color":"#fff","content":""},"read_cam0:size":5,"read_cam0:x":32.19999999999999,"read_cam0:y":-0.29999999999999716,"renderer1:x":1532.4025974025974,"renderer1:y":518.2077922077922,"renderer1:size":30.808204031289716},{"id":657420,"nodelink":{"x":-18.6,"y":9.1,"fixed":true},"geo":{"latitudeDiff":0,"longitudeDiff":0},"data":{"properties":{"name":"RICCARDO FRANCOLINI AROSEMENA","citizenship":"YES","pep":"NO","passport_copy":"Y"},"categories":{"0":"Officer"},"statistics":{"digest":{"0":{"edgeType":"has similar name and address as","nodeCategories":{"0":"Officer"},"nodes":1,"edges":1},"1":{"edgeType":"registered address","nodeCategories":{"0":"Address"},"nodes":1,"edges":1},"2":{"edgeType":"is officer of","nodeCategories":{"0":"Company"},"nodes":1,"edges":1}},"edgeCount":3,"visibleEdgeCount":3,"hiddenEdgeCount":0}},"label":"RICCARDO FRANCOLINI AROSEMENA","x":-18.6,"y":9.1,"fixed":true,"size":1,"glyphs":{"0":{"draw":false,"position":"top-right","content":"0"}},"active":false,"colors":{"0":"#be4400"},"color":"#be4400","icon":{"font":"FontAwesome","scale":1,"color":"#fff","content":""},"read_cam0:size":5,"read_cam0:x":-18.6,"read_cam0:y":9.1,"renderer1:x":1039.2467532467533,"renderer1:y":609.461038961039,"renderer1:size":30.808204031289716},{"id":181047,"nodelink":{"x":11.2,"y":-31.9,"fixed":true},"geo":{"latitudeDiff":0,"longitudeDiff":0},"data":{"properties":{"file_number":"809868","jurisdiction":"BAH","name":"GLADDEN CORPORATION","status":"REN","inactivationDate":"","struck_off_date":"31-DEC-2015","registrationDate":"07-MAY-1998"},"categories":{"0":"Company"},"statistics":{"digest":{"0":{"edgeType":"is officer of","nodeCategories":{"0":"Officer"},"nodes":4,"edges":5},"1":{"edgeType":"registered","nodeCategories":{"0":"Client"},"nodes":1,"edges":1}},"edgeCount":6,"visibleEdgeCount":3,"hiddenEdgeCount":3}},"label":"GLADDEN CORPORATION","x":13.800000000000004,"y":-42.5,"fixed":true,"size":1,"glyphs":{"0":{"draw":true,"position":"top-right","content":"3"},"1":{"draw":true,"position":"bottom-right","font":"FontAwesome","textColor":"#000","content":""}},"active":false,"colors":{"0":"#420e00"},"color":"#420e00","icon":{"font":"FontAwesome","scale":1,"color":"#fff","content":""},"read_cam0:size":5,"read_cam0:x":13.800000000000004,"read_cam0:y":-42.5,"renderer1:x":1353.7792207792209,"renderer1:y":108.53896103896102,"renderer1:size":30.808204031289716}],"edges":[{"id":332417,"source":657420,"target":517476,"data":{"properties":{},"type":"registered address"},"label":"registered address","size":1,"active":false,"color":"#baaba3","hover":false,"read_cam0:size":2,"renderer1:size":12.323281612515887},{"id":758771,"source":587486,"target":101753,"data":{"properties":{},"type":"registered"},"label":"registered","size":1,"active":false,"color":"#8a6960","hover":false,"read_cam0:size":2,"renderer1:size":12.323281612515887},{"id":865538,"source":418847,"target":517476,"data":{"properties":{},"type":"registered address"},"label":"registered address","size":1,"active":false,"color":"#baaba3","hover":false,"read_cam0:size":2,"renderer1:size":12.323281612515887},{"id":880095,"source":418847,"target":657420,"data":{"properties":{"simil":1},"type":"has similar name and address as"},"label":"has similar name and address as","size":1,"active":false,"color":"#d48a60","hover":false,"read_cam0:size":2,"renderer1:size":12.323281612515887},{"id":785092,"source":587486,"target":181047,"data":{"properties":{},"type":"registered"},"label":"registered","size":1,"active":false,"color":"#8a6960","hover":false,"read_cam0:size":2,"renderer1:size":12.323281612515887},{"id":68565,"source":418847,"target":181047,"data":{"properties":{"name":"Shareholder"},"type":"is officer of"},"label":"Shareholder","size":1,"type":"curvedArrow","cc":{"y":null},"active":false,"color":"#d48a60","hover":false,"read_cam0:size":2,"renderer1:size":12.323281612515887},{"id":68564,"source":418847,"target":181047,"data":{"properties":{"name":"President - Director"},"type":"is officer of"},"label":"President - Director","size":1,"type":"curvedArrow","cc":{"y":2},"active":false,"color":"#d48a60","read_cam0:size":2,"renderer1:size":12.323281612515887},{"id":57043,"source":657420,"target":101753,"data":{"properties":{"name":"Beneficiay"},"type":"is officer of"},"label":"Beneficiay","size":1,"active":false,"color":"#d48a60","read_cam0:size":2,"renderer1:size":12.323281612515887},{"id":68566,"source":418847,"target":101753,"data":{"properties":{"name":"Sole shareholder"},"type":"is officer of"},"label":"Sole shareholder","size":1,"type":"curvedArrow","cc":{"y":null},"active":false,"color":"#d48a60","hover":false,"read_cam0:size":2,"renderer1:size":12.323281612515887},{"id":463780,"source":418847,"target":101753,"data":{"properties":{"name":"Shareholder"},"type":"is officer of"},"label":"Shareholder","size":1,"type":"curvedArrow","cc":{"y":2},"active":false,"color":"#d48a60","hover":false,"read_cam0:size":2,"renderer1:size":12.323281612515887}]}