{"nodes":[{"id":667733,"nodelink":{"x":-0.027,"y":0.114},"geo":{"latitudeDiff":0,"longitudeDiff":0},"data":{"properties":{"name":"Emmanuel Ndahiro"},"categories":{"0":"Officer"},"statistics":{"digest":{"0":{"edgeType":"is officer of","nodeCategories":{"0":"Company"},"nodes":1,"edges":1}},"edgeCount":1,"visibleEdgeCount":1,"hiddenEdgeCount":0}},"label":"Emmanuel Ndahiro","x":-0.027,"y":0.114,"size":1,"glyphs":{"0":{"draw":false,"position":"top-right","content":"0"}},"colors":{"0":"#be4400"},"color":"#be4400","icon":{"font":"FontAwesome","scale":1,"color":"#fff","content":""},"read_cam0:size":5,"read_cam0:x":-0.027,"read_cam0:y":0.114,"renderer1:x":1249.7,"renderer1:y":495.41999999999996,"renderer1:size":31.547867224009664},{"id":148184,"nodelink":{"x":-16.347,"y":-35.378,"fixed":true},"geo":{"latitudeDiff":0,"longitudeDiff":0},"data":{"properties":{"file_number":"524753","jurisdiction":"BVI","name":"DEBDEN INVESTMENTS LIMITED","status":"MOR","inactivationDate":"09-NOV-2010","struck_off_date":"31-OCT-2010","registrationDate":"02-JAN-1998"},"categories":{"0":"Company"},"statistics":{"digest":{"0":{"edgeType":"is officer of","nodeCategories":{"0":"Officer"},"nodes":2,"edges":3},"1":{"edgeType":"registered","nodeCategories":{"0":"Client"},"nodes":1,"edges":1}},"edgeCount":4,"visibleEdgeCount":4,"hiddenEdgeCount":0}},"label":"DEBDEN INVESTMENTS LIMITED","x":-16.347,"y":-35.378,"fixed":true,"size":1,"glyphs":{"0":{"draw":false,"position":"top-right","content":"0"}},"colors":{"0":"#420e00"},"color":"#420e00","icon":{"font":"FontAwesome","scale":1,"color":"#fff","content":""},"read_cam0:size":5,"read_cam0:x":-16.347,"read_cam0:y":-35.378,"renderer1:x":1086.5,"renderer1:y":140.5,"renderer1:size":31.547867224009664},{"id":588157,"nodelink":{"x":-24.147,"y":8.322,"fixed":true},"geo":{"latitudeDiff":0,"longitudeDiff":0},"data":{"properties":{"name":"(PMA CLIENT) CISA TRUST COMPANY SA","status":"ACTIVE","client_number":"25176","client_name":"(PMA CLIENT) CISA TRUST COMPANY SA","prospect_date":"","active_since":"14-JUL-2008","country":"SWITZERLAND","city":"GENEVE","former_name":"","cross_reference":"CISA TRUST COMPANY (SWITZERLAND) S.A.","activity":"","classification":"","subclassification":"","region":"","compliance_classification":""},"categories":{"0":"Client"},"statistics":{"digest":{"0":{"edgeType":"registered","nodeCategories":{"0":"Company"},"nodes":5,"edges":5}},"edgeCount":5,"visibleEdgeCount":1,"hiddenEdgeCount":4}},"label":"(PMA CLIENT) CISA TRUST COMPANY SA","x":-24.147,"y":8.322,"fixed":true,"size":1,"glyphs":{"0":{"draw":true,"position":"top-right","content":"4"}},"colors":{"0":"#851d00"},"color":"#851d00","icon":{"font":"FontAwesome","scale":1,"color":"#fff","content":""},"read_cam0:size":5,"read_cam0:x":-24.147,"read_cam0:y":8.322,"renderer1:x":1008.5,"renderer1:y":577.5,"renderer1:size":31.547867224009664},{"id":667740,"nodelink":{"x":30.153,"y":-20.478,"fixed":true},"geo":{"latitudeDiff":0,"longitudeDiff":0},"data":{"properties":{"name":"Attan Shansonga"},"categories":{"0":"Officer"},"statistics":{"digest":{"0":{"edgeType":"is officer of","nodeCategories":{"0":"Company"},"nodes":3,"edges":5}},"edgeCount":5,"visibleEdgeCount":2,"hiddenEdgeCount":3}},"label":"Attan Shansonga","x":30.153,"y":-20.478,"fixed":true,"size":1,"glyphs":{"0":{"draw":true,"position":"top-right","content":"3"}},"colors":{"0":"#be4400"},"color":"#be4400","icon":{"font":"FontAwesome","scale":1,"color":"#fff","content":""},"read_cam0:size":5,"read_cam0:x":30.153,"read_cam0:y":-20.478,"renderer1:x":1551.5,"renderer1:y":289.49999999999994,"renderer1:size":31.547867224009664}],"edges":[{"id":69454,"source":667733,"target":148184,"data":{"properties":{"date_end":"","name":"Director","date_start":"30/09/1998"},"type":"is officer of"},"label":"is officer of","size":1,"color":"#d48a60","read_cam0:size":2,"renderer1:size":12.619146889603865},{"id":69466,"source":667740,"target":148184,"data":{"properties":{"date_end":"","name":"Director","date_start":"21/01/1998"},"type":"is officer of"},"label":"is officer of","size":1,"type":"curvedArrow","cc":{"y":null},"color":"#d48a60","read_cam0:size":2,"renderer1:size":12.619146889603865},{"id":69469,"source":667740,"target":148184,"data":{"properties":{"date_end":"","name":"Secretary","date_start":"21/01/1998"},"type":"is officer of"},"label":"is officer of","size":1,"type":"curvedArrow","cc":{"y":2},"color":"#d48a60","read_cam0:size":2,"renderer1:size":12.619146889603865},{"id":802261,"source":588157,"target":148184,"data":{"properties":{},"type":"registered"},"label":"registered","size":1,"color":"#8a6960","read_cam0:size":2,"renderer1:size":12.619146889603865}]}