{"nodes":[{"id":306783,"nodelink":{"x":27.274,"y":-35.716,"fixed":true},"geo":{"latitudeDiff":0,"longitudeDiff":0},"data":{"properties":{"name":"SERGEY ROLDUGIN","certificateNumber":"2","numbershares":"1","classofshares":"","dateofissue":"17-03-2008","ceasedmembership":"01-06-2015","transferdate":"","sharestransferred":"","newcertificate":"","custodianname":"","custodianaddress":"","citizenship":"NO","pep":"NO","rst":"NOT NEGATIVE RESULT","registerlocation":""},"categories":{"0":"Officer"},"statistics":{"digest":{"0":{"edgeType":"is officer of","nodeCategories":{"0":"Company"},"nodes":1,"edges":1}},"edgeCount":1,"visibleEdgeCount":1,"hiddenEdgeCount":0}},"label":"SERGEY ROLDUGIN","x":27.274,"y":-35.716,"fixed":true,"size":1,"glyphs":{"0":{"draw":false,"position":"top-right","content":"0"}},"active":false,"colors":{"0":"#be4400"},"color":"#be4400","icon":{"font":"FontAwesome","scale":1,"color":"#fff","content":""},"read_cam0:size":5,"read_cam0:x":27.274,"read_cam0:y":-35.716,"renderer1:x":1395.529494098395,"renderer1:y":273.2570314404095,"renderer1:size":15.652917723805485},{"id":188769,"nodelink":{"x":-10.75,"y":-20.373,"fixed":true},"geo":{"latitudeDiff":0,"longitudeDiff":0},"data":{"properties":{"file_number":"47013","jurisdiction":"PMA","name":"International Media Overseas S.A.","status":"ACT","inactivationDate":"","struck_off_date":"","registrationDate":"01-FEB-2008"},"categories":{"0":"Company"},"statistics":{"digest":{"0":{"edgeType":"is officer of","nodeCategories":{"0":"Officer"},"nodes":5,"edges":5},"1":{"edgeType":"registered","nodeCategories":{"0":"Client"},"nodes":1,"edges":1}},"edgeCount":6,"visibleEdgeCount":6,"hiddenEdgeCount":0}},"label":"International Media Overseas S.A.","x":-10.75,"y":-20.373,"fixed":true,"size":1,"glyphs":{"0":{"draw":false,"position":"top-right","content":"0"}},"active":false,"colors":{"0":"#420e00"},"color":"#420e00","icon":{"font":"FontAwesome","scale":1,"color":"#fff","content":""},"read_cam0:size":5,"read_cam0:x":-10.75,"read_cam0:y":-20.373,"renderer1:x":1237.1899376762647,"renderer1:y":337.1483583440688,"renderer1:size":15.652917723805485},{"id":374111,"nodelink":{"x":-39.475,"y":26.454,"fixed":true},"geo":{"latitudeDiff":0,"longitudeDiff":0},"data":{"properties":{"name":"SERGEY ROLDUGIN","certificateNumber":"2","numbershares":"50,000","classofshares":"ORDINARY","dateofissue":"20-05-2007","ceasedmembership":"17-10-2012","transferdate":"","sharestransferred":"","newcertificate":"","custodianname":"","custodianaddress":"","citizenship":"NO","pep":"NO","rst":"NOT NEGATIVE RESULT","registerlocation":"Akara Building   24 de Castro Street   Wickhams Cay I   Road Town   Tortola   British Virgin Islands"},"categories":{"0":"Officer"},"statistics":{"digest":{"0":{"edgeType":"registered address","nodeCategories":{"0":"Address"},"nodes":1,"edges":1},"1":{"edgeType":"is officer of","nodeCategories":{"0":"Company"},"nodes":2,"edges":2}},"edgeCount":3,"visibleEdgeCount":3,"hiddenEdgeCount":0}},"label":"SERGEY ROLDUGIN","x":-39.475,"y":26.454,"fixed":true,"size":1,"glyphs":{"0":{"draw":false,"position":"top-right","content":"0"}},"active":false,"colors":{"0":"#be4400"},"color":"#be4400","icon":{"font":"FontAwesome","scale":1,"color":"#fff","content":""},"read_cam0:size":5,"read_cam0:x":-39.475,"read_cam0:y":26.454,"renderer1:x":1117.5732808746213,"renderer1:y":532.1453709829045,"renderer1:size":15.652917723805485},{"id":412138,"nodelink":{"x":28.688,"y":-50.757},"geo":{"latitudeDiff":0,"longitudeDiff":0},"data":{"properties":{"name":"SERGEY PAVLOVICH ROLDUGIN","certificateNumber":"5","numbershares":"900","classofshares":"","dateofissue":"14-12-2012","ceasedmembership":"","transferdate":"","sharestransferred":"","newcertificate":"","custodianname":"","custodianaddress":"","citizenship":"NO","pep":"NO","rst":"NOT NEGATIVE RESULT","registerlocation":"73 Metochiou Street   2407 Engomi   Nicosia   Cyprus"},"categories":{"0":"Officer"},"statistics":{"digest":{"0":{"edgeType":"registered address","nodeCategories":{"0":"Address"},"nodes":1,"edges":1},"1":{"edgeType":"is officer of","nodeCategories":{"0":"Company"},"nodes":2,"edges":2}},"edgeCount":3,"visibleEdgeCount":3,"hiddenEdgeCount":0}},"label":"SERGEY PAVLOVICH ROLDUGIN","x":28.688,"y":-50.757,"size":1,"glyphs":{"0":{"draw":false,"position":"top-right","content":"0"}},"active":false,"colors":{"0":"#be4400"},"color":"#be4400","icon":{"font":"FontAwesome","scale":1,"color":"#fff","content":""},"read_cam0:size":5,"read_cam0:x":28.688,"read_cam0:y":-50.757,"renderer1:x":1401.4176734793357,"renderer1:y":210.6232930608266,"renderer1:size":15.652917723805485},{"id":450334,"nodelink":{"x":-3.1,"y":3.88},"geo":{"latitudeDiff":0,"longitudeDiff":0},"data":{"properties":{"name":"THE BEARER","certificateNumber":"1","numbershares":"1","classofshares":"","dateofissue":"02-02-2008","ceasedmembership":"17-03-2008","transferdate":"","sharestransferred":"","newcertificate":"","custodianname":"","custodianaddress":"","citizenship":"NO","pep":"NO","rst":"NOT NEGATIVE RESULT","registerlocation":""},"categories":{"0":"Officer"},"statistics":{"digest":{"0":{"edgeType":"is officer of","nodeCategories":{"0":"Company"},"nodes":1,"edges":1}},"edgeCount":1,"visibleEdgeCount":1,"hiddenEdgeCount":0}},"label":"THE BEARER","x":-3.1,"y":3.88,"size":1,"glyphs":{"0":{"draw":false,"position":"top-right","content":"0"}},"active":false,"colors":{"0":"#be4400"},"color":"#be4400","icon":{"font":"FontAwesome","scale":1,"color":"#fff","content":""},"read_cam0:size":5,"read_cam0:x":-3.1,"read_cam0:y":3.88,"renderer1:x":1269.046070819261,"renderer1:y":438.1427109083946,"renderer1:size":15.652917723805485},{"id":581489,"nodelink":{"x":35.726,"y":-18.017,"fixed":true},"geo":{"latitudeDiff":0,"longitudeDiff":0},"selected":true,"data":{"properties":{"name":"DIETRICH, BAUMGARTNER & PARTNER","status":"ACTIVE","client_number":"15084","client_name":"DIETRICH, BAUMGARTNER & PARTNER","prospect_date":"13-OCT-2003","active_since":"13-OCT-2003","country":"SWITZERLAND","city":"ZUG","former_name":"","cross_reference":"","activity":"COMPANY & TRUST ADMINISTRATION","classification":"Professional","subclassification":"","region":"REPRESENTATIVE CLIENTS (MF-ZURICH)","compliance_classification":"INTERMEDIARY"},"categories":{"0":"Client"},"statistics":{"digest":{"0":{"edgeType":"registered","nodeCategories":{"0":"Company"},"nodes":41,"edges":41}},"edgeCount":41,"visibleEdgeCount":3,"hiddenEdgeCount":38}},"label":"DIETRICH, BAUMGARTNER & PARTNER","x":35.726,"y":-18.017,"fixed":true,"size":1,"glyphs":{"0":{"draw":true,"position":"top-right","content":"38"}},"active":true,"colors":{"0":"#851d00"},"color":"#851d00","icon":{"font":"FontAwesome","scale":1,"color":"#fff","content":""},"read_cam0:size":5,"read_cam0:x":35.726,"read_cam0:y":-18.017,"renderer1:x":1430.7253159708923,"renderer1:y":346.9592145120295,"renderer1:size":15.652917723805485},{"id":641316,"nodelink":{"x":-30.497,"y":-31.475,"fixed":true},"geo":{"latitudeDiff":0,"longitudeDiff":0},"data":{"properties":{"name":"Robertson Financial Corp.","certificateNumber":"3","numbershares":"1","classofshares":"","dateofissue":"01-06-2015","ceasedmembership":"","transferdate":"","sharestransferred":"","newcertificate":"","custodianname":"","custodianaddress":"","citizenship":"NO","pep":"NO","rst":"NOT NEGATIVE RESULT","registerlocation":""},"categories":{"0":"Officer"},"statistics":{"digest":{"0":{"edgeType":"has similar name and address as","nodeCategories":{"0":"Officer"},"nodes":1,"edges":1},"1":{"edgeType":"registered address","nodeCategories":{"0":"Address"},"nodes":1,"edges":1},"2":{"edgeType":"is officer of","nodeCategories":{"0":"Company"},"nodes":1,"edges":1}},"edgeCount":3,"visibleEdgeCount":3,"hiddenEdgeCount":0}},"label":"Robertson Financial Corp.","x":-30.497,"y":-31.475,"fixed":true,"size":1,"glyphs":{"0":{"draw":false,"position":"top-right","content":"0"}},"active":false,"colors":{"0":"#be4400"},"color":"#be4400","icon":{"font":"FontAwesome","scale":1,"color":"#fff","content":""},"read_cam0:size":5,"read_cam0:x":-30.497,"read_cam0:y":-31.475,"renderer1:x":1154.9594721632254,"renderer1:y":290.9174053828209,"renderer1:size":15.652917723805485},{"id":34281,"nodelink":{"x":0.4,"y":-60.5,"fixed":true},"geo":{"latitudeDiff":0,"longitudeDiff":0},"data":{"properties":{"file_number":"6032279","jurisdiction":"BVI","name":"RAYTAR LIMITED","status":"DIS","inactivationDate":"","struck_off_date":"30-APR-2016","registrationDate":"17-OCT-2012"},"categories":{"0":"Company"},"statistics":{"digest":{"0":{"edgeType":"is officer of","nodeCategories":{"0":"Officer"},"nodes":6,"edges":6},"1":{"edgeType":"registered","nodeCategories":{"0":"Client"},"nodes":1,"edges":1}},"edgeCount":7,"visibleEdgeCount":7,"hiddenEdgeCount":0}},"label":"RAYTAR LIMITED","x":0.4,"y":-60.5,"fixed":true,"size":1,"glyphs":{"0":{"draw":false,"position":"top-right","content":"0"}},"active":false,"colors":{"0":"#420e00"},"color":"#420e00","icon":{"font":"FontAwesome","scale":1,"color":"#fff","content":""},"read_cam0:size":5,"read_cam0:x":0.4,"read_cam0:y":-60.5,"renderer1:x":1283.6207722572333,"renderer1:y":170.05148845792277,"renderer1:size":15.652917723805485},{"id":548047,"nodelink":{"x":29.756,"y":-79.255,"fixed":true},"geo":{"latitudeDiff":0,"longitudeDiff":0},"data":{"properties":{"name":"NALICHNAYA STR.; BLD. 13; APT. 38; SAINT-PETERBURG; RUSSIA"},"categories":{"0":"Address"},"statistics":{"digest":{"0":{"edgeType":"registered address","nodeCategories":{"0":"Officer"},"nodes":1,"edges":1}},"edgeCount":1,"visibleEdgeCount":1,"hiddenEdgeCount":0}},"label":"NALICHNAYA STR.; BLD. 13; APT. 38; SAINT-PETERBURG; RUSSIA","x":29.756,"y":-79.255,"fixed":true,"size":1,"glyphs":{"0":{"draw":false,"position":"top-right","content":"0"}},"active":false,"colors":{"0":"#937c6f"},"color":"#937c6f","icon":{"font":"FontAwesome","scale":1,"color":"#fff","content":""},"read_cam0:size":5,"read_cam0:x":29.756,"read_cam0:y":-79.255,"renderer1:x":1405.8650395181226,"renderer1:y":91.95190975244594,"renderer1:size":15.652917723805485},{"id":178406,"nodelink":{"x":-1.829,"y":20.596,"fixed":true},"geo":{"latitudeDiff":0,"longitudeDiff":0},"data":{"properties":{"file_number":"584847","jurisdiction":"BVI","name":"SONNETTE OVERSEAS INC.","status":"ACT","inactivationDate":"","struck_off_date":"","registrationDate":"19-FEB-2007"},"categories":{"0":"Company"},"statistics":{"digest":{"0":{"edgeType":"is officer of","nodeCategories":{"0":"Officer"},"nodes":4,"edges":4},"1":{"edgeType":"registered","nodeCategories":{"0":"Client"},"nodes":1,"edges":1}},"edgeCount":5,"visibleEdgeCount":5,"hiddenEdgeCount":0}},"label":"SONNETTE OVERSEAS INC.","x":-1.829,"y":20.596,"fixed":true,"size":1,"glyphs":{"0":{"draw":false,"position":"top-right","content":"0"}},"active":false,"colors":{"0":"#420e00"},"color":"#420e00","icon":{"font":"FontAwesome","scale":1,"color":"#fff","content":""},"read_cam0:size":5,"read_cam0:x":-1.829,"read_cam0:y":20.596,"renderer1:x":1274.3387695414506,"renderer1:y":507.75148497614987,"renderer1:size":15.652917723805485},{"id":503168,"nodelink":{"x":-14.252,"y":51.677,"fixed":true},"geo":{"latitudeDiff":0,"longitudeDiff":0},"data":{"properties":{"name":"13-38 Nalichnaya Street; St. Petersburg; Russia"},"categories":{"0":"Address"},"statistics":{"digest":{"0":{"edgeType":"registered address","nodeCategories":{"0":"Officer"},"nodes":1,"edges":1}},"edgeCount":1,"visibleEdgeCount":1,"hiddenEdgeCount":0}},"label":"13-38 Nalichnaya Street; St. Petersburg; Russia","x":-14.252,"y":51.677,"fixed":true,"size":1,"glyphs":{"0":{"draw":false,"position":"top-right","content":"0"}},"active":false,"colors":{"0":"#937c6f"},"color":"#937c6f","icon":{"font":"FontAwesome","scale":1,"color":"#fff","content":""},"read_cam0:size":5,"read_cam0:x":-14.252,"read_cam0:y":51.677,"renderer1:x":1222.6069078374708,"renderer1:y":637.178997945754,"renderer1:size":15.652917723805485},{"id":374113,"nodelink":{"x":-79.2,"y":-3.1,"fixed":true},"geo":{"latitudeDiff":0,"longitudeDiff":0},"data":{"properties":{"name":"ROBERTSON FINANCIAL CORP.","certificateNumber":"1","numbershares":"1","classofshares":"ORDINARY","dateofissue":"28-11-2014","ceasedmembership":"","transferdate":"","sharestransferred":"","newcertificate":"","custodianname":"","custodianaddress":"","citizenship":"YES","pep":"NO","rst":"NOT NEGATIVE RESULT","registerlocation":"Bank Rossiya   St. Peterburg   191124   Russia"},"categories":{"0":"Officer"},"statistics":{"digest":{"0":{"edgeType":"has similar name and address as","nodeCategories":{"0":"Officer"},"nodes":1,"edges":1},"1":{"edgeType":"registered address","nodeCategories":{"0":"Address"},"nodes":1,"edges":1},"2":{"edgeType":"is officer of","nodeCategories":{"0":"Company"},"nodes":2,"edges":2}},"edgeCount":4,"visibleEdgeCount":3,"hiddenEdgeCount":1}},"label":"ROBERTSON FINANCIAL CORP.","x":-79.2,"y":-3.1,"fixed":true,"size":1,"glyphs":{"0":{"draw":true,"position":"top-right","content":"1"}},"active":false,"colors":{"0":"#be4400"},"color":"#be4400","icon":{"font":"FontAwesome","scale":1,"color":"#fff","content":""},"read_cam0:size":5,"read_cam0:x":-79.2,"read_cam0:y":-3.1,"renderer1:x":952.1504195536367,"renderer1:y":409.0765920406671,"renderer1:size":15.652917723805485},{"id":646751,"nodelink":{"x":-90.777,"y":-36.391,"fixed":true},"geo":{"latitudeDiff":0,"longitudeDiff":0},"data":{"properties":{"name":"PO Box 1777; Withfield Tower; 3rd Floor; 4792 Coney Drive; Belize City; Belize"},"categories":{"0":"Address"},"statistics":{"digest":{"0":{"edgeType":"registered address","nodeCategories":{"0":"Officer"},"nodes":1,"edges":1}},"edgeCount":1,"visibleEdgeCount":1,"hiddenEdgeCount":0}},"label":"PO Box 1777; Withfield Tower; 3rd Floor; 4792 Coney Drive; Belize City; Belize","x":-90.777,"y":-36.391,"fixed":true,"size":1,"glyphs":{"0":{"draw":false,"position":"top-right","content":"0"}},"active":false,"colors":{"0":"#937c6f"},"color":"#937c6f","icon":{"font":"FontAwesome","scale":1,"color":"#fff","content":""},"read_cam0:size":5,"read_cam0:x":-90.777,"read_cam0:y":-36.391,"renderer1:x":903.9414713972354,"renderer1:y":270.44619616308626,"renderer1:size":15.652917723805485},{"id":374110,"nodelink":{"x":45.061,"y":40.244},"geo":{"latitudeDiff":0,"longitudeDiff":0},"data":{"properties":{"name":"SANDALWOOD CONTINENTAL LTD.","certificateNumber":"1","numbershares":"1","classofshares":"ORDINARY","dateofissue":"19-02-2007","ceasedmembership":"20-05-2007","transferdate":"","sharestransferred":"","newcertificate":"","custodianname":"","custodianaddress":"","citizenship":"NO","pep":"NO","rst":"NOT NEGATIVE RESULT","registerlocation":"Akara Building   24 de Castro Street   Wickhams Cay I   Road Town   Tortola   British Virgin Islands"},"categories":{"0":"Officer"},"statistics":{"digest":{"0":{"edgeType":"registered address","nodeCategories":{"0":"Address"},"nodes":1,"edges":1},"1":{"edgeType":"is officer of","nodeCategories":{"0":"Company"},"nodes":1,"edges":1}},"edgeCount":2,"visibleEdgeCount":2,"hiddenEdgeCount":0}},"label":"SANDALWOOD CONTINENTAL LTD.","x":45.061,"y":40.244,"size":1,"glyphs":{"0":{"draw":false,"position":"top-right","content":"0"}},"active":false,"colors":{"0":"#be4400"},"color":"#be4400","icon":{"font":"FontAwesome","scale":1,"color":"#fff","content":""},"read_cam0:size":5,"read_cam0:x":45.061,"read_cam0:y":40.244,"renderer1:x":1469.5981268061696,"renderer1:y":589.569694648515,"renderer1:size":15.652917723805485},{"id":374112,"nodelink":{"x":35.94,"y":12.61,"fixed":true},"geo":{"latitudeDiff":0,"longitudeDiff":0},"data":{"properties":{"name":"ALEXANDR PLEKHOV","certificateNumber":"1","numbershares":"1","classofshares":"ORDINARY","dateofissue":"23-11-2009","ceasedmembership":"28-11-2014","transferdate":"","sharestransferred":"","newcertificate":"","custodianname":"","custodianaddress":"","citizenship":"NO","pep":"NO","rst":"NOT NEGATIVE RESULT","registerlocation":"Bank Rossiya   St. Peterburg   191124   Russia"},"categories":{"0":"Officer"},"statistics":{"digest":{"0":{"edgeType":"registered address","nodeCategories":{"0":"Address"},"nodes":1,"edges":1},"1":{"edgeType":"is officer of","nodeCategories":{"0":"Company"},"nodes":2,"edges":2}},"edgeCount":3,"visibleEdgeCount":3,"hiddenEdgeCount":0}},"label":"ALEXANDR PLEKHOV","x":35.94,"y":12.61,"fixed":true,"size":1,"glyphs":{"0":{"draw":false,"position":"top-right","content":"0"}},"active":false,"colors":{"0":"#be4400"},"color":"#be4400","icon":{"font":"FontAwesome","scale":1,"color":"#fff","content":""},"read_cam0:size":5,"read_cam0:x":35.94,"read_cam0:y":12.61,"renderer1:x":1431.616454858814,"renderer1:y":474.4961804951081,"renderer1:size":15.652917723805485},{"id":524306,"nodelink":{"x":54.894,"y":25.112,"fixed":true},"geo":{"latitudeDiff":0,"longitudeDiff":0},"data":{"properties":{"name":"AKARA BLDG<br/>24 DE CASTRO STREET<br/>WICKHAMS CAY 1<br/>ROAD TOWN TORTOLA BVI"},"categories":{"0":"Address"},"statistics":{"digest":{"0":{"edgeType":"registered address","nodeCategories":{"0":"Officer"},"nodes":190,"edges":190}},"edgeCount":190,"visibleEdgeCount":1,"hiddenEdgeCount":189}},"label":"AKARA BLDG<br/>24 DE CASTRO STREET<br/>WICKHAMS CAY 1<br/>ROAD TOWN TORTOLA BVI","x":54.894,"y":25.112,"fixed":true,"size":1,"glyphs":{"0":{"draw":true,"position":"top-right","content":"189"}},"active":false,"colors":{"0":"#937c6f"},"color":"#937c6f","icon":{"font":"FontAwesome","scale":1,"color":"#fff","content":""},"read_cam0:size":5,"read_cam0:x":54.894,"read_cam0:y":25.112,"renderer1:x":1510.5447094460499,"renderer1:y":526.5570140315449,"renderer1:size":15.652917723805485},{"id":536113,"nodelink":{"x":89.838,"y":13.161},"geo":{"latitudeDiff":0,"longitudeDiff":0},"data":{"properties":{"name":"Engelsa Prospekt 107-3-121; m St Petersburg; Russia"},"categories":{"0":"Address"},"statistics":{"digest":{"0":{"edgeType":"registered address","nodeCategories":{"0":"Officer"},"nodes":1,"edges":1}},"edgeCount":1,"visibleEdgeCount":1,"hiddenEdgeCount":0}},"label":"Engelsa Prospekt 107-3-121; m St Petersburg; Russia","x":89.838,"y":13.161,"size":1,"glyphs":{"0":{"draw":false,"position":"top-right","content":"0"}},"active":false,"colors":{"0":"#937c6f"},"color":"#937c6f","icon":{"font":"FontAwesome","scale":1,"color":"#fff","content":""},"read_cam0:size":5,"read_cam0:x":89.838,"read_cam0:y":13.161,"renderer1:x":1656.0585286027645,"renderer1:y":476.79065492148607,"renderer1:size":15.652917723805485},{"id":296361,"nodelink":{"x":-18.275,"y":-43.365,"fixed":true},"geo":{"latitudeDiff":0,"longitudeDiff":0},"data":{"properties":{"name":"Moscrip Limited","certificateNumber":"1","numbershares":"3,000","classofshares":"Ordinary","dateofissue":"15-06-2012","ceasedmembership":"","transferdate":"","sharestransferred":"","newcertificate":"","custodianname":"","custodianaddress":"","citizenship":"NO","pep":"NO","rst":"NOT NEGATIVE RESULT(SEARCHES CONDUCTED)","registerlocation":"73 Metochiou Street   2407 Engomi   Nicosia   Cyprus"},"categories":{"0":"Officer"},"statistics":{"digest":{"0":{"edgeType":"has similar name and address as","nodeCategories":{"0":"Officer"},"nodes":14,"edges":14},"1":{"edgeType":"registered address","nodeCategories":{"0":"Address"},"nodes":1,"edges":1},"2":{"edgeType":"is officer of","nodeCategories":{"0":"Company"},"nodes":79,"edges":79}},"edgeCount":94,"visibleEdgeCount":1,"hiddenEdgeCount":93}},"label":"Moscrip Limited","x":-18.275,"y":-43.365,"fixed":true,"size":1,"glyphs":{"0":{"draw":true,"position":"top-right","content":"93"}},"active":false,"colors":{"0":"#be4400"},"color":"#be4400","icon":{"font":"FontAwesome","scale":1,"color":"#fff","content":""},"read_cam0:size":5,"read_cam0:x":-18.275,"read_cam0:y":-43.365,"renderer1:x":1205.8543295846243,"renderer1:y":241.4050624978239,"renderer1:size":15.652917723805485},{"id":384168,"nodelink":{"x":-86.636,"y":-64.066,"fixed":true},"geo":{"latitudeDiff":0,"longitudeDiff":0},"data":{"properties":{"name":"Bassim Enterprises Limited","certificateNumber":"2","numbershares":"3,000","classofshares":"Ordinary","dateofissue":"15-06-2012","ceasedmembership":"","transferdate":"","sharestransferred":"","newcertificate":"","custodianname":"","custodianaddress":"","citizenship":"NO","pep":"NO","rst":"NOT NEGATIVE RESULT(SEARCHES CONDUCTED)","registerlocation":"73 Metochiou Street   2407 Engomi   Nicosia   Cyprus"},"categories":{"0":"Officer"},"statistics":{"digest":{"0":{"edgeType":"has similar name and address as","nodeCategories":{"0":"Officer"},"nodes":8,"edges":8},"1":{"edgeType":"registered address","nodeCategories":{"0":"Address"},"nodes":1,"edges":1},"2":{"edgeType":"is officer of","nodeCategories":{"0":"Company"},"nodes":31,"edges":31}},"edgeCount":40,"visibleEdgeCount":1,"hiddenEdgeCount":39}},"label":"Bassim Enterprises Limited","x":-86.636,"y":-64.066,"fixed":true,"size":1,"glyphs":{"0":{"draw":true,"position":"top-right","content":"39"}},"active":false,"colors":{"0":"#be4400"},"color":"#be4400","icon":{"font":"FontAwesome","scale":1,"color":"#fff","content":""},"read_cam0:size":5,"read_cam0:x":-86.636,"read_cam0:y":-64.066,"renderer1:x":921.185425298562,"renderer1:y":155.2019497928345,"renderer1:size":15.652917723805485},{"id":412136,"nodelink":{"x":-40.837,"y":-49.234,"fixed":true},"geo":{"latitudeDiff":0,"longitudeDiff":0},"data":{"properties":{"name":"MELBA DEVELOPMENT LIMITED","certificateNumber":"3","numbershares":"3,000","classofshares":"","dateofissue":"14-12-2012","ceasedmembership":"","transferdate":"","sharestransferred":"","newcertificate":"","custodianname":"","custodianaddress":"","citizenship":"NO","pep":"NO","rst":"NOT NEGATIVE RESULT","registerlocation":"73 Metochiou Street   2407 Engomi   Nicosia   Cyprus"},"categories":{"0":"Officer"},"statistics":{"digest":{"0":{"edgeType":"registered address","nodeCategories":{"0":"Address"},"nodes":1,"edges":1},"1":{"edgeType":"is officer of","nodeCategories":{"0":"Company"},"nodes":1,"edges":1}},"edgeCount":2,"visibleEdgeCount":1,"hiddenEdgeCount":1}},"label":"MELBA DEVELOPMENT LIMITED","x":-40.837,"y":-49.234,"fixed":true,"size":1,"glyphs":{"0":{"draw":true,"position":"top-right","content":"1"}},"active":false,"colors":{"0":"#be4400"},"color":"#be4400","icon":{"font":"FontAwesome","scale":1,"color":"#fff","content":""},"read_cam0:size":5,"read_cam0:x":-40.837,"read_cam0:y":-49.234,"renderer1:x":1111.9016399150446,"renderer1:y":216.9653702865499,"renderer1:size":15.652917723805485},{"id":412137,"nodelink":{"x":-71.436,"y":-52.466,"fixed":true},"geo":{"latitudeDiff":0,"longitudeDiff":0},"data":{"properties":{"name":"ALEXANDER NIKOLAEVICH ISAEV","certificateNumber":"4","numbershares":"1,200","classofshares":"","dateofissue":"14-12-2012","ceasedmembership":"","transferdate":"18-06-2013","sharestransferred":"1200.0","newcertificate":"7","custodianname":"","custodianaddress":"","citizenship":"NO","pep":"NO","rst":"NOT NEGATIVE RESULT","registerlocation":"73 Metochiou Street   2407 Engomi   Nicosia   Cyprus"},"categories":{"0":"Officer"},"statistics":{"digest":{"0":{"edgeType":"registered address","nodeCategories":{"0":"Address"},"nodes":1,"edges":1},"1":{"edgeType":"is officer of","nodeCategories":{"0":"Company"},"nodes":1,"edges":1}},"edgeCount":2,"visibleEdgeCount":1,"hiddenEdgeCount":1}},"label":"ALEXANDER NIKOLAEVICH ISAEV","x":-71.436,"y":-52.466,"fixed":true,"size":1,"glyphs":{"0":{"draw":true,"position":"top-right","content":"1"}},"active":false,"colors":{"0":"#be4400"},"color":"#be4400","icon":{"font":"FontAwesome","scale":1,"color":"#fff","content":""},"read_cam0:size":5,"read_cam0:x":-71.436,"read_cam0:y":-52.466,"renderer1:x":984.4812715434698,"renderer1:y":203.5066745586853,"renderer1:size":15.652917723805485},{"id":412139,"nodelink":{"x":-15.693,"y":-81.928,"fixed":true},"geo":{"latitudeDiff":0,"longitudeDiff":0},"data":{"properties":{"name":"VLADIMIR IVANOVICH VASILENKOV","certificateNumber":"6","numbershares":"900","classofshares":"","dateofissue":"14-12-2012","ceasedmembership":"","transferdate":"","sharestransferred":"","newcertificate":"","custodianname":"","custodianaddress":"","citizenship":"NO","pep":"NO","rst":"NOT NEGATIVE RESULT","registerlocation":"73 Metochiou Street   2407 Engomi   Nicosia   Cyprus"},"categories":{"0":"Officer"},"statistics":{"digest":{"0":{"edgeType":"registered address","nodeCategories":{"0":"Address"},"nodes":1,"edges":1},"1":{"edgeType":"is officer of","nodeCategories":{"0":"Company"},"nodes":1,"edges":1}},"edgeCount":2,"visibleEdgeCount":1,"hiddenEdgeCount":1}},"label":"VLADIMIR IVANOVICH VASILENKOV","x":-15.693,"y":-81.928,"fixed":true,"size":1,"glyphs":{"0":{"draw":true,"position":"top-right","content":"1"}},"active":false,"colors":{"0":"#be4400"},"color":"#be4400","icon":{"font":"FontAwesome","scale":1,"color":"#fff","content":""},"read_cam0:size":5,"read_cam0:x":-15.693,"read_cam0:y":-81.928,"renderer1:x":1216.606295045437,"renderer1:y":80.82100205424604,"renderer1:size":15.652917723805485},{"id":594108,"nodelink":{"x":-24.18,"y":-73.457},"geo":{"latitudeDiff":0,"longitudeDiff":0},"data":{"properties":{"name":"CONSULCO INTERNATIONAL LIMITED","status":"ACTIVE","client_number":"8538","client_name":"CONSULCO INTERNATIONAL LIMITED","prospect_date":"","active_since":"12-AUG-1996","country":"CYPRUS","city":"NICOSIA (LEFKOSA)","former_name":"CONSULCO BUSINESS SERVICES","cross_reference":"ELENA HAJIROUSSOU LAW OFFICE","activity":"CO. FORMATION SERVICE","classification":"Special rates","subclassification":"Clients that are not representatives but have REP prices","region":"REPRESENTATIVE CLIENTS","compliance_classification":"INTERMEDIARY"},"categories":{"0":"Client"},"statistics":{"digest":{"0":{"edgeType":"registered","nodeCategories":{"0":"Company"},"nodes":3168,"edges":3168}},"edgeCount":3168,"visibleEdgeCount":1,"hiddenEdgeCount":3167}},"label":"CONSULCO INTERNATIONAL LIMITED","x":-24.18,"y":-73.457,"size":1,"glyphs":{"0":{"draw":true,"position":"top-right","content":"3.167k"}},"active":false,"colors":{"0":"#851d00"},"color":"#851d00","icon":{"font":"FontAwesome","scale":1,"color":"#fff","content":""},"read_cam0:size":5,"read_cam0:x":-24.18,"read_cam0:y":-73.457,"renderer1:x":1181.2647261585598,"renderer1:y":116.09594373454968,"renderer1:size":15.652917723805485},{"id":147905,"nodelink":{"x":68.28,"y":-4.096,"fixed":true},"geo":{"latitudeDiff":0,"longitudeDiff":0},"data":{"properties":{"file_number":"593508","jurisdiction":"BVI","name":"SUNBARN LIMITED","status":"ACT","inactivationDate":"","struck_off_date":"","registrationDate":"05-FEB-2008"},"categories":{"0":"Company"},"statistics":{"digest":{"0":{"edgeType":"is officer of","nodeCategories":{"0":"Officer"},"nodes":2,"edges":2},"1":{"edgeType":"registered","nodeCategories":{"0":"Client"},"nodes":1,"edges":1}},"edgeCount":3,"visibleEdgeCount":3,"hiddenEdgeCount":0}},"label":"SUNBARN LIMITED","x":68.28,"y":-4.096,"fixed":true,"size":1,"glyphs":{"0":{"draw":false,"position":"top-right","content":"0"}},"active":false,"colors":{"0":"#420e00"},"color":"#420e00","icon":{"font":"FontAwesome","scale":1,"color":"#fff","content":""},"read_cam0:size":5,"read_cam0:x":68.28,"read_cam0:y":-4.096,"renderer1:x":1566.2866961456773,"renderer1:y":404.9290484314613,"renderer1:size":15.652917723805485}],"edges":[{"id":6889,"source":306783,"target":188769,"data":{"properties":{"name":"Shareholder"},"type":"is officer of"},"label":"is officer of","size":1,"active":false,"color":"#d48a60","read_cam0:size":2,"renderer1:size":6.2611670895221945},{"id":6890,"source":641316,"target":188769,"data":{"properties":{"name":"Shareholder"},"type":"is officer of"},"label":"is officer of","size":1,"active":false,"color":"#d48a60","hover":false,"read_cam0:size":2,"renderer1:size":6.2611670895221945},{"id":6891,"source":450334,"target":188769,"data":{"properties":{"name":"Shareholder"},"type":"is officer of"},"label":"is officer of","size":1,"active":false,"color":"#d48a60","read_cam0:size":2,"renderer1:size":6.2611670895221945},{"id":68567,"source":374111,"target":188769,"data":{"properties":{"name":"Shareholder"},"type":"is officer of"},"label":"is officer of","size":1,"active":false,"color":"#d48a60","hover":false,"read_cam0:size":2,"renderer1:size":6.2611670895221945},{"id":68568,"source":412138,"target":188769,"data":{"properties":{"name":"Shareholder"},"type":"is officer of"},"label":"is officer of","size":1,"active":false,"color":"#d48a60","hover":false,"read_cam0:size":2,"renderer1:size":6.2611670895221945},{"id":651566,"source":581489,"target":188769,"data":{"properties":{},"type":"registered"},"label":"registered","size":1,"active":false,"color":"#8a6960","hover":false,"read_cam0:size":2,"renderer1:size":6.2611670895221945},{"id":300690,"source":412138,"target":548047,"data":{"properties":{},"type":"registered address"},"label":"registered address","size":1,"active":false,"color":"#baaba3","read_cam0:size":2,"renderer1:size":6.2611670895221945},{"id":580619,"source":412138,"target":34281,"data":{"properties":{"name":"Shareholder"},"type":"is officer of"},"label":"is officer of","size":1,"active":false,"color":"#d48a60","read_cam0:size":2,"renderer1:size":6.2611670895221945},{"id":403482,"source":374111,"target":178406,"data":{"properties":{"name":"Shareholder"},"type":"is officer of"},"label":"is officer of","size":1,"active":false,"color":"#d48a60","read_cam0:size":2,"renderer1:size":6.2611670895221945},{"id":808606,"source":581489,"target":178406,"data":{"properties":{},"type":"registered"},"label":"registered","size":1,"active":false,"color":"#8a6960","hover":false,"read_cam0:size":2,"renderer1:size":6.2611670895221945},{"id":817120,"source":374111,"target":503168,"data":{"properties":{},"type":"registered address"},"label":"registered address","size":1,"active":false,"color":"#baaba3","read_cam0:size":2,"renderer1:size":6.2611670895221945},{"id":318877,"source":641316,"target":646751,"data":{"properties":{},"type":"registered address"},"label":"registered address","size":1,"active":false,"color":"#baaba3","read_cam0:size":2,"renderer1:size":6.2611670895221945},{"id":350215,"source":374113,"target":641316,"data":{"properties":{"simil":1},"type":"has similar name and address as"},"label":"has similar name and address as","size":1,"active":false,"color":"#d48a60","hover":false,"read_cam0:size":2,"renderer1:size":6.2611670895221945},{"id":403481,"source":374113,"target":178406,"data":{"properties":{"name":"Shareholder"},"type":"is officer of"},"label":"is officer of","size":1,"active":false,"color":"#d48a60","read_cam0:size":2,"renderer1:size":6.2611670895221945},{"id":403483,"source":374112,"target":178406,"data":{"properties":{"name":"Shareholder"},"type":"is officer of"},"label":"is officer of","size":1,"active":false,"color":"#d48a60","read_cam0:size":2,"renderer1:size":6.2611670895221945},{"id":403484,"source":374110,"target":178406,"data":{"properties":{"name":"Shareholder"},"type":"is officer of"},"label":"is officer of","size":1,"active":false,"color":"#d48a60","read_cam0:size":2,"renderer1:size":6.2611670895221945},{"id":325038,"source":374110,"target":524306,"data":{"properties":{},"type":"registered address"},"label":"registered address","size":1,"active":false,"color":"#baaba3","read_cam0:size":2,"renderer1:size":6.2611670895221945},{"id":252095,"source":374112,"target":536113,"data":{"properties":{},"type":"registered address"},"label":"registered address","size":1,"active":false,"color":"#baaba3","read_cam0:size":2,"renderer1:size":6.2611670895221945},{"id":580616,"source":296361,"target":34281,"data":{"properties":{"name":"Shareholder"},"type":"is officer of"},"label":"is officer of","size":1,"active":false,"color":"#d48a60","read_cam0:size":2,"renderer1:size":6.2611670895221945},{"id":580617,"source":384168,"target":34281,"data":{"properties":{"name":"Shareholder"},"type":"is officer of"},"label":"is officer of","size":1,"active":false,"color":"#d48a60","hover":false,"read_cam0:size":2,"renderer1:size":6.2611670895221945},{"id":580618,"source":412136,"target":34281,"data":{"properties":{"name":"Shareholder"},"type":"is officer of"},"label":"is officer of","size":1,"active":false,"color":"#d48a60","read_cam0:size":2,"renderer1:size":6.2611670895221945},{"id":580620,"source":412139,"target":34281,"data":{"properties":{"name":"Shareholder"},"type":"is officer of"},"label":"is officer of","size":1,"active":false,"color":"#d48a60","read_cam0:size":2,"renderer1:size":6.2611670895221945},{"id":580621,"source":412137,"target":34281,"data":{"properties":{"name":"Shareholder"},"type":"is officer of"},"label":"is officer of","size":1,"active":false,"color":"#d48a60","read_cam0:size":2,"renderer1:size":6.2611670895221945},{"id":760505,"source":594108,"target":34281,"data":{"properties":{},"type":"registered"},"label":"registered","size":1,"active":false,"color":"#8a6960","read_cam0:size":2,"renderer1:size":6.2611670895221945},{"id":392915,"source":374113,"target":147905,"data":{"properties":{"name":"Shareholder"},"type":"is officer of"},"label":"is officer of","size":1,"active":false,"color":"#d48a60","hover":false,"read_cam0:size":2,"renderer1:size":6.2611670895221945},{"id":392916,"source":374112,"target":147905,"data":{"properties":{"name":"Shareholder"},"type":"is officer of"},"label":"is officer of","size":1,"active":false,"color":"#d48a60","read_cam0:size":2,"renderer1:size":6.2611670895221945},{"id":735191,"source":581489,"target":147905,"data":{"properties":{},"type":"registered"},"label":"registered","size":1,"active":false,"color":"#8a6960","hover":false,"read_cam0:size":2,"renderer1:size":6.2611670895221945}]}