{"nodes":[{"id":601316,"nodelink":{"x":-23.513,"y":8.277,"fixed":true},"geo":{"latitudeDiff":0,"longitudeDiff":0},"data":{"properties":{"file_number":"1100336","jurisdiction":"UK","name":"HUANCA INVESTMENT LLP","status":"ACT","inactivationDate":"","struck_off_date":"","registrationDate":"16-JUL-2015"},"categories":{"0":"Company"},"statistics":{"digest":{"0":{"edgeType":"is officer of","nodeCategories":{"0":"Officer"},"nodes":3,"edges":3},"1":{"edgeType":"registered","nodeCategories":{"0":"Client"},"nodes":1,"edges":1}},"edgeCount":4,"visibleEdgeCount":4,"hiddenEdgeCount":0}},"label":"HUANCA INVESTMENT LLP","x":-23.513,"y":8.277,"fixed":true,"size":1,"glyphs":{"0":{"draw":false,"position":"top-right","content":"0"}},"active":false,"colors":{"0":"#420e00"},"color":"#420e00","icon":{"font":"FontAwesome","scale":1,"color":"#fff","content":""},"read_cam0:size":5,"read_cam0:x":-23.513,"read_cam0:y":8.277,"renderer1:x":1215.6108827443443,"renderer1:y":377.63942037557297,"renderer1:size":28.59034799933794},{"id":587257,"nodelink":{"x":-46.713,"y":-16.223,"fixed":true},"geo":{"latitudeDiff":0,"longitudeDiff":0},"data":{"properties":{"name":"D'ORLEANS,BOURBON & ASSOCIATES CORP","status":"ACTIVE","client_number":"38351","client_name":"D'ORLEANS,BOURBON & ASSOCIATES CORP","prospect_date":"27-DEC-2013","active_since":"27-DEC-2013","country":"PANAMA","city":"PANAMA","former_name":"","cross_reference":"","activity":"","classification":"","subclassification":"","region":"","compliance_classification":""},"categories":{"0":"Client"},"statistics":{"digest":{"0":{"edgeType":"registered","nodeCategories":{"0":"Company"},"nodes":9,"edges":9}},"edgeCount":9,"visibleEdgeCount":3,"hiddenEdgeCount":6}},"label":"D'ORLEANS,BOURBON & ASSOCIATES CORP","x":-46.713,"y":-16.223,"fixed":true,"size":1,"glyphs":{"0":{"draw":true,"position":"top-right","content":"6"}},"active":false,"colors":{"0":"#851d00"},"color":"#851d00","icon":{"font":"FontAwesome","scale":1,"color":"#fff","content":""},"read_cam0:size":5,"read_cam0:x":-46.713,"read_cam0:y":-16.223,"renderer1:x":1010.4711518556854,"renderer1:y":161.00479077332542,"renderer1:size":28.59034799933794},{"id":606329,"nodelink":{"x":-4.413,"y":2.077,"fixed":true},"geo":{"latitudeDiff":0,"longitudeDiff":0},"selected":true,"data":{"properties":{"file_number":"1100338","jurisdiction":"UK","name":"HUIRACOCHA INVESTMENTS LLP","status":"ACT","inactivationDate":"","struck_off_date":"","registrationDate":"20-JUL-2015"},"categories":{"0":"Company"},"statistics":{"digest":{"0":{"edgeType":"is officer of","nodeCategories":{"0":"Officer"},"nodes":3,"edges":3},"1":{"edgeType":"registered","nodeCategories":{"0":"Client"},"nodes":1,"edges":1}},"edgeCount":4,"visibleEdgeCount":4,"hiddenEdgeCount":0}},"label":"HUIRACOCHA INVESTMENTS LLP","x":-4.413,"y":2.077,"fixed":true,"size":1,"glyphs":{"0":{"draw":false,"position":"top-right","content":"0"}},"active":true,"colors":{"0":"#420e00"},"color":"#420e00","icon":{"font":"FontAwesome","scale":1,"color":"#fff","content":""},"read_cam0:size":5,"read_cam0:x":-4.413,"read_cam0:y":2.077,"renderer1:x":1384.4974715363005,"renderer1:y":322.8175957415348,"renderer1:size":28.59034799933794},{"id":600602,"nodelink":{"x":-48.013,"y":5.977,"fixed":true},"geo":{"latitudeDiff":0,"longitudeDiff":0},"data":{"properties":{"file_number":"1100337","jurisdiction":"UK","name":"KHUNO INVESTMENTS LLP","status":"ACT","inactivationDate":"","struck_off_date":"","registrationDate":"16-JUL-2015"},"categories":{"0":"Company"},"statistics":{"digest":{"0":{"edgeType":"is officer of","nodeCategories":{"0":"Officer"},"nodes":3,"edges":3},"1":{"edgeType":"registered","nodeCategories":{"0":"Client"},"nodes":1,"edges":1}},"edgeCount":4,"visibleEdgeCount":3,"hiddenEdgeCount":1}},"label":"KHUNO INVESTMENTS LLP","x":-48.013,"y":5.977,"fixed":true,"size":1,"glyphs":{"0":{"draw":true,"position":"top-right","content":"1"}},"active":false,"colors":{"0":"#420e00"},"color":"#420e00","icon":{"font":"FontAwesome","scale":1,"color":"#fff","content":""},"read_cam0:size":5,"read_cam0:x":-48.013,"read_cam0:y":5.977,"renderer1:x":998.9762531420968,"renderer1:y":357.3022918823007,"renderer1:size":28.59034799933794},{"id":667753,"nodelink":{"x":-15.459,"y":-22.646,"fixed":true},"geo":{"latitudeDiff":0,"longitudeDiff":0},"data":{"properties":{"name":"Juan Armando Hinojosa"},"categories":{"0":"Officer"},"statistics":{"digest":{"0":{"edgeType":"is officer of","nodeCategories":{"0":"Company"},"nodes":3,"edges":3}},"edgeCount":3,"visibleEdgeCount":3,"hiddenEdgeCount":0}},"label":"Juan Armando Hinojosa","x":-15.459,"y":-22.646,"fixed":true,"size":1,"glyphs":{"0":{"draw":false,"position":"top-right","content":"0"}},"active":false,"colors":{"0":"#be4400"},"color":"#be4400","icon":{"font":"FontAwesome","scale":1,"color":"#fff","content":""},"read_cam0:size":5,"read_cam0:x":-15.459,"read_cam0:y":-22.646,"renderer1:x":1286.826201389916,"renderer1:y":104.21114889841783,"renderer1:size":28.59034799933794},{"id":630263,"nodelink":{"x":-49.713,"y":24.977,"fixed":true},"geo":{"latitudeDiff":0,"longitudeDiff":0},"data":{"properties":{"name":"ORION TRUST (NEW ZEALAND) LIMITED","certificateNumber":"","numbershares":"50","classofshares":"","dateofissue":"16-07-2015","ceasedmembership":"","transferdate":"","sharestransferred":"","newcertificate":"","custodianname":"","custodianaddress":"","citizenship":"NO","pep":"NO","rst":"NOT NEGATIVE RESULT","registerlocation":""},"categories":{"0":"Officer"},"statistics":{"digest":{"0":{"edgeType":"has similar name and address as","nodeCategories":{"0":"Officer"},"nodes":2,"edges":2},"1":{"edgeType":"registered address","nodeCategories":{"0":"Address"},"nodes":1,"edges":1},"2":{"edgeType":"is officer of","nodeCategories":{"0":"Company"},"nodes":1,"edges":1}},"edgeCount":4,"visibleEdgeCount":3,"hiddenEdgeCount":1}},"label":"ORION TRUST (NEW ZEALAND) LIMITED","x":-49.713,"y":24.977,"fixed":true,"size":1,"glyphs":{"0":{"draw":true,"position":"top-right","content":"1"}},"active":false,"colors":{"0":"#be4400"},"color":"#be4400","icon":{"font":"FontAwesome","scale":1,"color":"#fff","content":""},"read_cam0:size":5,"read_cam0:x":-49.713,"read_cam0:y":24.977,"renderer1:x":983.9444625166348,"renderer1:y":525.3046576962886,"renderer1:size":28.59034799933794},{"id":630261,"nodelink":{"x":-18.637,"y":34.984,"fixed":true},"geo":{"latitudeDiff":0,"longitudeDiff":0},"data":{"properties":{"name":"ORION TRUST (NEW ZEALAND) LIMITED","certificateNumber":"","numbershares":"50","classofshares":"","dateofissue":"16-07-2015","ceasedmembership":"","transferdate":"","sharestransferred":"","newcertificate":"","custodianname":"","custodianaddress":"","citizenship":"NO","pep":"NO","rst":"NOT NEGATIVE RESULT","registerlocation":""},"categories":{"0":"Officer"},"statistics":{"digest":{"0":{"edgeType":"has similar name and address as","nodeCategories":{"0":"Officer"},"nodes":2,"edges":2},"1":{"edgeType":"registered address","nodeCategories":{"0":"Address"},"nodes":1,"edges":1},"2":{"edgeType":"is officer of","nodeCategories":{"0":"Company"},"nodes":1,"edges":1}},"edgeCount":4,"visibleEdgeCount":3,"hiddenEdgeCount":1}},"label":"ORION TRUST (NEW ZEALAND) LIMITED","x":-18.637,"y":34.984,"fixed":true,"size":1,"glyphs":{"0":{"draw":true,"position":"top-right","content":"1"}},"active":false,"colors":{"0":"#be4400"},"color":"#be4400","icon":{"font":"FontAwesome","scale":1,"color":"#fff","content":""},"read_cam0:size":5,"read_cam0:x":-18.637,"read_cam0:y":34.984,"renderer1:x":1258.7255951500815,"renderer1:y":613.7888511015822,"renderer1:size":28.59034799933794},{"id":630262,"nodelink":{"x":8.853,"y":27.825,"fixed":true},"geo":{"latitudeDiff":0,"longitudeDiff":0},"data":{"properties":{"name":"Stichting Huanca Management","certificateNumber":"","numbershares":"50","classofshares":"","dateofissue":"16-07-2015","ceasedmembership":"","transferdate":"","sharestransferred":"","newcertificate":"","custodianname":"","custodianaddress":"","citizenship":"NO","pep":"NO","rst":"NOT NEGATIVE RESULT","registerlocation":""},"categories":{"0":"Officer"},"statistics":{"digest":{"0":{"edgeType":"registered address","nodeCategories":{"0":"Address"},"nodes":1,"edges":1},"1":{"edgeType":"is officer of","nodeCategories":{"0":"Company"},"nodes":1,"edges":1}},"edgeCount":2,"visibleEdgeCount":1,"hiddenEdgeCount":1}},"label":"Stichting Huanca Management","x":8.853,"y":27.825,"fixed":true,"size":1,"glyphs":{"0":{"draw":true,"position":"top-right","content":"1"}},"active":false,"colors":{"0":"#be4400"},"color":"#be4400","icon":{"font":"FontAwesome","scale":1,"color":"#fff","content":""},"read_cam0:size":5,"read_cam0:x":8.853,"read_cam0:y":27.825,"renderer1:x":1501.7984917935828,"renderer1:y":550.4873281088273,"renderer1:size":28.59034799933794},{"id":637298,"nodelink":{"x":12.751,"y":14.631,"fixed":true},"geo":{"latitudeDiff":0,"longitudeDiff":0},"data":{"properties":{"name":"ORION TRUST (NEW ZEALAND) LIMITED","certificateNumber":"","numbershares":"50","classofshares":"","dateofissue":"20-07-2015","ceasedmembership":"","transferdate":"","sharestransferred":"","newcertificate":"","custodianname":"","custodianaddress":"","citizenship":"NO","pep":"NO","rst":"NOT NEGATIVE RESULT","registerlocation":""},"categories":{"0":"Officer"},"statistics":{"digest":{"0":{"edgeType":"has similar name and address as","nodeCategories":{"0":"Officer"},"nodes":2,"edges":2},"1":{"edgeType":"registered address","nodeCategories":{"0":"Address"},"nodes":1,"edges":1},"2":{"edgeType":"is officer of","nodeCategories":{"0":"Company"},"nodes":1,"edges":1}},"edgeCount":4,"visibleEdgeCount":3,"hiddenEdgeCount":1}},"label":"ORION TRUST (NEW ZEALAND) LIMITED","x":12.751,"y":14.631,"fixed":true,"size":1,"glyphs":{"0":{"draw":true,"position":"top-right","content":"1"}},"active":false,"colors":{"0":"#be4400"},"color":"#be4400","icon":{"font":"FontAwesome","scale":1,"color":"#fff","content":""},"read_cam0:size":5,"read_cam0:x":12.751,"read_cam0:y":14.631,"renderer1:x":1536.2655034747895,"renderer1:y":433.8229483956824,"renderer1:size":28.59034799933794},{"id":637299,"nodelink":{"x":17.251,"y":-7.369,"fixed":true},"geo":{"latitudeDiff":0,"longitudeDiff":0},"data":{"properties":{"name":"Stichting Huiracocha Management","certificateNumber":"","numbershares":"50","classofshares":"","dateofissue":"22-07-2015","ceasedmembership":"","transferdate":"","sharestransferred":"","newcertificate":"","custodianname":"","custodianaddress":"","citizenship":"NO","pep":"NO","rst":"NOT NEGATIVE RESULT","registerlocation":""},"categories":{"0":"Officer"},"statistics":{"digest":{"0":{"edgeType":"registered address","nodeCategories":{"0":"Address"},"nodes":1,"edges":1},"1":{"edgeType":"is officer of","nodeCategories":{"0":"Company"},"nodes":1,"edges":1}},"edgeCount":2,"visibleEdgeCount":1,"hiddenEdgeCount":1}},"label":"Stichting Huiracocha Management","x":17.251,"y":-7.369,"fixed":true,"size":1,"glyphs":{"0":{"draw":true,"position":"top-right","content":"1"}},"active":false,"colors":{"0":"#be4400"},"color":"#be4400","icon":{"font":"FontAwesome","scale":1,"color":"#fff","content":""},"read_cam0:size":5,"read_cam0:x":17.251,"read_cam0:y":-7.369,"renderer1:x":1576.0555374833655,"renderer1:y":239.29389324264378,"renderer1:size":28.59034799933794}],"edges":[{"id":608041,"source":587257,"target":601316,"data":{"properties":{},"type":"registered"},"label":"registered","size":1,"active":false,"color":"#8a6960","read_cam0:size":2,"renderer1:size":11.436139199735177},{"id":608449,"source":587257,"target":606329,"data":{"properties":{},"type":"registered"},"label":"registered","size":1,"active":false,"color":"#8a6960","hover":false,"read_cam0:size":2,"renderer1:size":11.436139199735177},{"id":609569,"source":587257,"target":600602,"data":{"properties":{},"type":"registered"},"label":"registered","size":1,"active":false,"color":"#8a6960","read_cam0:size":2,"renderer1:size":11.436139199735177},{"id":69519,"source":667753,"target":601316,"data":{"properties":{"date_end":"","name":"Principal beneficiary","date_start":"16/07/2015"},"type":"is officer of"},"label":"Principal beneficiary","size":1,"active":false,"color":"#d48a60","read_cam0:size":2,"renderer1:size":11.436139199735177},{"id":69520,"source":667753,"target":600602,"data":{"properties":{"date_end":"","name":"Principal beneficiary","date_start":"16/07/2015"},"type":"is officer of"},"label":"Principal beneficiary","size":1,"active":false,"color":"#d48a60","read_cam0:size":2,"renderer1:size":11.436139199735177},{"id":69521,"source":667753,"target":606329,"data":{"properties":{"date_end":"","name":"Principal beneficiary","date_start":"20/07/2015"},"type":"is officer of"},"label":"Principal beneficiary","size":1,"active":false,"color":"#d48a60","read_cam0:size":2,"renderer1:size":11.436139199735177},{"id":555398,"source":630263,"target":600602,"data":{"properties":{"name":"Shareholder"},"type":"is officer of"},"label":"Shareholder","size":1,"active":false,"color":"#d48a60","read_cam0:size":2,"renderer1:size":11.436139199735177},{"id":352345,"source":630263,"target":630261,"data":{"properties":{"simil":1},"type":"has similar name and address as"},"label":"has similar name and address as","size":1,"active":false,"color":"#d48a60","read_cam0:size":2,"renderer1:size":11.436139199735177},{"id":424604,"source":630262,"target":601316,"data":{"properties":{"name":"Shareholder"},"type":"is officer of"},"label":"Shareholder","size":1,"active":false,"color":"#d48a60","hover":false,"read_cam0:size":2,"renderer1:size":11.436139199735177},{"id":424605,"source":630261,"target":601316,"data":{"properties":{"name":"Shareholder"},"type":"is officer of"},"label":"Shareholder","size":1,"active":false,"color":"#d48a60","read_cam0:size":2,"renderer1:size":11.436139199735177},{"id":350938,"source":630263,"target":637298,"data":{"properties":{"simil":1},"type":"has similar name and address as"},"label":"has similar name and address as","size":1,"active":false,"color":"#d48a60","read_cam0:size":2,"renderer1:size":11.436139199735177},{"id":361400,"source":637298,"target":630261,"data":{"properties":{"simil":1},"type":"has similar name and address as"},"label":"has similar name and address as","size":1,"active":false,"color":"#d48a60","read_cam0:size":2,"renderer1:size":11.436139199735177},{"id":556828,"source":637298,"target":606329,"data":{"properties":{"name":"Shareholder"},"type":"is officer of"},"label":"Shareholder","size":1,"active":false,"color":"#d48a60","read_cam0:size":2,"renderer1:size":11.436139199735177},{"id":556829,"source":637299,"target":606329,"data":{"properties":{"name":"Shareholder"},"type":"is officer of"},"label":"Shareholder","size":1,"active":false,"color":"#d48a60","read_cam0:size":2,"renderer1:size":11.436139199735177}]}