{"nodes":[{"id":667738,"nodelink":{"x":-13.695,"y":22.399,"fixed":true},"geo":{"latitudeDiff":0,"longitudeDiff":0},"data":{"properties":{"name":"Mamadie Toure"},"categories":{"0":"Officer"},"statistics":{"digest":{"0":{"edgeType":"is officer of","nodeCategories":{"0":"Company"},"nodes":1,"edges":1}},"edgeCount":1,"visibleEdgeCount":1,"hiddenEdgeCount":0}},"label":"Mamadie Toure","x":-13.695,"y":22.399,"fixed":true,"size":1,"glyphs":{"0":{"draw":false,"position":"top-right","content":"0"}},"colors":{"0":"#be4400"},"color":"#be4400","icon":{"font":"FontAwesome","scale":1,"color":"#fff","content":""},"read_cam0:size":5,"read_cam0:x":-13.695,"read_cam0:y":22.399,"renderer1:x":1028.345,"renderer1:y":559.5,"renderer1:size":31.547867224009664},{"id":195749,"nodelink":{"x":12.905,"y":0.199,"fixed":true},"geo":{"latitudeDiff":0,"longitudeDiff":0},"data":{"properties":{"file_number":"582245","jurisdiction":"BVI","name":"MATINDA PARTNERS and Co. LTD.","status":"MOR","inactivationDate":"03-MAY-2010","struck_off_date":"30-APR-2010","registrationDate":"17-NOV-2006"},"categories":{"0":"Company"},"statistics":{"digest":{"0":{"edgeType":"is officer of","nodeCategories":{"0":"Officer"},"nodes":2,"edges":2},"1":{"edgeType":"registered","nodeCategories":{"0":"Client"},"nodes":1,"edges":1}},"edgeCount":3,"visibleEdgeCount":3,"hiddenEdgeCount":0}},"label":"MATINDA PARTNERS and Co. LTD.","x":12.905,"y":0.199,"fixed":true,"size":1,"glyphs":{"0":{"draw":false,"position":"top-right","content":"0"}},"colors":{"0":"#420e00"},"color":"#420e00","icon":{"font":"FontAwesome","scale":1,"color":"#fff","content":""},"read_cam0:size":5,"read_cam0:x":12.905,"read_cam0:y":0.199,"renderer1:x":1294.345,"renderer1:y":337.5,"renderer1:size":31.547867224009664},{"id":371545,"nodelink":{"x":51.735,"y":11.859},"geo":{"latitudeDiff":0,"longitudeDiff":0},"data":{"properties":{"name":"BENEFICENCE FOUNDATION","certificateNumber":"1","numbershares":"50,000","classofshares":"","dateofissue":"17-11-2006","ceasedmembership":"","transferdate":"","sharestransferred":"","newcertificate":"","custodianname":"","custodianaddress":"","citizenship":"NO","pep":"NO","rst":"NOT NEGATIVE RESULT","registerlocation":""},"categories":{"0":"Officer"},"statistics":{"digest":{"0":{"edgeType":"registered address","nodeCategories":{"0":"Address"},"nodes":1,"edges":1},"1":{"edgeType":"is officer of","nodeCategories":{"0":"Company"},"nodes":1,"edges":1}},"edgeCount":2,"visibleEdgeCount":2,"hiddenEdgeCount":0}},"label":"BENEFICENCE FOUNDATION","x":51.735,"y":11.859,"size":1,"glyphs":{"0":{"draw":false,"position":"top-right","content":"0"}},"colors":{"0":"#be4400"},"color":"#be4400","icon":{"font":"FontAwesome","scale":1,"color":"#fff","content":""},"read_cam0:size":5,"read_cam0:x":51.735,"read_cam0:y":11.859,"renderer1:x":1682.645,"renderer1:y":454.1,"renderer1:size":31.547867224009664},{"id":584748,"nodelink":{"x":-28.794,"y":-3.735,"fixed":true},"geo":{"latitudeDiff":0,"longitudeDiff":0},"data":{"properties":{"name":"AGEFOR SA","status":"ACTIVE","client_number":"18571","client_name":"AGEFOR SA","prospect_date":"08-JUL-2005","active_since":"14-DEC-2006","country":"SWITZERLAND","city":"GENEVE","former_name":"","cross_reference":"","activity":"","classification":"","subclassification":"","region":"","compliance_classification":""},"categories":{"0":"Client"},"statistics":{"digest":{"0":{"edgeType":"registered","nodeCategories":{"0":"Company"},"nodes":13,"edges":13}},"edgeCount":13,"visibleEdgeCount":1,"hiddenEdgeCount":12}},"label":"AGEFOR SA","x":-28.794,"y":-3.735,"fixed":true,"size":1,"glyphs":{"0":{"draw":true,"position":"top-right","content":"12"}},"colors":{"0":"#851d00"},"color":"#851d00","icon":{"font":"FontAwesome","scale":1,"color":"#fff","content":""},"read_cam0:size":5,"read_cam0:x":-28.794,"read_cam0:y":-3.735,"renderer1:x":877.355,"renderer1:y":298.15999999999997,"renderer1:size":31.547867224009664},{"id":526626,"nodelink":{"x":21.705,"y":-17.701,"fixed":true},"geo":{"latitudeDiff":0,"longitudeDiff":0},"data":{"properties":{"name":"Arango-Orillac  Building.,"},"categories":{"0":"Address"},"statistics":{"digest":{"0":{"edgeType":"registered address","nodeCategories":{"0":"Officer"},"nodes":3,"edges":3}},"edgeCount":3,"visibleEdgeCount":1,"hiddenEdgeCount":2}},"label":"Arango-Orillac  Building.,","x":21.705,"y":-17.701,"fixed":true,"size":1,"glyphs":{"0":{"draw":true,"position":"top-right","content":"2"}},"colors":{"0":"#937c6f"},"color":"#937c6f","icon":{"font":"FontAwesome","scale":1,"color":"#fff","content":""},"read_cam0:size":5,"read_cam0:x":21.705,"read_cam0:y":-17.701,"renderer1:x":1382.345,"renderer1:y":158.5,"renderer1:size":31.547867224009664}],"edges":[{"id":69462,"source":667738,"target":195749,"data":{"properties":{"date_end":"","name":"Power of Attorney","date_start":"17/11/2006"},"type":"is officer of"},"label":"is officer of","size":1,"color":"#d48a60","read_cam0:size":2,"renderer1:size":12.619146889603865},{"id":41802,"source":371545,"target":195749,"data":{"properties":{"name":"Shareholder"},"type":"is officer of"},"label":"is officer of","size":1,"color":"#d48a60","read_cam0:size":2,"renderer1:size":12.619146889603865},{"id":728811,"source":584748,"target":195749,"data":{"properties":{},"type":"registered"},"label":"registered","size":1,"color":"#8a6960","read_cam0:size":2,"renderer1:size":12.619146889603865},{"id":274835,"source":371545,"target":526626,"data":{"properties":{},"type":"registered address"},"label":"registered address","size":1,"color":"#baaba3","read_cam0:size":2,"renderer1:size":12.619146889603865}]}