{"nodes":[{"id":667770,"nodelink":{"x":6.167,"y":14.586},"geo":{"latitudeDiff":0,"longitudeDiff":0},"data":{"properties":{"name":"Bjarni Benediktsson"},"categories":{"0":"Officer"},"statistics":{"digest":{"0":{"edgeType":"is officer of","nodeCategories":{"0":"Company"},"nodes":1,"edges":1}},"edgeCount":1,"visibleEdgeCount":1,"hiddenEdgeCount":0}},"label":"Bjarni Benediktsson","x":6.167,"y":14.586,"size":1,"glyphs":{"0":{"draw":false,"position":"top-right","content":"0"}},"active":false,"colors":{"0":"#be4400"},"color":"#be4400","icon":{"font":"FontAwesome","scale":1,"color":"#fff","content":""},"read_cam0:size":5,"read_cam0:x":6.167,"read_cam0:y":14.586,"renderer1:x":1363.88,"renderer1:y":494.05,"renderer1:size":31.547867224009664},{"id":276288,"nodelink":{"x":-2.321,"y":-12.424,"fixed":true},"geo":{"latitudeDiff":0,"longitudeDiff":0},"selected":true,"data":{"properties":{"file_number":"204074","jurisdiction":"SEY","name":"FALSON & CO.","status":"REN","inactivationDate":"07-AUG-2012","struck_off_date":"31-DEC-2010","registrationDate":"06-DEC-2005"},"categories":{"0":"Company"},"statistics":{"digest":{"0":{"edgeType":"is officer of","nodeCategories":{"0":"Officer"},"nodes":2,"edges":2},"1":{"edgeType":"registered","nodeCategories":{"0":"Client"},"nodes":1,"edges":1}},"edgeCount":3,"visibleEdgeCount":3,"hiddenEdgeCount":0}},"label":"FALSON & CO.","x":-2.321,"y":-12.424,"fixed":true,"size":1,"glyphs":{"0":{"draw":false,"position":"top-right","content":"0"}},"active":true,"colors":{"0":"#420e00"},"color":"#420e00","icon":{"font":"FontAwesome","scale":1,"color":"#fff","content":""},"read_cam0:size":5,"read_cam0:x":-2.321,"read_cam0:y":-12.424,"renderer1:x":1279,"renderer1:y":223.95,"renderer1:size":31.547867224009664},{"id":484171,"nodelink":{"x":13.329,"y":-12.134},"geo":{"latitudeDiff":0,"longitudeDiff":0},"data":{"properties":{"name":"THE BEARER","certificateNumber":"1","numbershares":"1","classofshares":"","dateofissue":"06-12-2005","ceasedmembership":"","transferdate":"","sharestransferred":"","newcertificate":"","custodianname":"","custodianaddress":"","citizenship":"NO","pep":"NO","rst":"NOT NEGATIVE RESULT","registerlocation":""},"categories":{"0":"Officer"},"statistics":{"digest":{"0":{"edgeType":"is officer of","nodeCategories":{"0":"Company"},"nodes":1,"edges":1}},"edgeCount":1,"visibleEdgeCount":1,"hiddenEdgeCount":0}},"label":"THE BEARER","x":13.329,"y":-12.134,"size":1,"glyphs":{"0":{"draw":false,"position":"top-right","content":"0"}},"active":false,"colors":{"0":"#be4400"},"color":"#be4400","icon":{"font":"FontAwesome","scale":1,"color":"#fff","content":""},"read_cam0:size":5,"read_cam0:x":13.329,"read_cam0:y":-12.134,"renderer1:x":1435.5,"renderer1:y":226.85,"renderer1:size":31.547867224009664},{"id":587991,"nodelink":{"x":-17.771,"y":0.703},"geo":{"latitudeDiff":0,"longitudeDiff":0},"data":{"properties":{"name":"LANDSBANKI LUXEMBOURG S.A.","status":"ACTIVE","client_number":"28303","client_name":"LANDSBANKI LUXEMBOURG S.A.","prospect_date":"","active_since":"21-MAY-2014","country":"LUXEMBOURG","city":"LUXEMBOURG CITY","former_name":"","cross_reference":"","activity":"BANK","classification":"Special rates","subclassification":"Professional Fees","region":"LUXEMBOURG CLIENTS","compliance_classification":"INTERMEDIARY"},"categories":{"0":"Client"},"statistics":{"digest":{"0":{"edgeType":"registered","nodeCategories":{"0":"Company"},"nodes":404,"edges":404}},"edgeCount":404,"visibleEdgeCount":1,"hiddenEdgeCount":403}},"label":"LANDSBANKI LUXEMBOURG S.A.","x":-17.771,"y":0.703,"size":1,"glyphs":{"0":{"draw":true,"position":"top-right","content":"403"}},"active":false,"colors":{"0":"#851d00"},"color":"#851d00","icon":{"font":"FontAwesome","scale":1,"color":"#fff","content":""},"read_cam0:size":5,"read_cam0:x":-17.771,"read_cam0:y":0.703,"renderer1:x":1124.5,"renderer1:y":355.21999999999997,"renderer1:size":31.547867224009664}],"edges":[{"id":69544,"source":667770,"target":276288,"data":{"properties":{"date_end":"","name":"Power of attorney","date_start":"06/12/2005"},"type":"is officer of"},"label":"is officer of","size":1,"active":false,"color":"#d48a60","read_cam0:size":2,"renderer1:size":12.619146889603865},{"id":481060,"source":484171,"target":276288,"data":{"properties":{"name":"Shareholder"},"type":"is officer of"},"label":"is officer of","size":1,"active":false,"color":"#d48a60","read_cam0:size":2,"renderer1:size":12.619146889603865},{"id":621665,"source":587991,"target":276288,"data":{"properties":{},"type":"registered"},"label":"registered","size":1,"active":false,"color":"#8a6960","read_cam0:size":2,"renderer1:size":12.619146889603865}]}