{"nodes":[{"id":580712,"nodelink":{"x":-40.477,"y":11.41,"fixed":true},"geo":{"latitudeDiff":0,"longitudeDiff":0},"data":{"properties":{"name":"F.T.M. FINANCE TRADE & MANAGEMENT LTD.","status":"INACTIVE","client_number":"10042","client_name":"F.T.M. FINANCE TRADE & MANAGEMENT LTD.","prospect_date":"","active_since":"","country":"SWITZERLAND","city":"GENEVE","former_name":"","cross_reference":"","activity":"","classification":"","subclassification":"","region":"","compliance_classification":""},"categories":{"0":"Client"},"statistics":{"digest":{"0":{"edgeType":"registered","nodeCategories":{"0":"Company"},"nodes":15,"edges":15}},"edgeCount":15,"visibleEdgeCount":2,"hiddenEdgeCount":13}},"label":"F.T.M. FINANCE TRADE & MANAGEMENT LTD.","x":-55.31308477020263,"y":-6.686635340452192,"fixed":true,"size":1,"glyphs":{"0":{"draw":true,"position":"top-right","content":"13"},"1":{"draw":true,"position":"bottom-right","font":"FontAwesome","textColor":"#000","content":""}},"color":"#851d00","icon":{"font":"FontAwesome","scale":1,"color":"#fff","content":""},"colors":{"0":"#851d00"},"fa2_x":-40.477,"fa2_y":11.41,"read_cam0:size":5,"read_cam0:x":-55.31308477020263,"read_cam0:y":-6.686635340452192,"renderer1:x":1033,"renderer1:y":354,"renderer1:size":31.547867224009664},{"id":48479,"nodelink":{"x":0.213,"y":0.253},"geo":{"latitudeDiff":0,"longitudeDiff":0},"data":{"properties":{"file_number":"524991","jurisdiction":"BVI","name":"DENVEST CAPITAL STRATEGIES INC.","status":"MOR","inactivationDate":"01-NOV-2006","struck_off_date":"31-OCT-2006","registrationDate":"02-JAN-1998"},"categories":{"0":"Company"},"statistics":{"digest":{"0":{"edgeType":"is officer of","nodeCategories":{"0":"Officer"},"nodes":1,"edges":1},"1":{"edgeType":"registered","nodeCategories":{"0":"Client"},"nodes":1,"edges":1}},"edgeCount":2,"visibleEdgeCount":2,"hiddenEdgeCount":0}},"label":"DENVEST CAPITAL STRATEGIES INC.","x":-31.613084770202637,"y":-16.386635340452194,"fixed":true,"size":1,"glyphs":{"0":{"draw":false,"position":"top-right","content":"0"},"1":{"draw":true,"position":"bottom-right","font":"FontAwesome","textColor":"#000","content":""}},"color":"#420e00","icon":{"font":"FontAwesome","scale":1,"color":"#fff","content":""},"active":true,"colors":{"0":"#420e00"},"fa2_x":-10.887858390808105,"fa2_y":-0.8832706809043884,"read_cam0:size":5,"read_cam0:x":-31.613084770202637,"read_cam0:y":-16.386635340452194,"renderer1:x":1270,"renderer1:y":257,"renderer1:size":31.547867224009664},{"id":268698,"nodelink":{"x":0.556,"y":23.78,"fixed":true},"geo":{"latitudeDiff":0,"longitudeDiff":0},"data":{"properties":{"file_number":"20263","jurisdiction":"PMA","name":"GRAFIN ASSOCIATED S.A.","status":"MOR","inactivationDate":"19-JUL-2007","struck_off_date":"15-JUL-2007","registrationDate":"11-APR-2001"},"categories":{"0":"Company"},"statistics":{"digest":{"0":{"edgeType":"is officer of","nodeCategories":{"0":"Officer"},"nodes":1,"edges":1},"1":{"edgeType":"registered","nodeCategories":{"0":"Client"},"nodes":1,"edges":1}},"edgeCount":2,"visibleEdgeCount":2,"hiddenEdgeCount":0}},"label":"GRAFIN ASSOCIATED S.A.","x":-31.813084770202632,"y":4.013364659547808,"fixed":true,"size":1,"glyphs":{"0":{"draw":false,"position":"top-right","content":"0"},"1":{"draw":true,"position":"bottom-right","font":"FontAwesome","textColor":"#000","content":""}},"color":"#420e00","icon":{"font":"FontAwesome","scale":1,"color":"#fff","content":""},"colors":{"0":"#420e00"},"fa2_x":0.556,"fa2_y":23.78,"read_cam0:size":5,"read_cam0:x":-31.813084770202632,"read_cam0:y":4.013364659547808,"renderer1:x":1268,"renderer1:y":461,"renderer1:size":31.547867224009664},{"id":667731,"data":{"properties":{"name":"Bruno Jean-Richard Itoua"},"categories":{"0":"Officer"},"statistics":{"digest":{"0":{"edgeType":"is officer of","nodeCategories":{"0":"Company"},"nodes":2,"edges":2}},"edgeCount":2,"visibleEdgeCount":2,"hiddenEdgeCount":0}},"x":-5.913084770202637,"y":-5.4866353404521915,"label":"Bruno Jean-Richard Itoua","size":1,"glyphs":{"0":{"draw":false,"position":"top-right","content":"0"},"1":{"draw":true,"position":"bottom-right","font":"FontAwesome","textColor":"#000","content":""}},"colors":{"0":"#be4400"},"color":"#be4400","icon":{"font":"FontAwesome","scale":1,"color":"#fff","content":""},"fa2_x":10.450830459594727,"fa2_y":6.026927471160889,"fixed":true,"read_cam0:size":5,"read_cam0:x":-5.913084770202637,"read_cam0:y":-5.4866353404521915,"renderer1:x":1527,"renderer1:y":366,"renderer1:size":31.547867224009664}],"edges":[{"id":619212,"source":580712,"target":268698,"data":{"properties":{},"type":"registered"},"label":"registered","size":1,"color":"#8a6960","active":false,"hover":false,"read_cam0:size":2,"renderer1:size":12.619146889603865},{"id":802296,"source":580712,"target":48479,"data":{"properties":{},"type":"registered"},"label":"registered","size":1,"color":"#8a6960","hover":false,"active":false,"read_cam0:size":2,"renderer1:size":12.619146889603865},{"id":69451,"source":667731,"target":48479,"data":{"properties":{"name":"Power of attorney","date_start":"03/02/2004","date_end":""},"type":"is officer of"},"label":"Power of attorney","size":1,"color":"#d48a60","hover":false,"read_cam0:size":2,"renderer1:size":12.619146889603865},{"id":69452,"source":667731,"target":268698,"data":{"properties":{"name":"Power of attorney","date_start":"03/03/2004","date_end":""},"type":"is officer of"},"label":"Power of attorney","size":1,"color":"#d48a60","hover":false,"read_cam0:size":2,"renderer1:size":12.619146889603865}]}