{"nodes":[{"id":419931,"nodelink":{"x":-40.6,"y":-22.6,"fixed":true},"geo":{"latitudeDiff":0,"longitudeDiff":0},"data":{"properties":{"name":"HECTOR DANIEL MUNOZ","certificateNumber":"2","numbershares":"25,000","classofshares":"","dateofissue":"07-01-2015","ceasedmembership":"","transferdate":"","sharestransferred":"","newcertificate":"","custodianname":"","custodianaddress":"","citizenship":"NO","pep":"NO","rst":"NOT NEGATIVE RESULT(SEARCHES CONDUCTED)","registerlocation":"3370 Mary Street   Miami   FL 33133   USA"},"categories":{"0":"Officer"},"statistics":{"digest":{"0":{"edgeType":"registered address","nodeCategories":{"0":"Address"},"nodes":1,"edges":1},"1":{"edgeType":"is officer of","nodeCategories":{"0":"Company"},"nodes":1,"edges":1}},"edgeCount":2,"visibleEdgeCount":2,"hiddenEdgeCount":0}},"label":"HECTOR DANIEL MUNOZ","x":-15.065519999999989,"y":-6.665706671219892,"fixed":true,"size":1,"glyphs":{"0":{"draw":false,"position":"top-right","content":"0"},"1":{"draw":true,"position":"bottom-right","font":"FontAwesome","textColor":"#000","content":""}},"color":"#be4400","icon":{"font":"FontAwesome","scale":1,"color":"#fff","content":""},"colors":{"0":"#be4400"},"active":false,"fa2_x":-19.399999999999995,"fa2_y":-3.700000000000003,"read_cam0:size":5,"read_cam0:x":-15.065519999999989,"read_cam0:y":-6.665706671219892,"renderer1:x":1031.6724000000002,"renderer1:y":372,"renderer1:size":31.547867224009664},{"id":419932,"nodelink":{"x":29.6,"y":-16.4,"fixed":true},"geo":{"latitudeDiff":0,"longitudeDiff":0},"data":{"properties":{"name":"CAROLINA POCHETTI","certificateNumber":"3","numbershares":"25,000","classofshares":"","dateofissue":"07-01-2015","ceasedmembership":"","transferdate":"","sharestransferred":"","newcertificate":"","custodianname":"","custodianaddress":"","citizenship":"NO","pep":"NO","rst":"NOT NEGATIVE RESULT(SEARCHES CONDUCTED)","registerlocation":"3370 Mary Street   Miami   FL 33133   USA"},"categories":{"0":"Officer"},"statistics":{"digest":{"0":{"edgeType":"registered address","nodeCategories":{"0":"Address"},"nodes":1,"edges":1},"1":{"edgeType":"is officer of","nodeCategories":{"0":"Company"},"nodes":1,"edges":1}},"edgeCount":2,"visibleEdgeCount":2,"hiddenEdgeCount":0}},"label":"CAROLINA POCHETTI","x":34.599999999999994,"y":-7.5,"fixed":true,"size":1,"glyphs":{"0":{"draw":false,"position":"top-right","content":"0"},"1":{"draw":true,"position":"bottom-right","font":"FontAwesome","textColor":"#000","content":""}},"color":"#be4400","icon":{"font":"FontAwesome","scale":1,"color":"#fff","content":""},"colors":{"0":"#be4400"},"active":false,"fa2_x":34.599999999999994,"fa2_y":-7.5,"read_cam0:size":5,"read_cam0:x":34.599999999999994,"read_cam0:y":-7.5,"renderer1:x":1528.3276,"renderer1:y":363.6570667121989,"renderer1:size":31.547867224009664},{"id":513002,"nodelink":{"x":0.8,"y":-42,"fixed":true},"geo":{"latitudeDiff":0,"longitudeDiff":0},"data":{"properties":{"name":"3370 Mary Street Miami; FL 33133; USA"},"categories":{"0":"Address"},"statistics":{"digest":{"0":{"edgeType":"registered address","nodeCategories":{"0":"Officer"},"nodes":8,"edges":8}},"edgeCount":8,"visibleEdgeCount":2,"hiddenEdgeCount":6}},"label":"3370 Mary Street Miami; FL 33133; USA","x":5.634480000000007,"y":-20.465706671219873,"fixed":true,"size":1,"glyphs":{"0":{"draw":true,"position":"top-right","content":"6"},"1":{"draw":true,"position":"bottom-right","font":"FontAwesome","textColor":"#000","content":""}},"color":"#937c6f","icon":{"font":"FontAwesome","scale":1,"color":"#fff","content":""},"colors":{"0":"#937c6f"},"active":false,"fa2_x":0.8,"fa2_y":-42,"read_cam0:size":5,"read_cam0:x":5.634480000000007,"read_cam0:y":-20.465706671219873,"renderer1:x":1238.6724000000002,"renderer1:y":234.00000000000017,"renderer1:size":31.547867224009664},{"id":63529,"data":{"properties":{"file_number":"6042352","jurisdiction":"BVI","name":"GOLD BLACK LIMITED","status":"CAR","inactivationDate":"12-JUN-2015","struck_off_date":"30-APR-2016","registrationDate":"13-AUG-2010"},"categories":{"0":"Company"},"statistics":{"digest":{"0":{"edgeType":"is officer of","nodeCategories":{"0":"Officer"},"nodes":3,"edges":3},"1":{"edgeType":"registered","nodeCategories":{"0":"Client"},"nodes":1,"edges":1}},"edgeCount":4,"visibleEdgeCount":2,"hiddenEdgeCount":2}},"label":"GOLD BLACK LIMITED","x":8.634480000000007,"y":4.534293328780095,"size":1,"glyphs":{"0":{"draw":true,"position":"top-right","content":"2"},"1":{"draw":true,"position":"bottom-right","font":"FontAwesome","textColor":"#000","content":""}},"colors":{"0":"#420e00"},"color":"#420e00","icon":{"font":"FontAwesome","scale":1,"color":"#fff","content":""},"active":true,"fa2_x":21.7565975189209,"fa2_y":16.069210052490234,"fixed":true,"read_cam0:size":5,"read_cam0:x":8.634480000000007,"read_cam0:y":4.534293328780095,"renderer1:x":1268.6724000000002,"renderer1:y":483.9999999999999,"renderer1:size":31.547867224009664}],"edges":[{"id":242741,"source":419931,"target":513002,"data":{"properties":{},"type":"registered address"},"label":"registered address","size":1,"color":"#baaba3","active":false,"hover":false,"read_cam0:size":2,"renderer1:size":12.619146889603865},{"id":284975,"source":419932,"target":513002,"data":{"properties":{},"type":"registered address"},"label":"registered address","size":1,"color":"#baaba3","active":false,"hover":false,"read_cam0:size":2,"renderer1:size":12.619146889603865},{"id":45462,"source":419931,"target":63529,"data":{"properties":{"name":"Shareholder"},"type":"is officer of"},"label":"Shareholder","size":1,"color":"#d48a60","active":false,"hover":false,"read_cam0:size":2,"renderer1:size":12.619146889603865},{"id":45460,"source":419932,"target":63529,"data":{"properties":{"name":"Shareholder"},"type":"is officer of"},"label":"Shareholder","size":1,"color":"#d48a60","active":false,"hover":false,"read_cam0:size":2,"renderer1:size":12.619146889603865}]}