{"nodes":[{"id":149608,"nodelink":{"x":0.422,"y":60.431},"geo":{"latitudeDiff":0,"longitudeDiff":0},"data":{"properties":{"file_number":"6013526","jurisdiction":"BVI","name":"HERMINIUS MONS INVESTMENTS LIMITED","status":"CAR","inactivationDate":"02-SEP-2015","struck_off_date":"30-APR-2016","registrationDate":"01-JUL-2010"},"categories":{"0":"Company"},"statistics":{"digest":{"0":{"edgeType":"is officer of","nodeCategories":{"0":"Officer"},"nodes":3,"edges":4},"1":{"edgeType":"registered","nodeCategories":{"0":"Client"},"nodes":1,"edges":1}},"edgeCount":5,"visibleEdgeCount":1,"hiddenEdgeCount":4}},"label":"HERMINIUS MONS INVESTMENTS LIMITED","x":0.422,"y":60.431,"size":1,"glyphs":{"0":{"draw":true,"position":"top-right","content":"4"}},"colors":{"0":"#420e00"},"color":"#420e00","icon":{"font":"FontAwesome","scale":1,"color":"#fff","content":""},"read_cam0:size":5,"read_cam0:x":0.422,"read_cam0:y":60.431,"renderer1:x":1272.5565301375802,"renderer1:y":628.5325817006346,"renderer1:size":20.66653516400175},{"id":345076,"nodelink":{"x":-1.774,"y":-18.142},"geo":{"latitudeDiff":0,"longitudeDiff":0},"data":{"properties":{"name":"IDALECIO DE CASTRO RODRIGUES DE OLIVEIRA","certificateNumber":"1","numbershares":"47,000","classofshares":"ORDINARY","dateofissue":"14-07-2010","ceasedmembership":"","transferdate":"","sharestransferred":"","newcertificate":"","custodianname":"","custodianaddress":"","citizenship":"NO","pep":"NO","rst":"NOT NEGATIVE RESULT","registerlocation":"2 KEY WEST   FLORIDA KEYS CLOSE   FAERIE GLEN   PRETORIA    SOUTH AFRICA"},"categories":{"0":"Officer"},"statistics":{"digest":{"0":{"edgeType":"has similar name and address as","nodeCategories":{"0":"Officer"},"nodes":1,"edges":1},"1":{"edgeType":"registered address","nodeCategories":{"0":"Address"},"nodes":1,"edges":1},"2":{"edgeType":"is officer of","nodeCategories":{"0":"Company"},"nodes":14,"edges":17}},"edgeCount":19,"visibleEdgeCount":15,"hiddenEdgeCount":4}},"label":"IDALECIO DE CASTRO RODRIGUES DE OLIVEIRA","x":-1.774,"y":-18.142,"size":1,"glyphs":{"0":{"draw":true,"position":"top-right","content":"4"}},"colors":{"0":"#be4400"},"color":"#be4400","icon":{"font":"FontAwesome","scale":1,"color":"#fff","content":""},"read_cam0:size":5,"read_cam0:x":-1.774,"read_cam0:y":-18.142,"renderer1:x":1259.6144400204992,"renderer1:y":165.46389009342846,"renderer1:size":20.66653516400175},{"id":593237,"nodelink":{"x":5.275,"y":13.392},"geo":{"latitudeDiff":0,"longitudeDiff":0},"data":{"properties":{"name":"VAN VUUREN, ANTHONY JANSE","status":"ACTIVE","client_number":"696","client_name":"VAN VUUREN, ANTHONY JANSE","prospect_date":"","active_since":"22-JAN-2010","country":"MONACO","city":"MONTE CARLO","former_name":"","cross_reference":"ACCES INTERNATIONAL","activity":"CORPORATE SERVICE PROVIDER","classification":"Special rates","subclassification":"Professional Fees","region":"CHANNEL ISLANDS & ISLE OF MAN PROFESSIONAL CLIENTS","compliance_classification":"PRIVATE CLIENT"},"categories":{"0":"Client"},"statistics":{"digest":{"0":{"edgeType":"registered","nodeCategories":{"0":"Company"},"nodes":100,"edges":100}},"edgeCount":100,"visibleEdgeCount":14,"hiddenEdgeCount":86}},"label":"VAN VUUREN, ANTHONY JANSE","x":5.275,"y":13.392,"size":1,"glyphs":{"0":{"draw":true,"position":"top-right","content":"86"}},"colors":{"0":"#851d00"},"color":"#851d00","icon":{"font":"FontAwesome","scale":1,"color":"#fff","content":""},"read_cam0:size":5,"read_cam0:x":5.275,"read_cam0:y":13.392,"renderer1:x":1301.1576063389443,"renderer1:y":351.3090038238657,"renderer1:size":20.66653516400175},{"id":279953,"nodelink":{"x":1.685,"y":-2.667},"geo":{"latitudeDiff":0,"longitudeDiff":0},"data":{"properties":{"file_number":"6012525","jurisdiction":"BVI","name":"VIRIATO INVESTMENTS LIMITED","status":"CAR","inactivationDate":"10-AUG-2015","struck_off_date":"31-OCT-2016","registrationDate":"02-JUN-2010"},"categories":{"0":"Company"},"statistics":{"digest":{"0":{"edgeType":"is officer of","nodeCategories":{"0":"Officer"},"nodes":3,"edges":4},"1":{"edgeType":"registered","nodeCategories":{"0":"Client"},"nodes":1,"edges":1}},"edgeCount":5,"visibleEdgeCount":3,"hiddenEdgeCount":2}},"label":"VIRIATO INVESTMENTS LIMITED","x":1.685,"y":-2.667,"size":1,"glyphs":{"0":{"draw":true,"position":"top-right","content":"2"}},"colors":{"0":"#420e00"},"color":"#420e00","icon":{"font":"FontAwesome","scale":1,"color":"#fff","content":""},"read_cam0:size":5,"read_cam0:x":1.685,"read_cam0:y":-2.667,"renderer1:x":1280,"renderer1:y":256.66554972996414,"renderer1:size":20.66653516400175},{"id":136402,"nodelink":{"x":16.97,"y":-7.395},"geo":{"latitudeDiff":0,"longitudeDiff":0},"data":{"properties":{"file_number":"6013840","jurisdiction":"BVI","name":"LUSITANIA PETROLEUM HOLDINGS LIMITED [LUSITANIA PETROLEUM HOLDING LIMITED]","status":"CAR","inactivationDate":"31-AUG-2015","struck_off_date":"30-APR-2016","registrationDate":"19-JUL-2010"},"categories":{"0":"Company"},"statistics":{"digest":{"0":{"edgeType":"is officer of","nodeCategories":{"0":"Officer"},"nodes":5,"edges":5},"1":{"edgeType":"registered","nodeCategories":{"0":"Client"},"nodes":1,"edges":1}},"edgeCount":6,"visibleEdgeCount":2,"hiddenEdgeCount":4}},"label":"LUSITANIA PETROLEUM HOLDINGS LIMITED [LUSITANIA PETROLEUM HOLDING LIMITED]","x":16.97,"y":-7.395,"size":1,"glyphs":{"0":{"draw":true,"position":"top-right","content":"4"}},"colors":{"0":"#420e00"},"color":"#420e00","icon":{"font":"FontAwesome","scale":1,"color":"#fff","content":""},"read_cam0:size":5,"read_cam0:x":16.97,"read_cam0:y":-7.395,"renderer1:x":1370.0818977411598,"renderer1:y":228.8011589860843,"renderer1:size":20.66653516400175},{"id":204018,"nodelink":{"x":-13.6,"y":2.061},"geo":{"latitudeDiff":0,"longitudeDiff":0},"data":{"properties":{"file_number":"6012165","jurisdiction":"BVI","name":"LUSITANIA MINING (HOLDINGS) LIMITED [LUSITANIA MINING (HOLDING) LIMITED]","status":"CAR","inactivationDate":"31-AUG-2015","struck_off_date":"30-APR-2016","registrationDate":"12-OCT-2010"},"categories":{"0":"Company"},"statistics":{"digest":{"0":{"edgeType":"is officer of","nodeCategories":{"0":"Officer"},"nodes":5,"edges":5},"1":{"edgeType":"registered","nodeCategories":{"0":"Client"},"nodes":1,"edges":1}},"edgeCount":6,"visibleEdgeCount":2,"hiddenEdgeCount":4}},"label":"LUSITANIA MINING (HOLDINGS) LIMITED [LUSITANIA MINING (HOLDING) LIMITED]","x":-13.6,"y":2.061,"size":1,"glyphs":{"0":{"draw":true,"position":"top-right","content":"4"}},"colors":{"0":"#420e00"},"color":"#420e00","icon":{"font":"FontAwesome","scale":1,"color":"#fff","content":""},"read_cam0:size":5,"read_cam0:x":-13.6,"read_cam0:y":2.061,"renderer1:x":1189.9181022588402,"renderer1:y":284.52994047384396,"renderer1:size":20.66653516400175},{"id":44247,"nodelink":{"x":32.256,"y":-12.124},"geo":{"latitudeDiff":0,"longitudeDiff":0},"data":{"properties":{"file_number":"6012188","jurisdiction":"BVI","name":"Lusitania Geosciences Limited","status":"CAR","inactivationDate":"31-AUG-2015","struck_off_date":"31-OCT-2016","registrationDate":"22-JUN-2010"},"categories":{"0":"Company"},"statistics":{"digest":{"0":{"edgeType":"is officer of","nodeCategories":{"0":"Officer"},"nodes":3,"edges":3},"1":{"edgeType":"registered","nodeCategories":{"0":"Client"},"nodes":1,"edges":1}},"edgeCount":4,"visibleEdgeCount":2,"hiddenEdgeCount":2}},"label":"Lusitania Geosciences Limited","x":32.256,"y":-12.124,"size":1,"glyphs":{"0":{"draw":true,"position":"top-right","content":"2"}},"colors":{"0":"#420e00"},"color":"#420e00","icon":{"font":"FontAwesome","scale":1,"color":"#fff","content":""},"read_cam0:size":5,"read_cam0:x":32.256,"read_cam0:y":-12.124,"renderer1:x":1460.1696889659795,"renderer1:y":200.93087475854458,"renderer1:size":20.66653516400175},{"id":137033,"nodelink":{"x":-28.886,"y":6.79},"geo":{"latitudeDiff":0,"longitudeDiff":0},"data":{"properties":{"file_number":"6012935","jurisdiction":"BVI","name":"PLS INTERNATIONAL GLOBAL LTD. [LUSITANIA MINING (MN) LIMITED]","status":"CAR","inactivationDate":"08-SEP-2015","struck_off_date":"31-OCT-2016","registrationDate":"24-JUN-2010"},"categories":{"0":"Company"},"statistics":{"digest":{"0":{"edgeType":"is officer of","nodeCategories":{"0":"Officer"},"nodes":3,"edges":3},"1":{"edgeType":"registered","nodeCategories":{"0":"Client"},"nodes":1,"edges":1}},"edgeCount":4,"visibleEdgeCount":2,"hiddenEdgeCount":2}},"label":"PLS INTERNATIONAL GLOBAL LTD. [LUSITANIA MINING (MN) LIMITED]","x":-28.886,"y":6.79,"size":1,"glyphs":{"0":{"draw":true,"position":"top-right","content":"2"}},"colors":{"0":"#420e00"},"color":"#420e00","icon":{"font":"FontAwesome","scale":1,"color":"#fff","content":""},"read_cam0:size":5,"read_cam0:x":-28.886,"read_cam0:y":6.79,"renderer1:x":1099.8303110340205,"renderer1:y":312.4002247013837,"renderer1:size":20.66653516400175},{"id":62336,"nodelink":{"x":47.541,"y":-16.852},"geo":{"latitudeDiff":0,"longitudeDiff":0},"data":{"properties":{"file_number":"6018111","jurisdiction":"BVI","name":"LUSITANIA MINING (CK) LIMITED","status":"CAR","inactivationDate":"31-AUG-2015","struck_off_date":"31-OCT-2016","registrationDate":"17-JAN-2011"},"categories":{"0":"Company"},"statistics":{"digest":{"0":{"edgeType":"is officer of","nodeCategories":{"0":"Officer"},"nodes":5,"edges":5},"1":{"edgeType":"registered","nodeCategories":{"0":"Client"},"nodes":1,"edges":1}},"edgeCount":6,"visibleEdgeCount":2,"hiddenEdgeCount":4}},"label":"LUSITANIA MINING (CK) LIMITED","x":47.541,"y":-16.852,"size":1,"glyphs":{"0":{"draw":true,"position":"top-right","content":"4"}},"colors":{"0":"#420e00"},"color":"#420e00","icon":{"font":"FontAwesome","scale":1,"color":"#fff","content":""},"read_cam0:size":5,"read_cam0:x":47.541,"read_cam0:y":-16.852,"renderer1:x":1550.2515867071393,"renderer1:y":173.06648401466472,"renderer1:size":20.66653516400175},{"id":100363,"nodelink":{"x":-44.171,"y":11.518},"geo":{"latitudeDiff":0,"longitudeDiff":0},"data":{"properties":{"file_number":"6017183","jurisdiction":"BVI","name":"LUSITANIA MINING (BB) LIMITED","status":"CAR","inactivationDate":"31-AUG-2015","struck_off_date":"30-APR-2016","registrationDate":"08-DEC-2010"},"categories":{"0":"Company"},"statistics":{"digest":{"0":{"edgeType":"is officer of","nodeCategories":{"0":"Officer"},"nodes":5,"edges":5},"1":{"edgeType":"registered","nodeCategories":{"0":"Client"},"nodes":1,"edges":1}},"edgeCount":6,"visibleEdgeCount":2,"hiddenEdgeCount":4}},"label":"LUSITANIA MINING (BB) LIMITED","x":-44.171,"y":11.518,"size":1,"glyphs":{"0":{"draw":true,"position":"top-right","content":"4"}},"colors":{"0":"#420e00"},"color":"#420e00","icon":{"font":"FontAwesome","scale":1,"color":"#fff","content":""},"read_cam0:size":5,"read_cam0:x":-44.171,"read_cam0:y":11.518,"renderer1:x":1009.7484132928608,"renderer1:y":340.26461544526353,"renderer1:size":20.66653516400175},{"id":62089,"nodelink":{"x":62.827,"y":-21.58},"geo":{"latitudeDiff":0,"longitudeDiff":0},"data":{"properties":{"file_number":"6019158","jurisdiction":"BVI","name":"LUSITANIA PETROLEUM (BB) LIMITED","status":"CAR","inactivationDate":"31-AUG-2015","struck_off_date":"31-OCT-2016","registrationDate":"28-FEB-2011"},"categories":{"0":"Company"},"statistics":{"digest":{"0":{"edgeType":"is officer of","nodeCategories":{"0":"Officer"},"nodes":3,"edges":3},"1":{"edgeType":"registered","nodeCategories":{"0":"Client"},"nodes":1,"edges":1}},"edgeCount":4,"visibleEdgeCount":2,"hiddenEdgeCount":2}},"label":"LUSITANIA PETROLEUM (BB) LIMITED","x":62.827,"y":-21.58,"size":1,"glyphs":{"0":{"draw":true,"position":"top-right","content":"2"}},"colors":{"0":"#420e00"},"color":"#420e00","icon":{"font":"FontAwesome","scale":1,"color":"#fff","content":""},"read_cam0:size":5,"read_cam0:x":62.827,"read_cam0:y":-21.58,"renderer1:x":1640.3393779319588,"renderer1:y":145.2020932707849,"renderer1:size":20.66653516400175},{"id":197407,"nodelink":{"x":-59.456,"y":16.246},"geo":{"latitudeDiff":0,"longitudeDiff":0},"data":{"properties":{"file_number":"6012934","jurisdiction":"BVI","name":"LUSITANIA PETROLEUM (CK) LIMITED","status":"CAR","inactivationDate":"31-AUG-2015","struck_off_date":"31-OCT-2016","registrationDate":"17-JUN-2010"},"categories":{"0":"Company"},"statistics":{"digest":{"0":{"edgeType":"is officer of","nodeCategories":{"0":"Officer"},"nodes":3,"edges":3},"1":{"edgeType":"registered","nodeCategories":{"0":"Client"},"nodes":1,"edges":1}},"edgeCount":4,"visibleEdgeCount":2,"hiddenEdgeCount":2}},"label":"LUSITANIA PETROLEUM (CK) LIMITED","x":-59.456,"y":16.246,"size":1,"glyphs":{"0":{"draw":true,"position":"top-right","content":"2"}},"colors":{"0":"#420e00"},"color":"#420e00","icon":{"font":"FontAwesome","scale":1,"color":"#fff","content":""},"read_cam0:size":5,"read_cam0:x":-59.456,"read_cam0:y":16.246,"renderer1:x":919.666515551701,"renderer1:y":368.1290061891434,"renderer1:size":20.66653516400175},{"id":33425,"nodelink":{"x":78.112,"y":-26.309},"geo":{"latitudeDiff":0,"longitudeDiff":0},"data":{"properties":{"file_number":"6019157","jurisdiction":"BVI","name":"LUSITANIA PETROLEUM (NW) LIMITED","status":"CAR","inactivationDate":"31-AUG-2015","struck_off_date":"31-OCT-2016","registrationDate":"24-FEB-2011"},"categories":{"0":"Company"},"statistics":{"digest":{"0":{"edgeType":"is officer of","nodeCategories":{"0":"Officer"},"nodes":3,"edges":3},"1":{"edgeType":"registered","nodeCategories":{"0":"Client"},"nodes":1,"edges":1}},"edgeCount":4,"visibleEdgeCount":2,"hiddenEdgeCount":2}},"label":"LUSITANIA PETROLEUM (NW) LIMITED","x":78.112,"y":-26.309,"size":1,"glyphs":{"0":{"draw":true,"position":"top-right","content":"2"}},"colors":{"0":"#420e00"},"color":"#420e00","icon":{"font":"FontAwesome","scale":1,"color":"#fff","content":""},"read_cam0:size":5,"read_cam0:x":78.112,"read_cam0:y":-26.309,"renderer1:x":1730.4212756731185,"renderer1:y":117.33180904324516,"renderer1:size":20.66653516400175},{"id":150993,"nodelink":{"x":-74.742,"y":20.975},"geo":{"latitudeDiff":0,"longitudeDiff":0},"data":{"properties":{"file_number":"6012162","jurisdiction":"BVI","name":"LUSITANIA PETROLEUM (BC) LIMITED","status":"CAR","inactivationDate":"31-AUG-2015","struck_off_date":"31-OCT-2016","registrationDate":"21-JUN-2010"},"categories":{"0":"Company"},"statistics":{"digest":{"0":{"edgeType":"is officer of","nodeCategories":{"0":"Officer"},"nodes":6,"edges":6},"1":{"edgeType":"registered","nodeCategories":{"0":"Client"},"nodes":1,"edges":1}},"edgeCount":7,"visibleEdgeCount":2,"hiddenEdgeCount":5}},"label":"LUSITANIA PETROLEUM (BC) LIMITED","x":-74.742,"y":20.975,"size":1,"glyphs":{"0":{"draw":true,"position":"top-right","content":"5"}},"colors":{"0":"#420e00"},"color":"#420e00","icon":{"font":"FontAwesome","scale":1,"color":"#fff","content":""},"read_cam0:size":5,"read_cam0:x":-74.742,"read_cam0:y":20.975,"renderer1:x":829.5787243268813,"renderer1:y":395.9992904166831,"renderer1:size":20.66653516400175},{"id":245525,"nodelink":{"x":93.397,"y":-31.037},"geo":{"latitudeDiff":0,"longitudeDiff":0},"data":{"properties":{"file_number":"556675","jurisdiction":"BVI","name":"INTERNATIONAL CONSULTANCY AND MARKETING S.A.","status":"CAR","inactivationDate":"31-AUG-2015","struck_off_date":"30-APR-2016","registrationDate":"03-SEP-2003"},"categories":{"0":"Company"},"statistics":{"digest":{"0":{"edgeType":"is officer of","nodeCategories":{"0":"Officer"},"nodes":4,"edges":5},"1":{"edgeType":"registered","nodeCategories":{"0":"Client"},"nodes":1,"edges":1}},"edgeCount":6,"visibleEdgeCount":3,"hiddenEdgeCount":3}},"label":"INTERNATIONAL CONSULTANCY AND MARKETING S.A.","x":93.397,"y":-31.037,"size":1,"glyphs":{"0":{"draw":true,"position":"top-right","content":"3"}},"colors":{"0":"#420e00"},"color":"#420e00","icon":{"font":"FontAwesome","scale":1,"color":"#fff","content":""},"read_cam0:size":5,"read_cam0:x":93.397,"read_cam0:y":-31.037,"renderer1:x":1820.5031734142785,"renderer1:y":89.46741829936533,"renderer1:size":20.66653516400175},{"id":111471,"nodelink":{"x":-90.027,"y":25.703},"geo":{"latitudeDiff":0,"longitudeDiff":0},"data":{"properties":{"file_number":"588305","jurisdiction":"BVI","name":"N.R.I. - NATURAL RESOURCES INVESTMENTS S.A.","status":"CAR","inactivationDate":"31-AUG-2015","struck_off_date":"30-APR-2016","registrationDate":"11-JUL-2007"},"categories":{"0":"Company"},"statistics":{"digest":{"0":{"edgeType":"is officer of","nodeCategories":{"0":"Officer"},"nodes":6,"edges":7},"1":{"edgeType":"registered","nodeCategories":{"0":"Client"},"nodes":1,"edges":1}},"edgeCount":8,"visibleEdgeCount":2,"hiddenEdgeCount":6}},"label":"N.R.I. - NATURAL RESOURCES INVESTMENTS S.A.","x":-90.027,"y":25.703,"size":1,"glyphs":{"0":{"draw":true,"position":"top-right","content":"6"}},"colors":{"0":"#420e00"},"color":"#420e00","icon":{"font":"FontAwesome","scale":1,"color":"#fff","content":""},"read_cam0:size":5,"read_cam0:x":-90.027,"read_cam0:y":25.703,"renderer1:x":739.4968265857216,"renderer1:y":423.8636811605629,"renderer1:size":20.66653516400175}],"edges":[{"id":747584,"source":593237,"target":149608,"data":{"properties":{},"type":"registered"},"label":"registered","size":1,"color":"#8a6960","read_cam0:size":2,"renderer1:size":8.2666140656007},{"id":739765,"source":593237,"target":279953,"data":{"properties":{},"type":"registered"},"label":"registered","size":1,"color":"#8a6960","read_cam0:size":2,"renderer1:size":8.2666140656007},{"id":564106,"source":345076,"target":279953,"data":{"properties":{"name":"Shareholder"},"type":"is officer of"},"label":"Shareholder","size":1,"type":"curvedArrow","cc":{"y":null},"color":"#d48a60","read_cam0:size":2,"renderer1:size":8.2666140656007},{"id":68515,"source":345076,"target":279953,"data":{"properties":{"name":"Owner, director and shareholder"},"type":"is officer of"},"label":"Owner, director and shareholder","size":1,"type":"curvedArrow","cc":{"y":2},"color":"#d48a60","read_cam0:size":2,"renderer1:size":8.2666140656007},{"id":746233,"source":593237,"target":136402,"data":{"properties":{},"type":"registered"},"label":"registered","size":1,"color":"#8a6960","read_cam0:size":2,"renderer1:size":8.2666140656007},{"id":68509,"source":345076,"target":136402,"data":{"properties":{"name":"Owner, director and shareholder"},"type":"is officer of"},"label":"Owner, director and shareholder","size":1,"color":"#d48a60","read_cam0:size":2,"renderer1:size":8.2666140656007},{"id":752341,"source":593237,"target":204018,"data":{"properties":{},"type":"registered"},"label":"registered","size":1,"color":"#8a6960","read_cam0:size":2,"renderer1:size":8.2666140656007},{"id":68512,"source":345076,"target":204018,"data":{"properties":{"name":"Owner, director and shareholder"},"type":"is officer of"},"label":"Owner, director and shareholder","size":1,"color":"#d48a60","read_cam0:size":2,"renderer1:size":8.2666140656007},{"id":743734,"source":593237,"target":44247,"data":{"properties":{},"type":"registered"},"label":"registered","size":1,"color":"#8a6960","read_cam0:size":2,"renderer1:size":8.2666140656007},{"id":68518,"source":345076,"target":44247,"data":{"properties":{"name":"Owner, director and shareholder"},"type":"is officer of"},"label":"Owner, director and shareholder","size":1,"color":"#d48a60","read_cam0:size":2,"renderer1:size":8.2666140656007},{"id":746900,"source":593237,"target":137033,"data":{"properties":{},"type":"registered"},"label":"registered","size":1,"color":"#8a6960","read_cam0:size":2,"renderer1:size":8.2666140656007},{"id":68521,"source":345076,"target":137033,"data":{"properties":{"name":"Owner, director and shareholder"},"type":"is officer of"},"label":"Owner, director and shareholder","size":1,"color":"#d48a60","read_cam0:size":2,"renderer1:size":8.2666140656007},{"id":745078,"source":593237,"target":62336,"data":{"properties":{},"type":"registered"},"label":"registered","size":1,"color":"#8a6960","read_cam0:size":2,"renderer1:size":8.2666140656007},{"id":68514,"source":345076,"target":62336,"data":{"properties":{"name":"Owner, director and shareholder"},"type":"is officer of"},"label":"Owner, director and shareholder","size":1,"color":"#d48a60","read_cam0:size":2,"renderer1:size":8.2666140656007},{"id":744622,"source":593237,"target":100363,"data":{"properties":{},"type":"registered"},"label":"registered","size":1,"color":"#8a6960","read_cam0:size":2,"renderer1:size":8.2666140656007},{"id":68510,"source":345076,"target":100363,"data":{"properties":{"name":"Owner, director and shareholder"},"type":"is officer of"},"label":"Owner, director and shareholder","size":1,"color":"#d48a60","read_cam0:size":2,"renderer1:size":8.2666140656007},{"id":756355,"source":593237,"target":62089,"data":{"properties":{},"type":"registered"},"label":"registered","size":1,"color":"#8a6960","read_cam0:size":2,"renderer1:size":8.2666140656007},{"id":68522,"source":345076,"target":62089,"data":{"properties":{"name":"Owner, director and shareholder"},"type":"is officer of"},"label":"Owner, director and shareholder","size":1,"color":"#d48a60","read_cam0:size":2,"renderer1:size":8.2666140656007},{"id":748462,"source":593237,"target":197407,"data":{"properties":{},"type":"registered"},"label":"registered","size":1,"color":"#8a6960","read_cam0:size":2,"renderer1:size":8.2666140656007},{"id":68516,"source":345076,"target":197407,"data":{"properties":{"name":"Owner, director and shareholder"},"type":"is officer of"},"label":"Owner, director and shareholder","size":1,"color":"#d48a60","read_cam0:size":2,"renderer1:size":8.2666140656007},{"id":809773,"source":593237,"target":33425,"data":{"properties":{},"type":"registered"},"label":"registered","size":1,"color":"#8a6960","read_cam0:size":2,"renderer1:size":8.2666140656007},{"id":68520,"source":345076,"target":33425,"data":{"properties":{"name":"Owner, director and shareholder"},"type":"is officer of"},"label":"Owner, director and shareholder","size":1,"color":"#d48a60","read_cam0:size":2,"renderer1:size":8.2666140656007},{"id":749352,"source":593237,"target":150993,"data":{"properties":{},"type":"registered"},"label":"registered","size":1,"color":"#8a6960","read_cam0:size":2,"renderer1:size":8.2666140656007},{"id":68517,"source":345076,"target":150993,"data":{"properties":{"name":"Owner, director and shareholder"},"type":"is officer of"},"label":"Owner, director and shareholder","size":1,"color":"#d48a60","read_cam0:size":2,"renderer1:size":8.2666140656007},{"id":805598,"source":593237,"target":245525,"data":{"properties":{},"type":"registered"},"label":"registered","size":1,"color":"#8a6960","read_cam0:size":2,"renderer1:size":8.2666140656007},{"id":68511,"source":345076,"target":245525,"data":{"properties":{"name":"Owner, director and shareholder"},"type":"is officer of"},"label":"Owner, director and shareholder","size":1,"type":"curvedArrow","cc":{"y":null},"color":"#d48a60","read_cam0:size":2,"renderer1:size":8.2666140656007},{"id":472021,"source":345076,"target":245525,"data":{"properties":{"name":"Shareholder"},"type":"is officer of"},"label":"Shareholder","size":1,"type":"curvedArrow","cc":{"y":2},"color":"#d48a60","read_cam0:size":2,"renderer1:size":8.2666140656007},{"id":814704,"source":593237,"target":111471,"data":{"properties":{},"type":"registered"},"label":"registered","size":1,"color":"#8a6960","read_cam0:size":2,"renderer1:size":8.2666140656007},{"id":68519,"source":345076,"target":111471,"data":{"properties":{"name":"Owner, director and shareholder"},"type":"is officer of"},"label":"Owner, director and shareholder","size":1,"color":"#d48a60","read_cam0:size":2,"renderer1:size":8.2666140656007}]}