{"nodes":[{"id":588011,"nodelink":{"x":-18.286,"y":-9.217},"geo":{"latitudeDiff":0,"longitudeDiff":0},"data":{"properties":{"name":"DR GALO CHIRIBOGA ZAMBRANO","status":"ACTIVE","client_number":"28590","client_name":"DR GALO CHIRIBOGA ZAMBRANO","prospect_date":"28-JAN-2010","active_since":"28-JAN-2010","country":"ECUADOR","city":"QUITO","former_name":"","cross_reference":"","activity":"LAWYERS","classification":"Professional","subclassification":"","region":"REPRESENTATIVE CLIENTS (MF-QUITO)","compliance_classification":"INTERMEDIARY"},"categories":{"0":"Client"},"statistics":{"digest":{"0":{"edgeType":"registered","nodeCategories":{"0":"Company"},"nodes":1,"edges":1}},"edgeCount":1,"visibleEdgeCount":1,"hiddenEdgeCount":0}},"label":"DR GALO CHIRIBOGA ZAMBRANO","x":12.163607826828954,"y":-0.16143338009714997,"fixed":true,"size":1,"glyphs":{"0":{"draw":false,"position":"top-right","content":"0"},"1":{"draw":true,"position":"bottom-right","font":"FontAwesome","textColor":"#000","content":""}},"active":false,"color":"#851d00","icon":{"font":"FontAwesome","scale":1,"color":"#fff","content":""},"colors":{"0":"#851d00"},"fa2_x":6.619243621826172,"fa2_y":18.238174438476562,"read_cam0:size":5,"read_cam0:x":12.163607826828954,"read_cam0:y":-0.16143338009714997,"renderer1:x":1434,"renderer1:y":447.86010566726327,"renderer1:size":31.547867224009664},{"id":276414,"nodelink":{"x":0.984,"y":0.607},"geo":{"latitudeDiff":0,"longitudeDiff":0},"selected":true,"data":{"properties":{"file_number":"18858","jurisdiction":"PMA","name":"MADRIGAL FINANCE CORP.","status":"ACT","inactivationDate":"","struck_off_date":"","registrationDate":"30-NOV-1999"},"categories":{"0":"Company"},"statistics":{"digest":{"0":{"edgeType":"is officer of","nodeCategories":{"0":"Officer"},"nodes":2,"edges":4},"1":{"edgeType":"registered","nodeCategories":{"0":"Client"},"nodes":1,"edges":1}},"edgeCount":5,"visibleEdgeCount":2,"hiddenEdgeCount":3}},"label":"MADRIGAL FINANCE CORP.","x":-6.913609981536865,"y":-17.933454513549805,"size":1,"glyphs":{"0":{"draw":true,"position":"top-right","content":"3"}},"active":false,"color":"#420e00","icon":{"font":"FontAwesome","scale":1,"color":"#fff","content":""},"colors":{"0":"#420e00"},"fa2_x":-6.913609981536865,"fa2_y":-17.933454513549805,"read_cam0:size":5,"read_cam0:x":-6.913609981536865,"read_cam0:y":-17.933454513549805,"renderer1:x":1243.2278219163418,"renderer1:y":270.13989433273673,"renderer1:size":31.547867224009664},{"id":456660,"nodelink":{"x":19.726,"y":6.765},"geo":{"latitudeDiff":0,"longitudeDiff":0},"data":{"properties":{"name":"GALO CHIRIBOGA","certificateNumber":"1","numbershares":"100","classofshares":"","dateofissue":"","ceasedmembership":"","transferdate":"","sharestransferred":"","newcertificate":"","custodianname":"","custodianaddress":"","citizenship":"NO","pep":"NO","rst":"NOT NEGATIVE RESULT","registerlocation":""},"categories":{"0":"Officer"},"statistics":{"digest":{"0":{"edgeType":"is officer of","nodeCategories":{"0":"Company"},"nodes":1,"edges":1}},"edgeCount":1,"visibleEdgeCount":1,"hiddenEdgeCount":0}},"label":"GALO CHIRIBOGA","x":-18.636392173171046,"y":-0.2614333800971522,"fixed":true,"size":1,"glyphs":{"0":{"draw":false,"position":"top-right","content":"0"},"1":{"draw":true,"position":"bottom-right","font":"FontAwesome","textColor":"#000","content":""}},"active":true,"color":"#be4400","icon":{"font":"FontAwesome","scale":1,"color":"#fff","content":""},"colors":{"0":"#be4400"},"fa2_x":0.04082563519477844,"fa2_y":0.11058775335550308,"read_cam0:size":5,"read_cam0:x":-18.636392173171046,"read_cam0:y":-0.2614333800971522,"renderer1:x":1126,"renderer1:y":446.86010566726327,"renderer1:size":31.547867224009664}],"edges":[{"id":793616,"source":588011,"target":276414,"data":{"properties":{},"type":"registered"},"label":"registered","size":1,"active":false,"color":"#8a6960","hover":false,"read_cam0:size":2,"renderer1:size":12.619146889603865},{"id":593127,"source":456660,"target":276414,"data":{"properties":{"name":"Shareholder"},"type":"is officer of"},"label":"Shareholder","size":1,"color":"#d48a60","hover":false,"read_cam0:size":2,"renderer1:size":12.619146889603865}]}