{"nodes":[{"id":408031,"nodelink":{"x":33.913,"y":7.489,"fixed":true},"geo":{"latitudeDiff":0,"longitudeDiff":0},"data":{"properties":{"name":"MOHD NAZIFUDDIN BIN MOHD NAJIB","certificateNumber":"2","numbershares":"5,000","classofshares":"","dateofissue":"13-02-2012","ceasedmembership":"","transferdate":"","sharestransferred":"","newcertificate":"","custodianname":"","custodianaddress":"","citizenship":"NO","pep":"NO","rst":"NOT NEGATIVE RESULT","registerlocation":"No. 14   Jalan Wangsa Perkasa 7   Wangsa Melawati   53300 Kuala Lumpur   W. Persekutuan (KL)   Malaysia"},"categories":{"0":"Officer"},"statistics":{"digest":{"0":{"edgeType":"registered address","nodeCategories":{"0":"Address"},"nodes":1,"edges":1},"1":{"edgeType":"is officer of","nodeCategories":{"0":"Company"},"nodes":2,"edges":3}},"edgeCount":4,"visibleEdgeCount":4,"hiddenEdgeCount":0}},"label":"MOHD NAZIFUDDIN BIN MOHD NAJIB","x":33.913,"y":7.489,"fixed":true,"size":1,"glyphs":{"0":{"draw":false,"position":"top-right","content":"0"}},"color":"#be4400","icon":{"font":"FontAwesome","scale":1,"color":"#fff","content":""},"colors":{"0":"#be4400"},"fa2_x":33.913,"fa2_y":7.489,"read_cam0:size":5,"read_cam0:x":33.913,"read_cam0:y":7.489,"renderer1:x":1569.4984324475158,"renderer1:y":452.9015970979761,"renderer1:size":31.08178319511941},{"id":236944,"nodelink":{"x":0.413,"y":1.989,"fixed":true},"geo":{"latitudeDiff":0,"longitudeDiff":0},"data":{"properties":{"file_number":"6026782","jurisdiction":"BVI","name":"PCJ International Venture Limited","status":"MOR","inactivationDate":"01-NOV-2013","struck_off_date":"31-OCT-2013","registrationDate":"13-FEB-2012"},"categories":{"0":"Company"},"statistics":{"digest":{"0":{"edgeType":"is officer of","nodeCategories":{"0":"Officer"},"nodes":2,"edges":3},"1":{"edgeType":"registered","nodeCategories":{"0":"Client"},"nodes":1,"edges":1}},"edgeCount":4,"visibleEdgeCount":4,"hiddenEdgeCount":0}},"label":"PCJ International Venture Limited","x":0.413,"y":1.989,"fixed":true,"size":1,"glyphs":{"0":{"draw":false,"position":"top-right","content":"0"}},"color":"#420e00","icon":{"font":"FontAwesome","scale":1,"color":"#fff","content":""},"active":true,"colors":{"0":"#420e00"},"fa2_x":0.413,"fa2_y":1.989,"read_cam0:size":5,"read_cam0:x":0.413,"read_cam0:y":1.989,"renderer1:x":1240.6735223150536,"renderer1:y":398.91541782249726,"renderer1:size":31.08178319511941},{"id":554473,"nodelink":{"x":43.513,"y":18.989,"fixed":true},"geo":{"latitudeDiff":0,"longitudeDiff":0},"data":{"properties":{"name":"No. 6; Jalan Maktab Lima; Off Jalan Semarak; 54000 Kuala Lumpur; W. Persekutuan (KL); Malaysia."},"categories":{"0":"Address"},"statistics":{"digest":{"0":{"edgeType":"registered address","nodeCategories":{"0":"Officer"},"nodes":1,"edges":1}},"edgeCount":1,"visibleEdgeCount":1,"hiddenEdgeCount":0}},"label":"No. 6; Jalan Maktab Lima; Off Jalan Semarak; 54000 Kuala Lumpur; W. Persekutuan (KL); Malaysia.","x":43.513,"y":18.989,"fixed":true,"size":1,"glyphs":{"0":{"draw":false,"position":"top-right","content":"0"}},"color":"#937c6f","icon":{"font":"FontAwesome","scale":1,"color":"#fff","content":""},"colors":{"0":"#937c6f"},"fa2_x":43.513,"fa2_y":18.989,"read_cam0:size":5,"read_cam0:x":43.513,"read_cam0:y":18.989,"renderer1:x":1663.7288544556243,"renderer1:y":565.7817901285229,"renderer1:size":31.08178319511941},{"id":594082,"nodelink":{"x":-21.261,"y":-9.267,"fixed":true},"geo":{"latitudeDiff":0,"longitudeDiff":0},"data":{"properties":{"name":"O.S.R. CONSULTANTS & SECRETARIES LIMITED","status":"ACTIVE","client_number":"8184","client_name":"O.S.R. CONSULTANTS & SECRETARIES LIMITED","prospect_date":"","active_since":"30-JAN-1996","country":"HONG KONG S.A.R.","city":"HONG KONG","former_name":"","cross_reference":"","activity":"","classification":"","subclassification":"","region":"","compliance_classification":""},"categories":{"0":"Client"},"statistics":{"digest":{"0":{"edgeType":"registered","nodeCategories":{"0":"Company"},"nodes":154,"edges":154}},"edgeCount":154,"visibleEdgeCount":1,"hiddenEdgeCount":153}},"label":"O.S.R. CONSULTANTS & SECRETARIES LIMITED","x":-34.67400000000002,"y":-27.538999999999998,"fixed":true,"size":1,"glyphs":{"0":{"draw":true,"position":"top-right","content":"153"},"1":{"draw":true,"position":"bottom-right","font":"FontAwesome","textColor":"#000","content":""}},"color":"#851d00","icon":{"font":"FontAwesome","scale":1,"color":"#fff","content":""},"colors":{"0":"#851d00"},"fa2_x":-21.261,"fa2_y":-9.267,"read_cam0:size":5,"read_cam0:x":-34.67400000000002,"read_cam0:y":-27.538999999999998,"renderer1:x":896.2711455443755,"renderer1:y":109.0783447958899,"renderer1:size":31.08178319511941},{"id":206352,"nodelink":{"x":0.762,"y":23.384,"fixed":true},"geo":{"latitudeDiff":0,"longitudeDiff":0},"data":{"properties":{"file_number":"583472","jurisdiction":"BVI","name":"JAY MARRIOT INTERNATIONAL LTD.","status":"MOR","inactivationDate":"06-NOV-2015","struck_off_date":"31-OCT-2015","registrationDate":"02-JAN-2007"},"categories":{"0":"Company"},"statistics":{"digest":{"0":{"edgeType":"is officer of","nodeCategories":{"0":"Officer"},"nodes":1,"edges":1},"1":{"edgeType":"registered","nodeCategories":{"0":"Client"},"nodes":1,"edges":1}},"edgeCount":2,"visibleEdgeCount":2,"hiddenEdgeCount":0}},"label":"JAY MARRIOT INTERNATIONAL LTD.","x":0.762,"y":23.384,"fixed":true,"size":1,"glyphs":{"0":{"draw":false,"position":"top-right","content":"0"}},"color":"#420e00","icon":{"font":"FontAwesome","scale":1,"color":"#fff","content":""},"colors":{"0":"#420e00"},"fa2_x":0.762,"fa2_y":23.384,"read_cam0:size":5,"read_cam0:x":0.762,"read_cam0:y":23.384,"renderer1:x":1244.0991907818066,"renderer1:y":608.92165520411,"renderer1:size":31.08178319511941},{"id":582980,"nodelink":{"x":-22.536,"y":10.859,"fixed":true},"geo":{"latitudeDiff":0,"longitudeDiff":0},"data":{"properties":{"name":"CORPORATE MANAGEMENT SERVICES LIMITED","status":"ACTIVE","client_number":"15805","client_name":"CORPORATE MANAGEMENT SERVICES LIMITED","prospect_date":"","active_since":"20-MAY-2004","country":"HONG KONG S.A.R.","city":"HONG KONG","former_name":"","cross_reference":"","activity":"CORPORATE & BUSINESS SERVICES","classification":"Special rates","subclassification":"","region":"HONG KONG PROFESSIONAL CLIENTS","compliance_classification":"INTERMEDIARY"},"categories":{"0":"Client"},"statistics":{"digest":{"0":{"edgeType":"registered","nodeCategories":{"0":"Company"},"nodes":657,"edges":657}},"edgeCount":657,"visibleEdgeCount":1,"hiddenEdgeCount":656}},"label":"CORPORATE MANAGEMENT SERVICES LIMITED","x":-22.536,"y":10.859,"fixed":true,"size":1,"glyphs":{"0":{"draw":true,"position":"top-right","content":"656"}},"color":"#851d00","icon":{"font":"FontAwesome","scale":1,"color":"#fff","content":""},"colors":{"0":"#851d00"},"fa2_x":-22.536,"fa2_y":10.859,"read_cam0:size":5,"read_cam0:x":-22.536,"read_cam0:y":10.859,"renderer1:x":1015.413735370878,"renderer1:y":485.9804014904059,"renderer1:size":31.08178319511941},{"id":408030,"data":{"properties":{"name":"MEGAT DANIFF SHAHRIMAN BIN ZAHARUDIN","certificateNumber":"2","numbershares":"25,000","classofshares":"Ordinary","dateofissue":"10-04-2012","ceasedmembership":"","transferdate":"","sharestransferred":"","newcertificate":"","custodianname":"","custodianaddress":"","citizenship":"NO","pep":"NO","rst":"NOT NEGATIVE RESULT","registerlocation":"No. 158 Jalan Tempua 3   Bandar Puchong Jaya   47100 Puchong Selangor Malaysia."},"categories":{"0":"Officer"},"statistics":{"digest":{"0":{"edgeType":"has similar name and address as","nodeCategories":{"0":"Officer"},"nodes":1,"edges":1},"1":{"edgeType":"registered address","nodeCategories":{"0":"Address"},"nodes":1,"edges":1},"2":{"edgeType":"is officer of","nodeCategories":{"0":"Company"},"nodes":2,"edges":2}},"edgeCount":4,"visibleEdgeCount":1,"hiddenEdgeCount":3}},"x":25.726000000000006,"y":-13.738999999999997,"label":"MEGAT DANIFF SHAHRIMAN BIN ZAHARUDIN","size":1,"glyphs":{"0":{"draw":true,"position":"top-right","content":"3"},"1":{"draw":true,"position":"bottom-right","font":"FontAwesome","textColor":"#000","content":""}},"colors":{"0":"#be4400"},"color":"#be4400","icon":{"font":"FontAwesome","scale":1,"color":"#fff","content":""},"fa2_x":1.6374484300613403,"fa2_y":3.0312907695770264,"fixed":true,"read_cam0:size":5,"read_cam0:x":25.726000000000006,"read_cam0:y":-13.738999999999997,"renderer1:x":1489.1375506787258,"renderer1:y":244.534576432546,"renderer1:size":31.08178319511941}],"edges":[{"id":261748,"source":408031,"target":554473,"data":{"properties":{},"type":"registered address"},"label":"registered address","size":1,"color":"#baaba3","active":false,"read_cam0:size":2,"renderer1:size":12.432713278047764},{"id":748779,"source":594082,"target":236944,"data":{"properties":{},"type":"registered"},"label":"registered","size":1,"color":"#8a6960","active":false,"hover":false,"read_cam0:size":2,"renderer1:size":12.432713278047764},{"id":730493,"source":582980,"target":206352,"data":{"properties":{},"type":"registered"},"label":"registered","size":1,"color":"#8a6960","active":false,"hover":false,"read_cam0:size":2,"renderer1:size":12.432713278047764},{"id":11742,"source":408030,"target":236944,"data":{"properties":{"name":"Shareholder"},"type":"is officer of"},"label":"Shareholder","size":1,"color":"#d48a60","hover":false,"read_cam0:size":2,"renderer1:size":12.432713278047764},{"id":11743,"source":408031,"target":236944,"data":{"properties":{"name":"Shareholder"},"type":"is officer of"},"label":"Shareholder","size":1,"type":"curvedArrow","cc":{"y":null},"color":"#d48a60","read_cam0:size":2,"renderer1:size":12.432713278047764},{"id":68541,"source":408031,"target":206352,"data":{"properties":{"name":"Director"},"type":"is officer of"},"label":"Director","size":1,"color":"#d48a60","read_cam0:size":2,"renderer1:size":12.432713278047764},{"id":68542,"source":408031,"target":236944,"data":{"properties":{"name":"Director"},"type":"is officer of"},"label":"Director","size":1,"type":"curvedArrow","cc":{"y":2},"color":"#d48a60","hover":false,"read_cam0:size":2,"renderer1:size":12.432713278047764}]}