{"nodes":[{"id":72466,"nodelink":{"x":-12.179,"y":-29.452,"fixed":true},"geo":{"latitudeDiff":0,"longitudeDiff":0},"data":{"properties":{"file_number":"813022","jurisdiction":"BAH","name":"NUNSWELL INVESTMENTS LIMITED","status":"ACT","inactivationDate":"","struck_off_date":"","registrationDate":"14-MAR-1995"},"categories":{"0":"Company"},"statistics":{"digest":{"0":{"edgeType":"is officer of","nodeCategories":{"0":"Officer"},"nodes":2,"edges":4},"1":{"edgeType":"registered","nodeCategories":{"0":"Client"},"nodes":1,"edges":1}},"edgeCount":5,"visibleEdgeCount":5,"hiddenEdgeCount":0}},"label":"NUNSWELL INVESTMENTS LIMITED","x":-24.51500000000001,"y":-35.7835,"fixed":true,"size":1,"glyphs":{"0":{"draw":false,"position":"top-right","content":"0"},"1":{"draw":true,"position":"bottom-right","font":"FontAwesome","textColor":"#000","content":""}},"color":"#420e00","icon":{"font":"FontAwesome","scale":1,"color":"#fff","content":""},"active":false,"colors":{"0":"#420e00"},"fa2_x":-12.179,"fa2_y":-29.452,"read_cam0:size":5,"read_cam0:x":-24.51500000000001,"read_cam0:y":-35.7835,"renderer1:x":1186.22,"renderer1:y":285.32250000000005,"renderer1:size":31.547867224009664},{"id":293604,"nodelink":{"x":30.533,"y":-4.619,"fixed":true},"geo":{"latitudeDiff":0,"longitudeDiff":0},"data":{"properties":{"name":"PAMELA BARONESS SHARPLES","certificateNumber":"1","numbershares":"260","classofshares":"","dateofissue":"14-03-1995","ceasedmembership":"","transferdate":"","sharestransferred":"","newcertificate":"","custodianname":"","custodianaddress":"","citizenship":"NO","pep":"NO","rst":"NOT NEGATIVE RESULT","registerlocation":""},"categories":{"0":"Officer"},"statistics":{"digest":{"0":{"edgeType":"registered address","nodeCategories":{"0":"Address"},"nodes":1,"edges":1},"1":{"edgeType":"is officer of","nodeCategories":{"0":"Company"},"nodes":1,"edges":2}},"edgeCount":3,"visibleEdgeCount":3,"hiddenEdgeCount":0}},"label":"PAMELA BARONESS SHARPLES","x":6.984999999999992,"y":-21.9835,"fixed":true,"size":1,"glyphs":{"0":{"draw":false,"position":"top-right","content":"0"},"1":{"draw":true,"position":"bottom-right","font":"FontAwesome","textColor":"#000","content":""}},"color":"#be4400","icon":{"font":"FontAwesome","scale":1,"color":"#fff","content":""},"colors":{"0":"#be4400"},"fa2_x":30.533,"fa2_y":-4.619,"active":true,"read_cam0:size":5,"read_cam0:x":6.984999999999992,"read_cam0:y":-21.9835,"renderer1:x":1501.22,"renderer1:y":423.32250000000005,"renderer1:size":31.547867224009664},{"id":590448,"nodelink":{"x":-37.259,"y":-44.848,"fixed":true},"geo":{"latitudeDiff":0,"longitudeDiff":0},"data":{"properties":{"name":"TRETHOWANS LLP","status":"ACTIVE","client_number":"34865","client_name":"TRETHOWANS LLP","prospect_date":"30-JUL-2012","active_since":"30-JUL-2012","country":"UNITED KINGDOM","city":"LONDON","former_name":"","cross_reference":"","activity":"LAW FIRM","classification":"Professional","subclassification":"","region":"PROFESSIONAL CLIENTS","compliance_classification":"INTERMEDIARY"},"categories":{"0":"Client"},"statistics":{"digest":{"0":{"edgeType":"registered","nodeCategories":{"0":"Company"},"nodes":1,"edges":1}},"edgeCount":1,"visibleEdgeCount":1,"hiddenEdgeCount":0}},"label":"TRETHOWANS LLP","x":-37.259,"y":-44.848,"fixed":true,"size":1,"glyphs":{"0":{"draw":false,"position":"top-right","content":"0"}},"color":"#851d00","icon":{"font":"FontAwesome","scale":1,"color":"#fff","content":""},"colors":{"0":"#851d00"},"fa2_x":-37.259,"fa2_y":-44.848,"active":false,"read_cam0:size":5,"read_cam0:x":-37.259,"read_cam0:y":-44.848,"renderer1:x":1058.7800000000002,"renderer1:y":194.6775,"renderer1:size":31.547867224009664},{"id":519183,"nodelink":{"x":31.526,"y":11.521,"fixed":true},"geo":{"latitudeDiff":0,"longitudeDiff":0},"data":{"properties":{"name":"60 Westminster Gardens, London SW1"},"categories":{"0":"Address"},"statistics":{"digest":{"0":{"edgeType":"registered address","nodeCategories":{"0":"Officer"},"nodes":1,"edges":1}},"edgeCount":1,"visibleEdgeCount":1,"hiddenEdgeCount":0}},"label":"60 Westminster Gardens, London SW1","x":6.784999999999993,"y":-11.9835,"fixed":true,"size":1,"glyphs":{"0":{"draw":false,"position":"top-right","content":"0"},"1":{"draw":true,"position":"bottom-right","font":"FontAwesome","textColor":"#000","content":""}},"color":"#937c6f","icon":{"font":"FontAwesome","scale":1,"color":"#fff","content":""},"colors":{"0":"#937c6f"},"fa2_x":31.526,"fa2_y":11.521,"active":false,"read_cam0:size":5,"read_cam0:x":6.784999999999993,"read_cam0:y":-11.9835,"renderer1:x":1499.22,"renderer1:y":523.3225,"renderer1:size":31.547867224009664},{"id":419849,"nodelink":{"x":31.029,"y":-15.297,"fixed":true},"geo":{"latitudeDiff":0,"longitudeDiff":0},"data":{"properties":{"name":"PAMELA BARONESS SHARPLES, DAVID RICHARD SHARPLES, ANDREW DENYS HINE","certificateNumber":"2","numbershares":"740","classofshares":"","dateofissue":"13-12-2000","ceasedmembership":"","transferdate":"","sharestransferred":"","newcertificate":"","custodianname":"","custodianaddress":"","citizenship":"NO","pep":"NO","rst":"NOT NEGATIVE RESULT","registerlocation":""},"categories":{"0":"Officer"},"statistics":{"digest":{"0":{"edgeType":"is officer of","nodeCategories":{"0":"Company"},"nodes":1,"edges":2}},"edgeCount":2,"visibleEdgeCount":2,"hiddenEdgeCount":0}},"label":"PAMELA BARONESS SHARPLES, DAVID RICHARD SHARPLES, ANDREW DENYS HINE","x":6.3849999999999945,"y":-29.583499999999997,"fixed":true,"size":1,"glyphs":{"0":{"draw":false,"position":"top-right","content":"0"},"1":{"draw":true,"position":"bottom-right","font":"FontAwesome","textColor":"#000","content":""}},"color":"#be4400","icon":{"font":"FontAwesome","scale":1,"color":"#fff","content":""},"colors":{"0":"#be4400"},"fa2_x":31.029,"fa2_y":-15.297,"active":false,"read_cam0:size":5,"read_cam0:x":6.3849999999999945,"read_cam0:y":-29.583499999999997,"renderer1:x":1495.22,"renderer1:y":347.32250000000005,"renderer1:size":31.547867224009664}],"edges":[{"id":276917,"source":293604,"target":519183,"data":{"properties":{},"type":"registered address"},"label":"registered address","size":1,"color":"#baaba3","active":false,"hover":false,"read_cam0:size":2,"renderer1:size":12.619146889603865},{"id":783674,"source":590448,"target":72466,"data":{"properties":{},"type":"registered"},"label":"registered","size":1,"color":"#8a6960","active":false,"read_cam0:size":2,"renderer1:size":12.619146889603865},{"id":68545,"source":419849,"target":72466,"data":{"properties":{"name":"Director"},"type":"is officer of"},"label":"Director","size":1,"type":"curvedArrow","cc":{"y":null},"color":"#d48a60","hover":false,"active":false,"read_cam0:size":2,"renderer1:size":12.619146889603865},{"id":68546,"source":293604,"target":72466,"data":{"properties":{"name":"Director"},"type":"is officer of"},"label":"Director","size":1,"type":"curvedArrow","cc":{"y":null},"color":"#d48a60","hover":false,"active":false,"read_cam0:size":2,"renderer1:size":12.619146889603865},{"id":394214,"source":419849,"target":72466,"data":{"properties":{"name":"Shareholder"},"type":"is officer of"},"label":"Shareholder","size":1,"type":"curvedArrow","cc":{"y":2},"color":"#d48a60","hover":false,"active":false,"read_cam0:size":2,"renderer1:size":12.619146889603865},{"id":394215,"source":293604,"target":72466,"data":{"properties":{"name":"Shareholder"},"type":"is officer of"},"label":"Shareholder","size":1,"type":"curvedArrow","cc":{"y":2},"color":"#d48a60","hover":false,"active":false,"read_cam0:size":2,"renderer1:size":12.619146889603865}]}