{"nodes":[{"id":77977,"nodelink":{"x":-13.983,"y":-16.783,"fixed":true},"geo":{"latitudeDiff":0,"longitudeDiff":0},"data":{"properties":{"file_number":"18838","jurisdiction":"PMA","name":"VERSE DEVELOPMENT CORP.","status":"ACT","inactivationDate":"","struck_off_date":"","registrationDate":"18-NOV-1999"},"categories":{"0":"Company"},"statistics":{"digest":{"0":{"edgeType":"is officer of","nodeCategories":{"0":"Officer"},"nodes":6,"edges":6},"1":{"edgeType":"registered","nodeCategories":{"0":"Client"},"nodes":1,"edges":1}},"edgeCount":7,"visibleEdgeCount":7,"hiddenEdgeCount":0}},"label":"VERSE DEVELOPMENT CORP.","x":-13.983,"y":-16.783,"fixed":true,"size":1,"glyphs":{"0":{"draw":false,"position":"top-right","content":"0"}},"active":false,"colors":{"0":"#420e00"},"color":"#420e00","icon":{"font":"FontAwesome","scale":1,"color":"#fff","content":""},"read_cam0:size":5,"read_cam0:x":-13.983,"read_cam0:y":-16.783,"renderer1:x":1045.01538075352,"renderer1:y":211.6527235800187,"renderer1:size":16.799181433583477},{"id":422291,"nodelink":{"x":-46.369,"y":-9.968,"fixed":true},"geo":{"latitudeDiff":0,"longitudeDiff":0},"data":{"properties":{"name":"THE BEARER","certificateNumber":"1","numbershares":"1","classofshares":"","dateofissue":"19-11-1999","ceasedmembership":"28-08-2009","transferdate":"28-08-2009","sharestransferred":"1.0","newcertificate":"5","custodianname":"","custodianaddress":"","citizenship":"NO","pep":"NO","rst":"NOT NEGATIVE RESULT","registerlocation":""},"categories":{"0":"Officer"},"statistics":{"digest":{"0":{"edgeType":"is officer of","nodeCategories":{"0":"Company"},"nodes":1,"edges":1}},"edgeCount":1,"visibleEdgeCount":1,"hiddenEdgeCount":0}},"label":"THE BEARER","x":-46.369,"y":-9.968,"fixed":true,"size":1,"glyphs":{"0":{"draw":false,"position":"top-right","content":"0"}},"active":false,"colors":{"0":"#be4400"},"color":"#be4400","icon":{"font":"FontAwesome","scale":1,"color":"#fff","content":""},"read_cam0:size":5,"read_cam0:x":-46.369,"read_cam0:y":-9.968,"renderer1:x":897.6976715882035,"renderer1:y":242.65285289397016,"renderer1:size":16.799181433583477},{"id":422292,"nodelink":{"x":-37.998,"y":-25.106,"fixed":true},"geo":{"latitudeDiff":0,"longitudeDiff":0},"data":{"properties":{"name":"THE BEARER","certificateNumber":"2","numbershares":"1","classofshares":"","dateofissue":"19-11-1999","ceasedmembership":"28-08-2009","transferdate":"28-08-2009","sharestransferred":"1.0","newcertificate":"5","custodianname":"","custodianaddress":"","citizenship":"NO","pep":"NO","rst":"NOT NEGATIVE RESULT","registerlocation":""},"categories":{"0":"Officer"},"statistics":{"digest":{"0":{"edgeType":"is officer of","nodeCategories":{"0":"Company"},"nodes":1,"edges":1}},"edgeCount":1,"visibleEdgeCount":1,"hiddenEdgeCount":0}},"label":"THE BEARER","x":-37.998,"y":-25.106,"fixed":true,"size":1,"glyphs":{"0":{"draw":false,"position":"top-right","content":"0"}},"active":false,"colors":{"0":"#be4400"},"color":"#be4400","icon":{"font":"FontAwesome","scale":1,"color":"#fff","content":""},"read_cam0:size":5,"read_cam0:x":-37.998,"read_cam0:y":-25.106,"renderer1:x":935.7757467880697,"renderer1:y":173.7929911838312,"renderer1:size":16.799181433583477},{"id":422293,"nodelink":{"x":-36.224,"y":0,"fixed":true},"geo":{"latitudeDiff":0,"longitudeDiff":0},"data":{"properties":{"name":"THE BEARER","certificateNumber":"3","numbershares":"1","classofshares":"","dateofissue":"19-11-1999","ceasedmembership":"28-08-2009","transferdate":"28-08-2009","sharestransferred":"1.0","newcertificate":"5","custodianname":"","custodianaddress":"","citizenship":"NO","pep":"NO","rst":"NOT NEGATIVE RESULT","registerlocation":""},"categories":{"0":"Officer"},"statistics":{"digest":{"0":{"edgeType":"is officer of","nodeCategories":{"0":"Company"},"nodes":1,"edges":1}},"edgeCount":1,"visibleEdgeCount":1,"hiddenEdgeCount":0}},"label":"THE BEARER","x":-36.224,"y":0.49200404706294276,"fixed":true,"size":1,"glyphs":{"0":{"draw":false,"position":"top-right","content":"0"}},"active":false,"colors":{"0":"#be4400"},"color":"#be4400","icon":{"font":"FontAwesome","scale":1,"color":"#fff","content":""},"read_cam0:size":5,"read_cam0:x":-36.224,"read_cam0:y":0.49200404706294276,"renderer1:x":943.845332907358,"renderer1:y":290.2334072715794,"renderer1:size":16.799181433583477},{"id":422294,"nodelink":{"x":-22.443,"y":-38.068,"fixed":true},"geo":{"latitudeDiff":0,"longitudeDiff":0},"data":{"properties":{"name":"THE BEARER","certificateNumber":"4","numbershares":"1","classofshares":"","dateofissue":"19-11-1999","ceasedmembership":"28-08-2009","transferdate":"28-08-2009","sharestransferred":"1.0","newcertificate":"5","custodianname":"","custodianaddress":"","citizenship":"NO","pep":"NO","rst":"NOT NEGATIVE RESULT","registerlocation":""},"categories":{"0":"Officer"},"statistics":{"digest":{"0":{"edgeType":"is officer of","nodeCategories":{"0":"Company"},"nodes":1,"edges":1}},"edgeCount":1,"visibleEdgeCount":1,"hiddenEdgeCount":0}},"label":"THE BEARER","x":-22.443,"y":-38.068,"fixed":true,"size":1,"glyphs":{"0":{"draw":false,"position":"top-right","content":"0"}},"active":false,"colors":{"0":"#be4400"},"color":"#be4400","icon":{"font":"FontAwesome","scale":1,"color":"#fff","content":""},"read_cam0:size":5,"read_cam0:x":-22.443,"read_cam0:y":-38.068,"renderer1:x":1006.5324616051665,"renderer1:y":114.83133657378883,"renderer1:size":16.799181433583477},{"id":456287,"nodelink":{"x":-0.707,"y":0.008},"geo":{"latitudeDiff":0,"longitudeDiff":0},"data":{"properties":{"name":"SAFASON CORPORATION SPF S.A.","certificateNumber":"5","numbershares":"4","classofshares":"","dateofissue":"28-08-2009","ceasedmembership":"","transferdate":"","sharestransferred":"","newcertificate":"","custodianname":"","custodianaddress":"","citizenship":"NO","pep":"NO","rst":"NOT NEGATIVE RESULT","registerlocation":""},"categories":{"0":"Officer"},"statistics":{"digest":{"0":{"edgeType":"is officer of","nodeCategories":{"0":"Officer"},"nodes":1,"edges":1},"1":{"edgeType":"is officer of","nodeCategories":{"0":"Company"},"nodes":2,"edges":2}},"edgeCount":3,"visibleEdgeCount":3,"hiddenEdgeCount":0}},"label":"SAFASON CORPORATION SPF S.A.","x":-0.707,"y":0.008,"size":1,"glyphs":{"0":{"draw":false,"position":"top-right","content":"0"}},"active":false,"colors":{"0":"#be4400"},"color":"#be4400","icon":{"font":"FontAwesome","scale":1,"color":"#fff","content":""},"read_cam0:size":5,"read_cam0:x":-0.707,"read_cam0:y":0.008,"renderer1:x":1105.4053612042933,"renderer1:y":288.03176559183953,"renderer1:size":16.799181433583477},{"id":592702,"nodelink":{"x":10.986,"y":-31.246,"fixed":true},"geo":{"latitudeDiff":0,"longitudeDiff":0},"data":{"properties":{"name":"RAWI & CO.","status":"ACTIVE","client_number":"67","client_name":"RAWI & CO.","prospect_date":"","active_since":"11-FEB-1985","country":"UNITED KINGDOM","city":"LONDON","former_name":"","cross_reference":"OFFSHORE MANAGEMENT S.A.","activity":"","classification":"","subclassification":"","region":"","compliance_classification":""},"categories":{"0":"Client"},"statistics":{"digest":{"0":{"edgeType":"registered","nodeCategories":{"0":"Company"},"nodes":1482,"edges":1482}},"edgeCount":1482,"visibleEdgeCount":4,"hiddenEdgeCount":1478}},"label":"RAWI & CO.","x":10.986,"y":-31.246,"fixed":true,"size":1,"glyphs":{"0":{"draw":true,"position":"top-right","content":"1.478k"}},"active":false,"colors":{"0":"#851d00"},"color":"#851d00","icon":{"font":"FontAwesome","scale":1,"color":"#fff","content":""},"read_cam0:size":5,"read_cam0:x":10.986,"read_cam0:y":-31.246,"renderer1:x":1158.5945779420827,"renderer1:y":145.8633075466101,"renderer1:size":16.799181433583477},{"id":658458,"nodelink":{"x":-28.174,"y":14.736,"fixed":true},"geo":{"latitudeDiff":0,"longitudeDiff":0},"data":{"properties":{"name":"SAFASON CORPORATION S.A.H. (SINCE 22ND SEPTEMBER 2006)","citizenship":"NO","pep":"NO","passport_copy":"N"},"categories":{"0":"Officer"},"statistics":{"digest":{"0":{"edgeType":"is officer of","nodeCategories":{"0":"Company"},"nodes":1,"edges":1}},"edgeCount":1,"visibleEdgeCount":1,"hiddenEdgeCount":0}},"label":"SAFASON CORPORATION S.A.H. (SINCE 22ND SEPTEMBER 2006)","x":-28.174,"y":14.736,"fixed":true,"size":1,"glyphs":{"0":{"draw":false,"position":"top-right","content":"0"}},"active":false,"colors":{"0":"#be4400"},"color":"#be4400","icon":{"font":"FontAwesome","scale":1,"color":"#fff","content":""},"read_cam0:size":5,"read_cam0:x":-28.174,"read_cam0:y":14.736,"renderer1:x":980.4632406076234,"renderer1:y":355.02661585389046,"renderer1:size":16.799181433583477},{"id":130448,"nodelink":{"x":43.929,"y":-13.99,"fixed":true},"geo":{"latitudeDiff":0,"longitudeDiff":0},"data":{"properties":{"file_number":"21763","jurisdiction":"PMA","name":"INROW CORPORATION","status":"ACT","inactivationDate":"","struck_off_date":"","registrationDate":"07-NOV-2002"},"categories":{"0":"Company"},"statistics":{"digest":{"0":{"edgeType":"is officer of","nodeCategories":{"0":"Officer"},"nodes":4,"edges":4},"1":{"edgeType":"registered","nodeCategories":{"0":"Client"},"nodes":1,"edges":1}},"edgeCount":5,"visibleEdgeCount":5,"hiddenEdgeCount":0}},"label":"INROW CORPORATION","x":43.929,"y":-13.99,"fixed":true,"size":1,"glyphs":{"0":{"draw":false,"position":"top-right","content":"0"}},"active":false,"colors":{"0":"#420e00"},"color":"#420e00","icon":{"font":"FontAwesome","scale":1,"color":"#fff","content":""},"read_cam0:size":5,"read_cam0:x":43.929,"read_cam0:y":-13.99,"renderer1:x":1308.445973391753,"renderer1:y":224.35754546906733,"renderer1:size":16.799181433583477},{"id":667757,"nodelink":{"x":76.971,"y":41.398,"fixed":true},"geo":{"latitudeDiff":0,"longitudeDiff":0},"data":{"properties":{"name":"King Salman bin Abdulaziz bin Abdulrahman Al Saud"},"categories":{"0":"Officer"},"statistics":{"digest":{"0":{"edgeType":"is officer of","nodeCategories":{"0":"Officer"},"nodes":5,"edges":5}},"edgeCount":5,"visibleEdgeCount":5,"hiddenEdgeCount":0}},"label":"King Salman bin Abdulaziz bin Abdulrahman Al Saud","x":76.971,"y":41.398,"fixed":true,"size":1,"glyphs":{"0":{"draw":false,"position":"top-right","content":"0"}},"active":false,"colors":{"0":"#be4400"},"color":"#be4400","icon":{"font":"FontAwesome","scale":1,"color":"#fff","content":""},"read_cam0:size":5,"read_cam0:x":76.971,"read_cam0:y":41.398,"renderer1:x":1458.7477008740102,"renderer1:y":476.30694568053366,"renderer1:size":16.799181433583477},{"id":354835,"nodelink":{"x":-11.502,"y":76.341},"geo":{"latitudeDiff":0,"longitudeDiff":0},"data":{"properties":{"name":"SAFASON CORPORATION","certificateNumber":"1","numbershares":"50,000","classofshares":"Ordinary","dateofissue":"05-10-2006","ceasedmembership":"02-02-2011","transferdate":"","sharestransferred":"","newcertificate":"","custodianname":"","custodianaddress":"","citizenship":"NO","pep":"NO","rst":"NOT NEGATIVE RESULT","registerlocation":"Akara Building   24 de Castro Street   Wickhams Cay I   Road Town   Tortola   British Virgin Islands"},"categories":{"0":"Officer"},"statistics":{"digest":{"0":{"edgeType":"is officer of","nodeCategories":{"0":"Officer"},"nodes":1,"edges":1},"1":{"edgeType":"registered address","nodeCategories":{"0":"Address"},"nodes":1,"edges":1},"2":{"edgeType":"is officer of","nodeCategories":{"0":"Company"},"nodes":1,"edges":1}},"edgeCount":3,"visibleEdgeCount":3,"hiddenEdgeCount":0}},"label":"SAFASON CORPORATION","x":-11.502,"y":76.341,"size":1,"glyphs":{"0":{"draw":false,"position":"top-right","content":"0"}},"active":false,"colors":{"0":"#be4400"},"color":"#be4400","icon":{"font":"FontAwesome","scale":1,"color":"#fff","content":""},"read_cam0:size":5,"read_cam0:x":-11.502,"read_cam0:y":76.341,"renderer1:x":1056.3009744186577,"renderer1:y":635.2559579501456,"renderer1:size":16.799181433583477},{"id":354836,"nodelink":{"x":4.914,"y":26.647,"fixed":true},"geo":{"latitudeDiff":0,"longitudeDiff":0},"data":{"properties":{"name":"SAFASON CORPORATION SPF S.A.","certificateNumber":"2","numbershares":"50,000","classofshares":"Ordinary","dateofissue":"02-02-2011","ceasedmembership":"","transferdate":"","sharestransferred":"","newcertificate":"","custodianname":"","custodianaddress":"","citizenship":"NO","pep":"NO","rst":"NOT NEGATIVE RESULT","registerlocation":"Akara Building   24 de Castro Street   Wickhams Cay I   Road Town   Tortola   British Virgin Islands"},"categories":{"0":"Officer"},"statistics":{"digest":{"0":{"edgeType":"is officer of","nodeCategories":{"0":"Officer"},"nodes":1,"edges":1},"1":{"edgeType":"registered address","nodeCategories":{"0":"Address"},"nodes":1,"edges":1},"2":{"edgeType":"is officer of","nodeCategories":{"0":"Company"},"nodes":1,"edges":1}},"edgeCount":3,"visibleEdgeCount":3,"hiddenEdgeCount":0}},"label":"SAFASON CORPORATION SPF S.A.","x":4.914,"y":26.647,"fixed":true,"size":1,"glyphs":{"0":{"draw":false,"position":"top-right","content":"0"}},"active":false,"colors":{"0":"#be4400"},"color":"#be4400","icon":{"font":"FontAwesome","scale":1,"color":"#fff","content":""},"read_cam0:size":5,"read_cam0:x":4.914,"read_cam0:y":26.647,"renderer1:x":1130.9742132767394,"renderer1:y":409.2074728250534,"renderer1:size":16.799181433583477},{"id":363838,"nodelink":{"x":43.518,"y":7.308,"fixed":true},"geo":{"latitudeDiff":0,"longitudeDiff":0},"data":{"properties":{"name":"SAFASON CORPORATION","certificateNumber":"2","numbershares":"50,000","classofshares":"Ordinary","dateofissue":"05-10-2006","ceasedmembership":"04-09-2009","transferdate":"","sharestransferred":"","newcertificate":"3","custodianname":"","custodianaddress":"","citizenship":"NO","pep":"NO","rst":"NOT NEGATIVE RESULT","registerlocation":"Erga Palace Albostab St. Erga   Riyadh Kingdom of Saudi Arabia"},"categories":{"0":"Officer"},"statistics":{"digest":{"0":{"edgeType":"is officer of","nodeCategories":{"0":"Officer"},"nodes":1,"edges":1},"1":{"edgeType":"registered address","nodeCategories":{"0":"Address"},"nodes":1,"edges":1},"2":{"edgeType":"is officer of","nodeCategories":{"0":"Company"},"nodes":2,"edges":2}},"edgeCount":4,"visibleEdgeCount":4,"hiddenEdgeCount":0}},"label":"SAFASON CORPORATION","x":43.518,"y":7.308,"fixed":true,"size":1,"glyphs":{"0":{"draw":false,"position":"top-right","content":"0"}},"active":false,"colors":{"0":"#be4400"},"color":"#be4400","icon":{"font":"FontAwesome","scale":1,"color":"#fff","content":""},"read_cam0:size":5,"read_cam0:x":43.518,"read_cam0:y":7.308,"renderer1:x":1306.5764131352548,"renderer1:y":321.23806698462687,"renderer1:size":16.799181433583477},{"id":363839,"nodelink":{"x":91.487,"y":7.783,"fixed":true},"geo":{"latitudeDiff":0,"longitudeDiff":0},"data":{"properties":{"name":"SAFASON CORPORATION SPF S.A.","certificateNumber":"3","numbershares":"50,000","classofshares":"Ordinary","dateofissue":"04-09-2009","ceasedmembership":"","transferdate":"","sharestransferred":"","newcertificate":"","custodianname":"","custodianaddress":"","citizenship":"NO","pep":"NO","rst":"NOT NEGATIVE RESULT","registerlocation":"Erga Palace Albostab St. Erga   Riyadh Kingdom of Saudi Arabia"},"categories":{"0":"Officer"},"statistics":{"digest":{"0":{"edgeType":"is officer of","nodeCategories":{"0":"Officer"},"nodes":1,"edges":1},"1":{"edgeType":"registered address","nodeCategories":{"0":"Address"},"nodes":1,"edges":1},"2":{"edgeType":"is officer of","nodeCategories":{"0":"Company"},"nodes":1,"edges":1}},"edgeCount":3,"visibleEdgeCount":3,"hiddenEdgeCount":0}},"label":"SAFASON CORPORATION SPF S.A.","x":91.487,"y":7.783,"fixed":true,"size":1,"glyphs":{"0":{"draw":false,"position":"top-right","content":"0"}},"active":false,"colors":{"0":"#be4400"},"color":"#be4400","icon":{"font":"FontAwesome","scale":1,"color":"#fff","content":""},"read_cam0:size":5,"read_cam0:x":91.487,"read_cam0:y":7.783,"renderer1:x":1524.7782037531474,"renderer1:y":323.398750979363,"renderer1:size":16.799181433583477},{"id":476586,"nodelink":{"x":24.639,"y":-45.122,"fixed":true},"geo":{"latitudeDiff":0,"longitudeDiff":0},"data":{"properties":{"name":"SHAF CORPORATION","certificateNumber":"2","numbershares":"100","classofshares":"","dateofissue":"15-04-2004","ceasedmembership":"04-10-2006","transferdate":"04-10-2006","sharestransferred":"100.0","newcertificate":"3","custodianname":"","custodianaddress":"","citizenship":"NO","pep":"NO","rst":"NOT NEGATIVE RESULT","registerlocation":""},"categories":{"0":"Officer"},"statistics":{"digest":{"0":{"edgeType":"is officer of","nodeCategories":{"0":"Company"},"nodes":1,"edges":1}},"edgeCount":1,"visibleEdgeCount":1,"hiddenEdgeCount":0}},"label":"SHAF CORPORATION","x":24.639,"y":-45.122,"fixed":true,"size":1,"glyphs":{"0":{"draw":false,"position":"top-right","content":"0"}},"active":false,"colors":{"0":"#be4400"},"color":"#be4400","icon":{"font":"FontAwesome","scale":1,"color":"#fff","content":""},"read_cam0:size":5,"read_cam0:x":24.639,"read_cam0:y":-45.122,"renderer1:x":1220.6994591634148,"renderer1:y":82.74404204985433,"renderer1:size":16.799181433583477},{"id":476615,"nodelink":{"x":52.559,"y":-35.553,"fixed":true},"geo":{"latitudeDiff":0,"longitudeDiff":0},"data":{"properties":{"name":"COSMOTIME CORPORATION","certificateNumber":"1","numbershares":"100","classofshares":"","dateofissue":"08-11-2002","ceasedmembership":"15-04-2004","transferdate":"15-04-2004","sharestransferred":"100.0","newcertificate":"2","custodianname":"","custodianaddress":"","citizenship":"NO","pep":"NO","rst":"NOT NEGATIVE RESULT","registerlocation":""},"categories":{"0":"Officer"},"statistics":{"digest":{"0":{"edgeType":"is officer of","nodeCategories":{"0":"Company"},"nodes":1,"edges":1}},"edgeCount":1,"visibleEdgeCount":1,"hiddenEdgeCount":0}},"label":"COSMOTIME CORPORATION","x":52.559,"y":-35.553,"fixed":true,"size":1,"glyphs":{"0":{"draw":false,"position":"top-right","content":"0"}},"active":false,"colors":{"0":"#be4400"},"color":"#be4400","icon":{"font":"FontAwesome","scale":1,"color":"#fff","content":""},"read_cam0:size":5,"read_cam0:x":52.559,"read_cam0:y":-35.553,"renderer1:x":1347.7021899698013,"renderer1:y":126.27158972486555,"renderer1:size":16.799181433583477},{"id":10485,"nodelink":{"x":70.477,"y":61.452,"fixed":true},"geo":{"latitudeDiff":0,"longitudeDiff":0},"data":{"properties":{"file_number":"563889","jurisdiction":"BVI","name":"CRASSUS LIMITED","status":"ACT","inactivationDate":"","struck_off_date":"","registrationDate":"13-AUG-2004"},"categories":{"0":"Company"},"statistics":{"digest":{"0":{"edgeType":"is officer of","nodeCategories":{"0":"Officer"},"nodes":2,"edges":2},"1":{"edgeType":"registered","nodeCategories":{"0":"Client"},"nodes":1,"edges":1}},"edgeCount":3,"visibleEdgeCount":3,"hiddenEdgeCount":0}},"label":"CRASSUS LIMITED","x":70.477,"y":61.452,"fixed":true,"size":1,"glyphs":{"0":{"draw":false,"position":"top-right","content":"0"}},"active":false,"colors":{"0":"#420e00"},"color":"#420e00","icon":{"font":"FontAwesome","scale":1,"color":"#fff","content":""},"read_cam0:size":5,"read_cam0:x":70.477,"read_cam0:y":61.452,"renderer1:x":1429.2077390596594,"renderer1:y":567.5287495340895,"renderer1:size":16.799181433583477},{"id":544707,"nodelink":{"x":-16.439,"y":49.121,"fixed":true},"geo":{"latitudeDiff":0,"longitudeDiff":0},"data":{"properties":{"name":"L-2086 Luxembourg, 23 Avenue Monterey"},"categories":{"0":"Address"},"statistics":{"digest":{"0":{"edgeType":"registered address","nodeCategories":{"0":"Officer"},"nodes":2,"edges":2}},"edgeCount":2,"visibleEdgeCount":2,"hiddenEdgeCount":0}},"label":"L-2086 Luxembourg, 23 Avenue Monterey","x":-16.439,"y":49.121,"fixed":true,"size":1,"glyphs":{"0":{"draw":false,"position":"top-right","content":"0"}},"active":false,"colors":{"0":"#937c6f"},"color":"#937c6f","icon":{"font":"FontAwesome","scale":1,"color":"#fff","content":""},"read_cam0:size":5,"read_cam0:x":-16.439,"read_cam0:y":49.121,"renderer1:x":1033.8435072986315,"renderer1:y":511.4373930307387,"renderer1:size":16.799181433583477},{"id":7256,"nodelink":{"x":77.4,"y":-21.069,"fixed":true},"geo":{"latitudeDiff":0,"longitudeDiff":0},"selected":true,"data":{"properties":{"file_number":"572850","jurisdiction":"BVI","name":"PARK PROPERTY LIMITED","status":"ACT","inactivationDate":"","struck_off_date":"","registrationDate":"22-AUG-2005"},"categories":{"0":"Company"},"statistics":{"digest":{"0":{"edgeType":"is officer of","nodeCategories":{"0":"Officer"},"nodes":3,"edges":3},"1":{"edgeType":"registered","nodeCategories":{"0":"Client"},"nodes":1,"edges":1}},"edgeCount":4,"visibleEdgeCount":4,"hiddenEdgeCount":0}},"label":"PARK PROPERTY LIMITED","x":77.4,"y":-21.069,"fixed":true,"size":1,"glyphs":{"0":{"draw":false,"position":"top-right","content":"0"}},"active":true,"colors":{"0":"#420e00"},"color":"#420e00","icon":{"font":"FontAwesome","scale":1,"color":"#fff","content":""},"read_cam0:size":5,"read_cam0:x":77.4,"read_cam0:y":-21.069,"renderer1:x":1460.6991396818878,"renderer1:y":192.15653073488357,"renderer1:size":16.799181433583477},{"id":509189,"nodelink":{"x":116.897,"y":35.318,"fixed":true},"geo":{"latitudeDiff":0,"longitudeDiff":0},"data":{"properties":{"name":"23 Avenue Monterey; L-2086; Luxembourg"},"categories":{"0":"Address"},"statistics":{"digest":{"0":{"edgeType":"registered address","nodeCategories":{"0":"Officer"},"nodes":3,"edges":3}},"edgeCount":3,"visibleEdgeCount":3,"hiddenEdgeCount":0}},"label":"23 Avenue Monterey; L-2086; Luxembourg","x":116.897,"y":35.318,"fixed":true,"size":1,"glyphs":{"0":{"draw":false,"position":"top-right","content":"0"}},"active":false,"colors":{"0":"#937c6f"},"color":"#937c6f","icon":{"font":"FontAwesome","scale":1,"color":"#fff","content":""},"read_cam0:size":5,"read_cam0:x":116.897,"read_cam0:y":35.318,"renderer1:x":1640.363425450507,"renderer1:y":448.6501905479108,"renderer1:size":16.799181433583477},{"id":363837,"nodelink":{"x":121.72,"y":-1.456},"geo":{"latitudeDiff":0,"longitudeDiff":0},"data":{"properties":{"name":"PARK PROPERTY LIMITED","certificateNumber":"1","numbershares":"50,000","classofshares":"Ordinary","dateofissue":"15-09-2005","ceasedmembership":"05-10-2006","transferdate":"","sharestransferred":"","newcertificate":"2","custodianname":"","custodianaddress":"","citizenship":"NO","pep":"NO","rst":"NOT NEGATIVE RESULT","registerlocation":"Erga Palace Albostab St. Erga   Riyadh Kingdom of Saudi Arabia"},"categories":{"0":"Officer"},"statistics":{"digest":{"0":{"edgeType":"registered address","nodeCategories":{"0":"Address"},"nodes":1,"edges":1},"1":{"edgeType":"is officer of","nodeCategories":{"0":"Company"},"nodes":1,"edges":1}},"edgeCount":2,"visibleEdgeCount":2,"hiddenEdgeCount":0}},"label":"PARK PROPERTY LIMITED","x":121.72,"y":-1.456,"size":1,"glyphs":{"0":{"draw":false,"position":"top-right","content":"0"}},"active":false,"colors":{"0":"#be4400"},"color":"#be4400","icon":{"font":"FontAwesome","scale":1,"color":"#fff","content":""},"read_cam0:size":5,"read_cam0:x":121.72,"read_cam0:y":-1.456,"renderer1:x":1662.3023284117967,"renderer1:y":281.37231007964215,"renderer1:size":16.799181433583477}],"edges":[{"id":60664,"source":658458,"target":77977,"data":{"properties":{"name":"Beneficiay"},"type":"is officer of"},"label":"is officer of","size":1,"active":false,"color":"#d48a60","read_cam0:size":2,"renderer1:size":6.719672573433391},{"id":591630,"source":422292,"target":77977,"data":{"properties":{"name":"Shareholder"},"type":"is officer of"},"label":"is officer of","size":1,"active":false,"color":"#d48a60","read_cam0:size":2,"renderer1:size":6.719672573433391},{"id":591631,"source":456287,"target":77977,"data":{"properties":{"name":"Shareholder"},"type":"is officer of"},"label":"is officer of","size":1,"active":false,"color":"#d48a60","read_cam0:size":2,"renderer1:size":6.719672573433391},{"id":591632,"source":422291,"target":77977,"data":{"properties":{"name":"Shareholder"},"type":"is officer of"},"label":"is officer of","size":1,"active":false,"color":"#d48a60","hover":false,"read_cam0:size":2,"renderer1:size":6.719672573433391},{"id":591633,"source":422293,"target":77977,"data":{"properties":{"name":"Shareholder"},"type":"is officer of"},"label":"is officer of","size":1,"active":false,"color":"#d48a60","read_cam0:size":2,"renderer1:size":6.719672573433391},{"id":591634,"source":422294,"target":77977,"data":{"properties":{"name":"Shareholder"},"type":"is officer of"},"label":"is officer of","size":1,"active":false,"color":"#d48a60","read_cam0:size":2,"renderer1:size":6.719672573433391},{"id":618657,"source":592702,"target":77977,"data":{"properties":{},"type":"registered"},"label":"registered","size":1,"active":false,"color":"#8a6960","read_cam0:size":2,"renderer1:size":6.719672573433391},{"id":70472,"source":667757,"target":456287,"data":{"properties":{"name":"Director"},"type":"is officer of"},"label":"is officer of","size":1,"active":false,"color":"#d48a60","read_cam0:size":2,"renderer1:size":6.719672573433391},{"id":592052,"source":456287,"target":130448,"data":{"properties":{"name":"Shareholder"},"type":"is officer of"},"label":"is officer of","size":1,"active":false,"color":"#d48a60","read_cam0:size":2,"renderer1:size":6.719672573433391},{"id":634215,"source":592702,"target":130448,"data":{"properties":{},"type":"registered"},"label":"registered","size":1,"active":false,"color":"#8a6960","read_cam0:size":2,"renderer1:size":6.719672573433391},{"id":70471,"source":667757,"target":363839,"data":{"properties":{"name":"Director"},"type":"is officer of"},"label":"is officer of","size":1,"active":false,"color":"#d48a60","read_cam0:size":2,"renderer1:size":6.719672573433391},{"id":70473,"source":667757,"target":354836,"data":{"properties":{"name":"Director"},"type":"is officer of"},"label":"is officer of","size":1,"active":false,"color":"#d48a60","read_cam0:size":2,"renderer1:size":6.719672573433391},{"id":70474,"source":667757,"target":354835,"data":{"properties":{"name":"Director"},"type":"is officer of"},"label":"is officer of","size":1,"active":false,"color":"#d48a60","read_cam0:size":2,"renderer1:size":6.719672573433391},{"id":70475,"source":667757,"target":363838,"data":{"properties":{"name":"Director"},"type":"is officer of"},"label":"is officer of","size":1,"active":false,"color":"#d48a60","read_cam0:size":2,"renderer1:size":6.719672573433391},{"id":592053,"source":363838,"target":130448,"data":{"properties":{"name":"Shareholder"},"type":"is officer of"},"label":"is officer of","size":1,"active":false,"color":"#d48a60","read_cam0:size":2,"renderer1:size":6.719672573433391},{"id":592051,"source":476586,"target":130448,"data":{"properties":{"name":"Shareholder"},"type":"is officer of"},"label":"is officer of","size":1,"active":false,"color":"#d48a60","read_cam0:size":2,"renderer1:size":6.719672573433391},{"id":592054,"source":476615,"target":130448,"data":{"properties":{"name":"Shareholder"},"type":"is officer of"},"label":"is officer of","size":1,"active":false,"color":"#d48a60","read_cam0:size":2,"renderer1:size":6.719672573433391},{"id":262997,"source":354836,"target":544707,"data":{"properties":{},"type":"registered address"},"label":"registered address","size":1,"active":false,"color":"#baaba3","read_cam0:size":2,"renderer1:size":6.719672573433391},{"id":288452,"source":354835,"target":544707,"data":{"properties":{},"type":"registered address"},"label":"registered address","size":1,"active":false,"color":"#baaba3","read_cam0:size":2,"renderer1:size":6.719672573433391},{"id":441643,"source":354836,"target":10485,"data":{"properties":{"name":"Shareholder"},"type":"is officer of"},"label":"is officer of","size":1,"active":false,"color":"#d48a60","read_cam0:size":2,"renderer1:size":6.719672573433391},{"id":441644,"source":354835,"target":10485,"data":{"properties":{"name":"Shareholder"},"type":"is officer of"},"label":"is officer of","size":1,"active":false,"color":"#d48a60","read_cam0:size":2,"renderer1:size":6.719672573433391},{"id":713896,"source":592702,"target":10485,"data":{"properties":{},"type":"registered"},"label":"registered","size":1,"active":false,"color":"#8a6960","read_cam0:size":2,"renderer1:size":6.719672573433391},{"id":246577,"source":363839,"target":509189,"data":{"properties":{},"type":"registered address"},"label":"registered address","size":1,"active":false,"color":"#baaba3","read_cam0:size":2,"renderer1:size":6.719672573433391},{"id":306731,"source":363838,"target":509189,"data":{"properties":{},"type":"registered address"},"label":"registered address","size":1,"active":false,"color":"#baaba3","read_cam0:size":2,"renderer1:size":6.719672573433391},{"id":466692,"source":363839,"target":7256,"data":{"properties":{"name":"Shareholder"},"type":"is officer of"},"label":"is officer of","size":1,"active":false,"color":"#d48a60","read_cam0:size":2,"renderer1:size":6.719672573433391},{"id":466693,"source":363838,"target":7256,"data":{"properties":{"name":"Shareholder"},"type":"is officer of"},"label":"is officer of","size":1,"active":false,"color":"#d48a60","read_cam0:size":2,"renderer1:size":6.719672573433391},{"id":723205,"source":592702,"target":7256,"data":{"properties":{},"type":"registered"},"label":"registered","size":1,"active":false,"color":"#8a6960","read_cam0:size":2,"renderer1:size":6.719672573433391},{"id":466691,"source":363837,"target":7256,"data":{"properties":{"name":"Shareholder"},"type":"is officer of"},"label":"is officer of","size":1,"active":false,"color":"#d48a60","read_cam0:size":2,"renderer1:size":6.719672573433391},{"id":868881,"source":363837,"target":509189,"data":{"properties":{},"type":"registered address"},"label":"registered address","size":1,"active":false,"color":"#baaba3","read_cam0:size":2,"renderer1:size":6.719672573433391}]}