{"nodes":[{"id":667768,"nodelink":{"x":0.82,"y":-3,"fixed":true},"geo":{"latitudeDiff":0,"longitudeDiff":0},"data":{"properties":{"name":"Mounir Majidi"},"categories":{"0":"Officer"},"statistics":{"digest":{"0":{"edgeType":"is officer of","nodeCategories":{"0":"Company"},"nodes":1,"edges":1}},"edgeCount":1,"visibleEdgeCount":1,"hiddenEdgeCount":0}},"label":"Mounir Majidi","x":0.82,"y":-3,"fixed":true,"size":1,"glyphs":{"0":{"draw":false,"position":"top-right","content":"0"}},"color":"#be4400","icon":{"font":"FontAwesome","scale":1,"color":"#fff","content":""},"fa2_x":0.82,"fa2_y":-3,"active":false,"colors":{"0":"#be4400"},"read_cam0:size":5,"read_cam0:x":0.82,"read_cam0:y":-3,"renderer1:x":1180.2936516523362,"renderer1:y":212.5,"renderer1:size":31.547867224009664},{"id":593486,"nodelink":{"x":-10.18,"y":26.3,"fixed":true},"geo":{"latitudeDiff":0,"longitudeDiff":0},"data":{"properties":{"name":"DEXTIMA CONSEILS S.A.","client_number":"90388","client_name":"DEXTIMA CONSEILS S.A."},"categories":{"0":"Client"},"statistics":{"digest":{"0":{"edgeType":"registered","nodeCategories":{"0":"Company"},"nodes":34,"edges":34}},"edgeCount":34,"visibleEdgeCount":1,"hiddenEdgeCount":33}},"label":"DEXTIMA CONSEILS S.A.","x":-10.18,"y":26.3,"fixed":true,"size":1,"glyphs":{"0":{"draw":true,"position":"top-right","content":"33"}},"color":"#851d00","icon":{"font":"FontAwesome","scale":1,"color":"#fff","content":""},"fa2_x":-10.18,"fa2_y":26.3,"active":false,"colors":{"0":"#851d00"},"read_cam0:size":5,"read_cam0:x":-10.18,"read_cam0:y":26.3,"renderer1:x":1070.2936516523362,"renderer1:y":505.5,"renderer1:size":31.547867224009664},{"id":108136,"data":{"properties":{"file_number":"570616","jurisdiction":"BVI","name":"SMCD LIMITED","status":"DIS","inactivationDate":"17-SEP-2013","struck_off_date":"31-OCT-2014","registrationDate":"13-MAY-2005"},"categories":{"0":"Company"},"statistics":{"digest":{"0":{"edgeType":"is officer of","nodeCategories":{"0":"Officer"},"nodes":2,"edges":2},"1":{"edgeType":"registered","nodeCategories":{"0":"Client"},"nodes":1,"edges":1}},"edgeCount":3,"visibleEdgeCount":2,"hiddenEdgeCount":1}},"x":31.76126966953277,"y":20.914405365288257,"label":"SMCD LIMITED","size":1,"glyphs":{"0":{"draw":true,"position":"top-right","content":"1"},"1":{"draw":true,"position":"bottom-right","font":"FontAwesome","textColor":"#000","content":""}},"colors":{"0":"#420e00"},"color":"#420e00","icon":{"font":"FontAwesome","scale":1,"color":"#fff","content":""},"fa2_x":0.31253933906555176,"fa2_y":0.1788107305765152,"fixed":true,"read_cam0:size":5,"read_cam0:x":31.76126966953277,"read_cam0:y":20.914405365288257,"renderer1:x":1489.7063483476638,"renderer1:y":451.6440536528826,"renderer1:size":31.547867224009664}],"edges":[{"id":69542,"source":667768,"target":108136,"data":{"properties":{"name":"Power of Attorney","date_start":"16/03/2006","date_end":""},"type":"is officer of"},"label":"is officer of","size":1,"color":"#d48a60","read_cam0:size":2,"renderer1:size":12.619146889603865},{"id":717368,"source":593486,"target":108136,"data":{"properties":{},"type":"registered"},"label":"registered","size":1,"color":"#8a6960","read_cam0:size":2,"renderer1:size":12.619146889603865}]}