{"nodes":[{"id":60322,"nodelink":{"x":-152.766,"y":30.75,"fixed":true},"geo":{"latitudeDiff":0,"longitudeDiff":0},"data":{"properties":{"file_number":"523204","jurisdiction":"BVI","name":"SEADALE INTERNATIONAL CORPORATION","status":"REN","inactivationDate":"22-FEB-2011","struck_off_date":"30-APR-2012","registrationDate":"07-AUG-1997"},"categories":{"0":"Company"},"statistics":{"digest":{"0":{"edgeType":"is officer of","nodeCategories":{"0":"Officer"},"nodes":8,"edges":8},"1":{"edgeType":"registered","nodeCategories":{"0":"Client"},"nodes":1,"edges":1}},"edgeCount":9,"visibleEdgeCount":9,"hiddenEdgeCount":0}},"label":"SEADALE INTERNATIONAL CORPORATION","x":-152.766,"y":30.75,"fixed":true,"size":1,"glyphs":{"0":{"draw":false,"position":"top-right","content":"0"}},"active":false,"color":"#420e00","icon":{"font":"FontAwesome","scale":1,"color":"#fff","content":""},"fa2_x":-152.766,"fa2_y":30.75,"colors":{"0":"#420e00"},"read_cam0:size":5,"read_cam0:x":-152.766,"read_cam0:y":30.75,"renderer1:x":1019.58201771927,"renderer1:y":376.5330138179317,"renderer1:size":7.494840693432569},{"id":373051,"nodelink":{"x":99.396,"y":186.983,"fixed":true},"geo":{"latitudeDiff":0,"longitudeDiff":0},"selected":true,"data":{"properties":{"name":"Hafez Makhlouf","certificateNumber":"1","numbershares":"1","classofshares":"ORDINARY","dateofissue":"14-02-2007","ceasedmembership":"","transferdate":"","sharestransferred":"","newcertificate":"","custodianname":"","custodianaddress":"","citizenship":"NO","pep":"NO","rst":"NOT NEGATIVE RESULT","registerlocation":""},"categories":{"0":"Officer"},"statistics":{"digest":{"0":{"edgeType":"registered address","nodeCategories":{"0":"Address"},"nodes":1,"edges":1},"1":{"edgeType":"is officer of","nodeCategories":{"0":"Company"},"nodes":1,"edges":2}},"edgeCount":3,"visibleEdgeCount":3,"hiddenEdgeCount":0}},"label":"Hafez Makhlouf","x":99.396,"y":186.983,"fixed":true,"size":1,"glyphs":{"0":{"draw":false,"position":"top-right","content":"0"}},"active":false,"color":"#be4400","icon":{"font":"FontAwesome","scale":1,"color":"#fff","content":""},"fa2_x":99.396,"fa2_y":186.983,"colors":{"0":"#be4400"},"read_cam0:size":5,"read_cam0:x":99.396,"read_cam0:y":186.983,"renderer1:x":1437.8167949737672,"renderer1:y":635.6603762071968,"renderer1:size":7.494840693432569},{"id":14909,"nodelink":{"x":-24.354,"y":141.341,"fixed":true},"geo":{"latitudeDiff":0,"longitudeDiff":0},"data":{"properties":{"file_number":"584033","jurisdiction":"BVI","name":"Eagle Trading & Contracting Limited","status":"REN","inactivationDate":"27-DEC-2011","struck_off_date":"31-OCT-2008","registrationDate":"14-FEB-2007"},"categories":{"0":"Company"},"statistics":{"digest":{"0":{"edgeType":"is officer of","nodeCategories":{"0":"Officer"},"nodes":2,"edges":3},"1":{"edgeType":"registered","nodeCategories":{"0":"Client"},"nodes":1,"edges":1}},"edgeCount":4,"visibleEdgeCount":4,"hiddenEdgeCount":0}},"label":"Eagle Trading & Contracting Limited","x":-24.354,"y":141.341,"fixed":true,"size":1,"glyphs":{"0":{"draw":false,"position":"top-right","content":"0"}},"active":false,"color":"#420e00","icon":{"font":"FontAwesome","scale":1,"color":"#fff","content":""},"fa2_x":-24.354,"fa2_y":141.341,"colors":{"0":"#420e00"},"read_cam0:size":5,"read_cam0:x":-24.354,"read_cam0:y":141.341,"renderer1:x":1232.5655926306542,"renderer1:y":559.9587569963334,"renderer1:size":7.494840693432569},{"id":536483,"nodelink":{"x":151.154,"y":195.452,"fixed":true},"geo":{"latitudeDiff":0,"longitudeDiff":0},"data":{"properties":{"name":"Farouik Building; Malki Area-Bazem; P.O.Box 3931; Damascus; Syria"},"categories":{"0":"Address"},"statistics":{"digest":{"0":{"edgeType":"registered address","nodeCategories":{"0":"Officer"},"nodes":1,"edges":1}},"edgeCount":1,"visibleEdgeCount":1,"hiddenEdgeCount":0}},"label":"Farouik Building; Malki Area-Bazem; P.O.Box 3931; Damascus; Syria","x":151.154,"y":195.452,"fixed":true,"size":1,"glyphs":{"0":{"draw":false,"position":"top-right","content":"0"}},"active":false,"color":"#937c6f","icon":{"font":"FontAwesome","scale":1,"color":"#fff","content":""},"fa2_x":151.154,"fa2_y":195.452,"colors":{"0":"#937c6f"},"read_cam0:size":5,"read_cam0:x":151.154,"read_cam0:y":195.452,"renderer1:x":1523.6623847182104,"renderer1:y":649.707022127551,"renderer1:size":7.494840693432569},{"id":313333,"nodelink":{"x":96.572,"y":110.286,"fixed":true},"geo":{"latitudeDiff":0,"longitudeDiff":0},"data":{"properties":{"name":"THE BEARER","certificateNumber":"1","numbershares":"12,500","classofshares":"","dateofissue":"22-08-1997","ceasedmembership":"01-07-1998","transferdate":"","sharestransferred":"","newcertificate":"","custodianname":"","custodianaddress":"","citizenship":"NO","pep":"NO","rst":"NOT NEGATIVE RESULT","registerlocation":"HSBC PRIVATE BANK (SUISSE) S.A. RUE DE LAUSANNE 18-20 1201 GENEVA SWITZERLAND"},"categories":{"0":"Officer"},"statistics":{"digest":{"0":{"edgeType":"is officer of","nodeCategories":{"0":"Company"},"nodes":1,"edges":1}},"edgeCount":1,"visibleEdgeCount":1,"hiddenEdgeCount":0}},"label":"THE BEARER","x":96.572,"y":110.286,"fixed":true,"size":1,"glyphs":{"0":{"draw":false,"position":"top-right","content":"0"}},"active":false,"color":"#be4400","icon":{"font":"FontAwesome","scale":1,"color":"#fff","content":""},"fa2_x":96.572,"fa2_y":110.286,"colors":{"0":"#be4400"},"read_cam0:size":5,"read_cam0:x":96.572,"read_cam0:y":110.286,"renderer1:x":1433.132921071408,"renderer1:y":508.4510714305526,"renderer1:size":7.494840693432569},{"id":313334,"nodelink":{"x":97.513,"y":118.756,"fixed":true},"geo":{"latitudeDiff":0,"longitudeDiff":0},"data":{"properties":{"name":"THE BEARER","certificateNumber":"2","numbershares":"12,500","classofshares":"","dateofissue":"22-08-1997","ceasedmembership":"01-07-1998","transferdate":"","sharestransferred":"","newcertificate":"","custodianname":"","custodianaddress":"","citizenship":"NO","pep":"NO","rst":"NOT NEGATIVE RESULT","registerlocation":"HSBC PRIVATE BANK (SUISSE) S.A. RUE DE LAUSANNE 18-20 1201 GENEVA SWITZERLAND"},"categories":{"0":"Officer"},"statistics":{"digest":{"0":{"edgeType":"is officer of","nodeCategories":{"0":"Company"},"nodes":1,"edges":1}},"edgeCount":1,"visibleEdgeCount":1,"hiddenEdgeCount":0}},"label":"THE BEARER","x":97.513,"y":118.756,"fixed":true,"size":1,"glyphs":{"0":{"draw":false,"position":"top-right","content":"0"}},"active":false,"color":"#be4400","icon":{"font":"FontAwesome","scale":1,"color":"#fff","content":""},"fa2_x":97.513,"fa2_y":118.756,"colors":{"0":"#be4400"},"read_cam0:size":5,"read_cam0:x":97.513,"read_cam0:y":118.756,"renderer1:x":1434.6936595070028,"renderer1:y":522.4993759464812,"renderer1:size":7.494840693432569},{"id":313335,"nodelink":{"x":97.513,"y":101.346,"fixed":true},"geo":{"latitudeDiff":0,"longitudeDiff":0},"data":{"properties":{"name":"THE BEARER","certificateNumber":"3","numbershares":"12,500","classofshares":"","dateofissue":"22-08-1997","ceasedmembership":"01-07-1998","transferdate":"","sharestransferred":"","newcertificate":"","custodianname":"","custodianaddress":"","citizenship":"NO","pep":"NO","rst":"NOT NEGATIVE RESULT","registerlocation":"HSBC PRIVATE BANK (SUISSE) S.A. RUE DE LAUSANNE 18-20 1201 GENEVA SWITZERLAND"},"categories":{"0":"Officer"},"statistics":{"digest":{"0":{"edgeType":"is officer of","nodeCategories":{"0":"Company"},"nodes":1,"edges":1}},"edgeCount":1,"visibleEdgeCount":1,"hiddenEdgeCount":0}},"label":"THE BEARER","x":97.513,"y":101.346,"fixed":true,"size":1,"glyphs":{"0":{"draw":false,"position":"top-right","content":"0"}},"active":false,"color":"#be4400","icon":{"font":"FontAwesome","scale":1,"color":"#fff","content":""},"fa2_x":97.513,"fa2_y":101.346,"colors":{"0":"#be4400"},"read_cam0:size":5,"read_cam0:x":97.513,"read_cam0:y":101.346,"renderer1:x":1434.6936595070028,"renderer1:y":493.62322699461373,"renderer1:size":7.494840693432569},{"id":313336,"nodelink":{"x":95.631,"y":90.994,"fixed":true},"geo":{"latitudeDiff":0,"longitudeDiff":0},"data":{"properties":{"name":"THE BEARER","certificateNumber":"4","numbershares":"12,500","classofshares":"","dateofissue":"22-08-1997","ceasedmembership":"01-07-1998","transferdate":"","sharestransferred":"","newcertificate":"","custodianname":"","custodianaddress":"","citizenship":"NO","pep":"NO","rst":"NOT NEGATIVE RESULT","registerlocation":"HSBC PRIVATE BANK (SUISSE) S.A. RUE DE LAUSANNE 18-20 1201 GENEVA SWITZERLAND"},"categories":{"0":"Officer"},"statistics":{"digest":{"0":{"edgeType":"is officer of","nodeCategories":{"0":"Company"},"nodes":1,"edges":1}},"edgeCount":1,"visibleEdgeCount":1,"hiddenEdgeCount":0}},"label":"THE BEARER","x":95.631,"y":90.994,"fixed":true,"size":1,"glyphs":{"0":{"draw":false,"position":"top-right","content":"0"}},"active":false,"color":"#be4400","icon":{"font":"FontAwesome","scale":1,"color":"#fff","content":""},"fa2_x":95.631,"fa2_y":90.994,"colors":{"0":"#be4400"},"read_cam0:size":5,"read_cam0:x":95.631,"read_cam0:y":90.994,"renderer1:x":1431.572182635813,"renderer1:y":476.45344560749527,"renderer1:size":7.494840693432569},{"id":580756,"nodelink":{"x":-144.34,"y":-133.45,"fixed":true},"geo":{"latitudeDiff":0,"longitudeDiff":0},"data":{"properties":{"name":"HSBC PRIVATE BANK (SUISSE) S.A.","status":"ACTIVE","client_number":"10503","client_name":"HSBC PRIVATE BANK (SUISSE) S.A.","prospect_date":"","active_since":"30-JUL-2008","country":"SWITZERLAND","city":"GENEVE","former_name":"HSBC REPUBLIC BANK (SUISSE) GESTIONNAIRES","cross_reference":"(GVA) HSBC GUYERZELLER TRUST COMPANY SA","activity":"","classification":"","subclassification":"","region":"","compliance_classification":""},"categories":{"0":"Client"},"statistics":{"digest":{"0":{"edgeType":"registered","nodeCategories":{"0":"Company"},"nodes":733,"edges":733}},"edgeCount":733,"visibleEdgeCount":8,"hiddenEdgeCount":725}},"label":"HSBC PRIVATE BANK (SUISSE) S.A.","x":-144.34,"y":-133.45,"fixed":true,"size":1,"glyphs":{"0":{"draw":true,"position":"top-right","content":"725"}},"active":false,"color":"#851d00","icon":{"font":"FontAwesome","scale":1,"color":"#fff","content":""},"fa2_x":-144.34,"fa2_y":-133.45,"colors":{"0":"#851d00"},"read_cam0:size":5,"read_cam0:x":-144.34,"read_cam0:y":-133.45,"renderer1:x":1033.5573440299208,"renderer1:y":104.19162048670631,"renderer1:size":7.494840693432569},{"id":310244,"nodelink":{"x":97.984,"y":-126.863,"fixed":true},"geo":{"latitudeDiff":0,"longitudeDiff":0},"data":{"properties":{"name":"Mr. Rami MAKHLOUF","certificateNumber":"3","numbershares":"50,000","classofshares":"","dateofissue":"29-12-2009","ceasedmembership":"","transferdate":"","sharestransferred":"","newcertificate":"","custodianname":"","custodianaddress":"","citizenship":"NO","pep":"NO","rst":"NOT NEGATIVE RESULT","registerlocation":"HSBC PRIVATE BANK (SUISSE) S.A. QUAI GENERAL GUISAN  2 CP 3580 1211 GENEVE 3 SWITZERLAND"},"categories":{"0":"Officer"},"statistics":{"digest":{"0":{"edgeType":"has similar name and address as","nodeCategories":{"0":"Officer"},"nodes":1,"edges":1},"1":{"edgeType":"registered address","nodeCategories":{"0":"Address"},"nodes":1,"edges":1},"2":{"edgeType":"is officer of","nodeCategories":{"0":"Company"},"nodes":6,"edges":9}},"edgeCount":11,"visibleEdgeCount":11,"hiddenEdgeCount":0}},"label":"Mr. Rami MAKHLOUF","x":97.984,"y":-126.863,"fixed":true,"size":1,"glyphs":{"0":{"draw":false,"position":"top-right","content":"0"}},"active":false,"color":"#be4400","icon":{"font":"FontAwesome","scale":1,"color":"#fff","content":""},"fa2_x":97.984,"fa2_y":-126.863,"colors":{"0":"#be4400"},"read_cam0:size":5,"read_cam0:x":97.984,"read_cam0:y":-126.863,"renderer1:x":1435.4748580225876,"renderer1:y":115.11678953587062,"renderer1:size":7.494840693432569},{"id":50332,"nodelink":{"x":-6.004,"y":-107.1,"fixed":true},"geo":{"latitudeDiff":0,"longitudeDiff":0},"data":{"properties":{"file_number":"537658","jurisdiction":"BVI","name":"DREX TECHNOLOGIES S.A.","status":"REN","inactivationDate":"","struck_off_date":"30-APR-2012","registrationDate":"04-JUL-2000"},"categories":{"0":"Company"},"statistics":{"digest":{"0":{"edgeType":"is officer of","nodeCategories":{"0":"Officer"},"nodes":3,"edges":4},"1":{"edgeType":"registered","nodeCategories":{"0":"Client"},"nodes":1,"edges":1}},"edgeCount":5,"visibleEdgeCount":5,"hiddenEdgeCount":0}},"label":"DREX TECHNOLOGIES S.A.","x":-6.004,"y":-107.1,"fixed":true,"size":1,"glyphs":{"0":{"draw":false,"position":"top-right","content":"0"}},"active":false,"color":"#420e00","icon":{"font":"FontAwesome","scale":1,"color":"#fff","content":""},"fa2_x":-6.004,"fa2_y":-107.1,"colors":{"0":"#420e00"},"read_cam0:size":5,"read_cam0:x":-6.004,"read_cam0:y":-107.1,"renderer1:x":1263.0008214225422,"renderer1:y":147.89561387451258,"renderer1:size":7.494840693432569},{"id":214942,"nodelink":{"x":-6.474,"y":-155.094,"fixed":true},"geo":{"latitudeDiff":0,"longitudeDiff":0},"data":{"properties":{"file_number":"519491","jurisdiction":"BVI","name":"DORLING INTERNATIONAL LIMITED","status":"REN","inactivationDate":"23-JAN-2012","struck_off_date":"30-APR-2012","registrationDate":"28-OCT-1996"},"categories":{"0":"Company"},"statistics":{"digest":{"0":{"edgeType":"is officer of","nodeCategories":{"0":"Officer"},"nodes":4,"edges":5},"1":{"edgeType":"registered","nodeCategories":{"0":"Client"},"nodes":1,"edges":1}},"edgeCount":6,"visibleEdgeCount":4,"hiddenEdgeCount":2}},"label":"DORLING INTERNATIONAL LIMITED","x":-6.474,"y":-155.094,"fixed":true,"size":1,"glyphs":{"0":{"draw":true,"position":"top-right","content":"2"}},"active":false,"color":"#420e00","icon":{"font":"FontAwesome","scale":1,"color":"#fff","content":""},"fa2_x":-6.474,"fa2_y":-155.094,"colors":{"0":"#420e00"},"read_cam0:size":5,"read_cam0:x":-6.474,"read_cam0:y":-155.094,"renderer1:x":1262.221281502532,"renderer1:y":68.29297787244906,"renderer1:size":7.494840693432569},{"id":261132,"nodelink":{"x":-4.122,"y":-83.574,"fixed":true},"geo":{"latitudeDiff":0,"longitudeDiff":0},"data":{"properties":{"file_number":"518107","jurisdiction":"BVI","name":"RAMAK LTD.","status":"REN","inactivationDate":"12-MAR-2012","struck_off_date":"30-APR-2012","registrationDate":"02-JUL-1996"},"categories":{"0":"Company"},"statistics":{"digest":{"0":{"edgeType":"is officer of","nodeCategories":{"0":"Officer"},"nodes":4,"edges":5},"1":{"edgeType":"registered","nodeCategories":{"0":"Client"},"nodes":1,"edges":1}},"edgeCount":6,"visibleEdgeCount":6,"hiddenEdgeCount":0}},"label":"RAMAK LTD.","x":-4.122,"y":-83.574,"fixed":true,"size":1,"glyphs":{"0":{"draw":false,"position":"top-right","content":"0"}},"active":false,"color":"#420e00","icon":{"font":"FontAwesome","scale":1,"color":"#fff","content":""},"fa2_x":-4.122,"fa2_y":-83.574,"colors":{"0":"#420e00"},"read_cam0:size":5,"read_cam0:x":-4.122,"read_cam0:y":-83.574,"renderer1:x":1266.122298293732,"renderer1:y":186.91573335995963,"renderer1:size":7.494840693432569},{"id":546367,"nodelink":{"x":167.845,"y":-92.408,"fixed":true},"geo":{"latitudeDiff":0,"longitudeDiff":0},"data":{"properties":{"name":"MALKI AL-BEZEM STREET<br/>DAMASCUS<br/>SYRIAN ARAB REPUBLIC."},"categories":{"0":"Address"},"statistics":{"digest":{"0":{"edgeType":"registered address","nodeCategories":{"0":"Officer"},"nodes":2,"edges":2}},"edgeCount":2,"visibleEdgeCount":2,"hiddenEdgeCount":0}},"label":"MALKI AL-BEZEM STREET<br/>DAMASCUS<br/>SYRIAN ARAB REPUBLIC.","x":168.6192803992914,"y":-125.63547845190152,"fixed":true,"size":1,"glyphs":{"0":{"draw":false,"position":"top-right","content":"0"},"1":{"draw":true,"position":"bottom-right","font":"FontAwesome","textColor":"#000","content":""}},"active":false,"color":"#937c6f","icon":{"font":"FontAwesome","scale":1,"color":"#fff","content":""},"fa2_x":167.845,"fa2_y":-92.408,"colors":{"0":"#937c6f"},"read_cam0:size":5,"read_cam0:x":168.6192803992914,"read_cam0:y":-125.63547845190152,"renderer1:x":1552.6302214956986,"renderer1:y":117.15275134313762,"renderer1:size":7.494840693432569},{"id":590963,"nodelink":{"x":-160.129,"y":103.038,"fixed":true},"geo":{"latitudeDiff":0,"longitudeDiff":0},"data":{"properties":{"name":"MOSSACK FONSECA & CO. (U.K.) LIMITED","status":"ACTIVE","client_number":"6517","client_name":"MOSSACK FONSECA & CO. (U.K.) LIMITED","prospect_date":"","active_since":"25-SEP-1992","country":"UNITED KINGDOM","city":"LONDON","former_name":"RM COMPANY SERVICES LIMITED","cross_reference":"A & S TEST CLIENT","activity":"CO. FORMATION SERVICE","classification":"Special rates","subclassification":"Representative","region":"REPRESENTATIVE CLIENTS","compliance_classification":"INTRODUCER"},"categories":{"0":"Client"},"statistics":{"digest":{"0":{"edgeType":"registered","nodeCategories":{"0":"Company"},"nodes":2538,"edges":2538}},"edgeCount":2538,"visibleEdgeCount":1,"hiddenEdgeCount":2537}},"label":"MOSSACK FONSECA & CO. (U.K.) LIMITED","x":-160.129,"y":103.038,"fixed":true,"size":1,"glyphs":{"0":{"draw":true,"position":"top-right","content":"2.537k"}},"active":false,"color":"#851d00","icon":{"font":"FontAwesome","scale":1,"color":"#fff","content":""},"fa2_x":-160.129,"fa2_y":103.038,"colors":{"0":"#851d00"},"read_cam0:size":5,"read_cam0:x":-160.129,"read_cam0:y":103.038,"renderer1:x":1007.3697785043015,"renderer1:y":496.42957070665045,"renderer1:size":7.494840693432569},{"id":83987,"nodelink":{"x":-2.71,"y":-57.694,"fixed":true},"geo":{"latitudeDiff":0,"longitudeDiff":0},"data":{"properties":{"file_number":"533431","jurisdiction":"BVI","name":"LORIE LIMITED","status":"REN","inactivationDate":"23-JAN-2012","struck_off_date":"30-APR-2006","registrationDate":"14-OCT-1999"},"categories":{"0":"Company"},"statistics":{"digest":{"0":{"edgeType":"is officer of","nodeCategories":{"0":"Officer"},"nodes":2,"edges":2},"1":{"edgeType":"registered","nodeCategories":{"0":"Client"},"nodes":1,"edges":1}},"edgeCount":3,"visibleEdgeCount":3,"hiddenEdgeCount":0}},"label":"LORIE LIMITED","x":-2.71,"y":-57.694,"fixed":true,"size":1,"glyphs":{"0":{"draw":false,"position":"top-right","content":"0"}},"active":false,"color":"#420e00","icon":{"font":"FontAwesome","scale":1,"color":"#fff","content":""},"fa2_x":-2.71,"fa2_y":-57.694,"colors":{"0":"#420e00"},"read_cam0:size":5,"read_cam0:x":-2.71,"read_cam0:y":-57.694,"renderer1:x":1268.4642352449116,"renderer1:y":229.8401868277557,"renderer1:size":7.494840693432569},{"id":79778,"nodelink":{"x":-2.239,"y":16.179,"fixed":true},"geo":{"latitudeDiff":0,"longitudeDiff":0},"data":{"properties":{"file_number":"522051","jurisdiction":"BVI","name":"CARA CORPORATION","status":"REN","inactivationDate":"12-MAR-2012","struck_off_date":"31-OCT-2012","registrationDate":"12-MAY-1997"},"categories":{"0":"Company"},"statistics":{"digest":{"0":{"edgeType":"is officer of","nodeCategories":{"0":"Officer"},"nodes":6,"edges":6},"1":{"edgeType":"registered","nodeCategories":{"0":"Client"},"nodes":1,"edges":1}},"edgeCount":7,"visibleEdgeCount":7,"hiddenEdgeCount":0}},"label":"CARA CORPORATION","x":-2.239,"y":16.179,"fixed":true,"size":1,"glyphs":{"0":{"draw":false,"position":"top-right","content":"0"}},"active":false,"color":"#420e00","icon":{"font":"FontAwesome","scale":1,"color":"#fff","content":""},"fa2_x":-2.239,"fa2_y":16.179,"colors":{"0":"#420e00"},"read_cam0:size":5,"read_cam0:x":-2.239,"read_cam0:y":16.179,"renderer1:x":1269.2454337604963,"renderer1:y":352.3656177020408,"renderer1:size":7.494840693432569},{"id":179421,"nodelink":{"x":-2.71,"y":-40.755,"fixed":true},"geo":{"latitudeDiff":0,"longitudeDiff":0},"data":{"properties":{"file_number":"527141","jurisdiction":"BVI","name":"HOXIM LANE MANAGEMENT CORP.","status":"REN","inactivationDate":"15-MAR-2012","struck_off_date":"31-OCT-2012","registrationDate":"29-JUN-1998"},"categories":{"0":"Company"},"statistics":{"digest":{"0":{"edgeType":"is officer of","nodeCategories":{"0":"Officer"},"nodes":1,"edges":1},"1":{"edgeType":"registered","nodeCategories":{"0":"Client"},"nodes":1,"edges":1}},"edgeCount":2,"visibleEdgeCount":2,"hiddenEdgeCount":0}},"label":"HOXIM LANE MANAGEMENT CORP.","x":-2.71,"y":-40.755,"fixed":true,"size":1,"glyphs":{"0":{"draw":false,"position":"top-right","content":"0"}},"active":false,"color":"#420e00","icon":{"font":"FontAwesome","scale":1,"color":"#fff","content":""},"fa2_x":-2.71,"fa2_y":-40.755,"colors":{"0":"#420e00"},"read_cam0:size":5,"read_cam0:x":-2.71,"read_cam0:y":-40.755,"renderer1:x":1268.4642352449116,"renderer1:y":257.9351372640384,"renderer1:size":7.494840693432569},{"id":315956,"nodelink":{"x":88.573,"y":-26.639,"fixed":true},"geo":{"latitudeDiff":0,"longitudeDiff":0},"data":{"properties":{"name":"MR. EHAB MAKHLOUF","certificateNumber":"1","numbershares":"50,000","classofshares":"","dateofissue":"21-07-1998","ceasedmembership":"","transferdate":"","sharestransferred":"","newcertificate":"","custodianname":"","custodianaddress":"","citizenship":"NO","pep":"NO","rst":"NOT NEGATIVE RESULT","registerlocation":""},"categories":{"0":"Officer"},"statistics":{"digest":{"0":{"edgeType":"registered address","nodeCategories":{"0":"Address"},"nodes":1,"edges":1},"1":{"edgeType":"is officer of","nodeCategories":{"0":"Company"},"nodes":1,"edges":1}},"edgeCount":2,"visibleEdgeCount":2,"hiddenEdgeCount":0}},"label":"MR. EHAB MAKHLOUF","x":88.573,"y":-26.639,"fixed":true,"size":1,"glyphs":{"0":{"draw":false,"position":"top-right","content":"0"}},"active":false,"color":"#be4400","icon":{"font":"FontAwesome","scale":1,"color":"#fff","content":""},"fa2_x":88.573,"fa2_y":-26.639,"colors":{"0":"#be4400"},"read_cam0:size":5,"read_cam0:x":88.573,"read_cam0:y":-26.639,"renderer1:x":1419.8658150710642,"renderer1:y":281.3478723935365,"renderer1:size":7.494840693432569},{"id":180522,"nodelink":{"x":-3.181,"y":-11.111,"fixed":true},"geo":{"latitudeDiff":0,"longitudeDiff":0},"data":{"properties":{"file_number":"525618","jurisdiction":"BVI","name":"POLTER INVESTMENTS INC.","status":"MOR","inactivationDate":"01-NOV-2012","struck_off_date":"31-OCT-2012","registrationDate":"12-FEB-1998"},"categories":{"0":"Company"},"statistics":{"digest":{"0":{"edgeType":"is officer of","nodeCategories":{"0":"Officer"},"nodes":4,"edges":4},"1":{"edgeType":"registered","nodeCategories":{"0":"Client"},"nodes":1,"edges":1}},"edgeCount":5,"visibleEdgeCount":5,"hiddenEdgeCount":0}},"label":"POLTER INVESTMENTS INC.","x":-3.181,"y":-11.111,"fixed":true,"size":1,"glyphs":{"0":{"draw":false,"position":"top-right","content":"0"}},"active":false,"color":"#420e00","icon":{"font":"FontAwesome","scale":1,"color":"#fff","content":""},"fa2_x":-3.181,"fa2_y":-11.111,"colors":{"0":"#420e00"},"read_cam0:size":5,"read_cam0:x":-3.181,"read_cam0:y":-11.111,"renderer1:x":1267.683036729327,"renderer1:y":307.10254447421414,"renderer1:size":7.494840693432569},{"id":310242,"nodelink":{"x":86.691,"y":-66.164,"fixed":true},"geo":{"latitudeDiff":0,"longitudeDiff":0},"data":{"properties":{"name":"THE BEARER","certificateNumber":"1","numbershares":"5,000","classofshares":"","dateofissue":"15-07-1996","ceasedmembership":"29-12-2009","transferdate":"","sharestransferred":"","newcertificate":"","custodianname":"","custodianaddress":"","citizenship":"NO","pep":"NO","rst":"NOT NEGATIVE RESULT","registerlocation":"HSBC PRIVATE BANK (SUISSE) S.A. QUAI GENERAL GUISAN  2 CP 3580 1211 GENEVE 3 SWITZERLAND"},"categories":{"0":"Officer"},"statistics":{"digest":{"0":{"edgeType":"is officer of","nodeCategories":{"0":"Company"},"nodes":1,"edges":1}},"edgeCount":1,"visibleEdgeCount":1,"hiddenEdgeCount":0}},"label":"THE BEARER","x":86.691,"y":-66.164,"fixed":true,"size":1,"glyphs":{"0":{"draw":false,"position":"top-right","content":"0"}},"active":false,"color":"#be4400","icon":{"font":"FontAwesome","scale":1,"color":"#fff","content":""},"fa2_x":86.691,"fa2_y":-66.164,"colors":{"0":"#be4400"},"read_cam0:size":5,"read_cam0:x":86.691,"read_cam0:y":-66.164,"renderer1:x":1416.7443381998744,"renderer1:y":215.79188231182707,"renderer1:size":7.494840693432569},{"id":310243,"nodelink":{"x":85.75,"y":-81.691,"fixed":true},"geo":{"latitudeDiff":0,"longitudeDiff":0},"data":{"properties":{"name":"THE BEARER","certificateNumber":"2","numbershares":"5,000","classofshares":"","dateofissue":"15-07-1996","ceasedmembership":"29-12-2009","transferdate":"","sharestransferred":"","newcertificate":"","custodianname":"","custodianaddress":"","citizenship":"NO","pep":"NO","rst":"NOT NEGATIVE RESULT","registerlocation":"HSBC PRIVATE BANK (SUISSE) S.A. QUAI GENERAL GUISAN  2 CP 3580 1211 GENEVE 3 SWITZERLAND"},"categories":{"0":"Officer"},"statistics":{"digest":{"0":{"edgeType":"is officer of","nodeCategories":{"0":"Company"},"nodes":1,"edges":1}},"edgeCount":1,"visibleEdgeCount":1,"hiddenEdgeCount":0}},"label":"THE BEARER","x":85.75,"y":-81.691,"fixed":true,"size":1,"glyphs":{"0":{"draw":false,"position":"top-right","content":"0"}},"active":false,"color":"#be4400","icon":{"font":"FontAwesome","scale":1,"color":"#fff","content":""},"fa2_x":85.75,"fa2_y":-81.691,"colors":{"0":"#be4400"},"read_cam0:size":5,"read_cam0:x":85.75,"read_cam0:y":-81.691,"renderer1:x":1415.1835997642795,"renderer1:y":190.03886882672393,"renderer1:size":7.494840693432569},{"id":312604,"nodelink":{"x":94.69,"y":65.115,"fixed":true},"geo":{"latitudeDiff":0,"longitudeDiff":0},"data":{"properties":{"name":"THE BEARER","certificateNumber":"1","numbershares":"35,000","classofshares":"","dateofissue":"23-06-1997","ceasedmembership":"","transferdate":"","sharestransferred":"","newcertificate":"","custodianname":"","custodianaddress":"","citizenship":"NO","pep":"NO","rst":"NOT NEGATIVE RESULT","registerlocation":"MR. KARIM TRABOULSI C/O HSBC PRIVATE BANK (SUISSE) S.A. CASE POSTALE 3580 1211 GENEVA 3 SWITZERLAND"},"categories":{"0":"Officer"},"statistics":{"digest":{"0":{"edgeType":"is officer of","nodeCategories":{"0":"Company"},"nodes":1,"edges":1}},"edgeCount":1,"visibleEdgeCount":1,"hiddenEdgeCount":0}},"label":"THE BEARER","x":94.69,"y":65.115,"fixed":true,"size":1,"glyphs":{"0":{"draw":false,"position":"top-right","content":"0"}},"active":false,"color":"#be4400","icon":{"font":"FontAwesome","scale":1,"color":"#fff","content":""},"fa2_x":94.69,"fa2_y":65.115,"colors":{"0":"#be4400"},"read_cam0:size":5,"read_cam0:x":94.69,"read_cam0:y":65.115,"renderer1:x":1430.0114442002182,"renderer1:y":433.53065073527375,"renderer1:size":7.494840693432569},{"id":312605,"nodelink":{"x":95.161,"y":55.234,"fixed":true},"geo":{"latitudeDiff":0,"longitudeDiff":0},"data":{"properties":{"name":"THE BEARER","certificateNumber":"2","numbershares":"7,500","classofshares":"","dateofissue":"23-06-1997","ceasedmembership":"","transferdate":"","sharestransferred":"","newcertificate":"","custodianname":"","custodianaddress":"","citizenship":"NO","pep":"NO","rst":"NOT NEGATIVE RESULT","registerlocation":"MR. KARIM TRABOULSI C/O HSBC PRIVATE BANK (SUISSE) S.A. CASE POSTALE 3580 1211 GENEVA 3 SWITZERLAND"},"categories":{"0":"Officer"},"statistics":{"digest":{"0":{"edgeType":"is officer of","nodeCategories":{"0":"Company"},"nodes":1,"edges":1}},"edgeCount":1,"visibleEdgeCount":1,"hiddenEdgeCount":0}},"label":"THE BEARER","x":95.161,"y":55.234,"fixed":true,"size":1,"glyphs":{"0":{"draw":false,"position":"top-right","content":"0"}},"active":false,"color":"#be4400","icon":{"font":"FontAwesome","scale":1,"color":"#fff","content":""},"fa2_x":95.161,"fa2_y":55.234,"colors":{"0":"#be4400"},"read_cam0:size":5,"read_cam0:x":95.161,"read_cam0:y":55.234,"renderer1:x":1430.792642715803,"renderer1:y":417.14206786374,"renderer1:size":7.494840693432569},{"id":312606,"nodelink":{"x":94.69,"y":45.823,"fixed":true},"geo":{"latitudeDiff":0,"longitudeDiff":0},"data":{"properties":{"name":"THE BEARER","certificateNumber":"3","numbershares":"3,750","classofshares":"","dateofissue":"23-06-1997","ceasedmembership":"","transferdate":"","sharestransferred":"","newcertificate":"","custodianname":"","custodianaddress":"","citizenship":"NO","pep":"NO","rst":"NOT NEGATIVE RESULT","registerlocation":"MR. KARIM TRABOULSI C/O HSBC PRIVATE BANK (SUISSE) S.A. CASE POSTALE 3580 1211 GENEVA 3 SWITZERLAND"},"categories":{"0":"Officer"},"statistics":{"digest":{"0":{"edgeType":"is officer of","nodeCategories":{"0":"Company"},"nodes":1,"edges":1}},"edgeCount":1,"visibleEdgeCount":1,"hiddenEdgeCount":0}},"label":"THE BEARER","x":94.69,"y":45.823,"fixed":true,"size":1,"glyphs":{"0":{"draw":false,"position":"top-right","content":"0"}},"active":false,"color":"#be4400","icon":{"font":"FontAwesome","scale":1,"color":"#fff","content":""},"fa2_x":94.69,"fa2_y":45.823,"colors":{"0":"#be4400"},"read_cam0:size":5,"read_cam0:x":94.69,"read_cam0:y":45.823,"renderer1:x":1430.0114442002182,"renderer1:y":401.5330249122165,"renderer1:size":7.494840693432569},{"id":312607,"nodelink":{"x":93.749,"y":33.589,"fixed":true},"geo":{"latitudeDiff":0,"longitudeDiff":0},"data":{"properties":{"name":"THE BEARER","certificateNumber":"4","numbershares":"3,750","classofshares":"","dateofissue":"23-06-1997","ceasedmembership":"","transferdate":"","sharestransferred":"","newcertificate":"","custodianname":"","custodianaddress":"","citizenship":"NO","pep":"NO","rst":"NOT NEGATIVE RESULT","registerlocation":"MR. KARIM TRABOULSI C/O HSBC PRIVATE BANK (SUISSE) S.A. CASE POSTALE 3580 1211 GENEVA 3 SWITZERLAND"},"categories":{"0":"Officer"},"statistics":{"digest":{"0":{"edgeType":"is officer of","nodeCategories":{"0":"Company"},"nodes":1,"edges":1}},"edgeCount":1,"visibleEdgeCount":1,"hiddenEdgeCount":0}},"label":"THE BEARER","x":93.749,"y":33.589,"fixed":true,"size":1,"glyphs":{"0":{"draw":false,"position":"top-right","content":"0"}},"active":false,"color":"#be4400","icon":{"font":"FontAwesome","scale":1,"color":"#fff","content":""},"fa2_x":93.749,"fa2_y":33.589,"colors":{"0":"#be4400"},"read_cam0:size":5,"read_cam0:x":93.749,"read_cam0:y":33.589,"renderer1:x":1428.4507057646233,"renderer1:y":381.24176665390826,"renderer1:size":7.494840693432569},{"id":654193,"nodelink":{"x":97.043,"y":-115.099,"fixed":true},"geo":{"latitudeDiff":0,"longitudeDiff":0},"data":{"properties":{"name":"Mr. Rami MAKHLOUF","citizenship":"YES","pep":"NO","passport_copy":"Y"},"categories":{"0":"Officer"},"statistics":{"digest":{"0":{"edgeType":"has similar name and address as","nodeCategories":{"0":"Officer"},"nodes":1,"edges":1},"1":{"edgeType":"registered address","nodeCategories":{"0":"Address"},"nodes":1,"edges":1},"2":{"edgeType":"is officer of","nodeCategories":{"0":"Company"},"nodes":1,"edges":1}},"edgeCount":3,"visibleEdgeCount":3,"hiddenEdgeCount":0}},"label":"Mr. Rami MAKHLOUF","x":97.043,"y":-115.099,"fixed":true,"size":1,"glyphs":{"0":{"draw":false,"position":"top-right","content":"0"}},"active":false,"color":"#be4400","icon":{"font":"FontAwesome","scale":1,"color":"#fff","content":""},"fa2_x":97.043,"fa2_y":-115.099,"colors":{"0":"#be4400"},"read_cam0:size":5,"read_cam0:x":97.043,"read_cam0:y":-115.099,"renderer1:x":1433.9141195869927,"renderer1:y":134.62850787416863,"renderer1:size":7.494840693432569},{"id":353330,"nodelink":{"x":99.396,"y":130.989,"fixed":true},"geo":{"latitudeDiff":0,"longitudeDiff":0},"data":{"properties":{"name":"EHAB  MAKHLOUF","certificateNumber":"6","numbershares":"12,500","classofshares":"","dateofissue":"01-07-1998","ceasedmembership":"","transferdate":"","sharestransferred":"","newcertificate":"","custodianname":"","custodianaddress":"","citizenship":"NO","pep":"NO","rst":"NOT NEGATIVE RESULT","registerlocation":"HSBC PRIVATE BANK (SUISSE) S.A. RUE DE LAUSANNE 18-20 1201 GENEVA SWITZERLAND"},"categories":{"0":"Officer"},"statistics":{"digest":{"0":{"edgeType":"is officer of","nodeCategories":{"0":"Company"},"nodes":1,"edges":1}},"edgeCount":1,"visibleEdgeCount":1,"hiddenEdgeCount":0}},"label":"EHAB  MAKHLOUF","x":99.396,"y":130.989,"fixed":true,"size":1,"glyphs":{"0":{"draw":false,"position":"top-right","content":"0"}},"active":false,"color":"#be4400","icon":{"font":"FontAwesome","scale":1,"color":"#fff","content":""},"fa2_x":99.396,"fa2_y":130.989,"colors":{"0":"#be4400"},"read_cam0:size":5,"read_cam0:x":99.396,"read_cam0:y":130.989,"renderer1:x":1437.8167949737672,"renderer1:y":542.788975609215,"renderer1:size":7.494840693432569},{"id":353666,"nodelink":{"x":89.985,"y":74.525,"fixed":true},"geo":{"latitudeDiff":0,"longitudeDiff":0},"data":{"properties":{"name":"EYAD MAKHLOUF","certificateNumber":"8","numbershares":"12,500","classofshares":"","dateofissue":"01-07-1998","ceasedmembership":"","transferdate":"","sharestransferred":"","newcertificate":"","custodianname":"","custodianaddress":"","citizenship":"NO","pep":"NO","rst":"NOT NEGATIVE RESULT","registerlocation":"HSBC PRIVATE BANK (SUISSE) S.A. RUE DE LAUSANNE 18-20 1201 GENEVA SWITZERLAND"},"categories":{"0":"Officer"},"statistics":{"digest":{"0":{"edgeType":"is officer of","nodeCategories":{"0":"Company"},"nodes":1,"edges":1}},"edgeCount":1,"visibleEdgeCount":1,"hiddenEdgeCount":0}},"label":"EYAD MAKHLOUF","x":89.985,"y":74.525,"fixed":true,"size":1,"glyphs":{"0":{"draw":false,"position":"top-right","content":"0"}},"active":false,"color":"#be4400","icon":{"font":"FontAwesome","scale":1,"color":"#fff","content":""},"fa2_x":89.985,"fa2_y":74.525,"colors":{"0":"#be4400"},"read_cam0:size":5,"read_cam0:x":89.985,"read_cam0:y":74.525,"renderer1:x":1422.2077520222438,"renderer1:y":449.1380350912228,"renderer1:size":7.494840693432569},{"id":354466,"nodelink":{"x":92.808,"y":82.054,"fixed":true},"geo":{"latitudeDiff":0,"longitudeDiff":0},"data":{"properties":{"name":"HAFEZ  MAKHLOUF","certificateNumber":"7","numbershares":"12,500","classofshares":"","dateofissue":"01-07-1998","ceasedmembership":"","transferdate":"","sharestransferred":"","newcertificate":"","custodianname":"","custodianaddress":"","citizenship":"NO","pep":"NO","rst":"NOT NEGATIVE RESULT","registerlocation":"HSBC PRIVATE BANK (SUISSE) S.A. RUE DE LAUSANNE 18-20 1201 GENEVA SWITZERLAND"},"categories":{"0":"Officer"},"statistics":{"digest":{"0":{"edgeType":"is officer of","nodeCategories":{"0":"Company"},"nodes":2,"edges":2}},"edgeCount":2,"visibleEdgeCount":2,"hiddenEdgeCount":0}},"label":"HAFEZ  MAKHLOUF","x":92.808,"y":82.054,"fixed":true,"size":1,"glyphs":{"0":{"draw":false,"position":"top-right","content":"0"}},"active":false,"color":"#be4400","icon":{"font":"FontAwesome","scale":1,"color":"#fff","content":""},"fa2_x":92.808,"fa2_y":82.054,"colors":{"0":"#be4400"},"read_cam0:size":5,"read_cam0:x":92.808,"read_cam0:y":82.054,"renderer1:x":1426.8899673290284,"renderer1:y":461.62560117155647,"renderer1:size":7.494840693432569},{"id":354495,"nodelink":{"x":99.396,"y":141.341,"fixed":true},"geo":{"latitudeDiff":0,"longitudeDiff":0},"data":{"properties":{"name":"RAMI MAKHLOUF","certificateNumber":"5","numbershares":"12,500","classofshares":"","dateofissue":"01-07-1998","ceasedmembership":"","transferdate":"","sharestransferred":"","newcertificate":"","custodianname":"","custodianaddress":"","citizenship":"NO","pep":"NO","rst":"NOT NEGATIVE RESULT","registerlocation":"HSBC PRIVATE BANK (SUISSE) S.A. RUE DE LAUSANNE 18-20 1201 GENEVA SWITZERLAND"},"categories":{"0":"Officer"},"statistics":{"digest":{"0":{"edgeType":"is officer of","nodeCategories":{"0":"Company"},"nodes":7,"edges":7}},"edgeCount":7,"visibleEdgeCount":7,"hiddenEdgeCount":0}},"label":"RAMI MAKHLOUF","x":99.396,"y":141.341,"fixed":true,"size":1,"glyphs":{"0":{"draw":false,"position":"top-right","content":"0"}},"active":false,"color":"#be4400","icon":{"font":"FontAwesome","scale":1,"color":"#fff","content":""},"fa2_x":99.396,"fa2_y":141.341,"colors":{"0":"#be4400"},"read_cam0:size":5,"read_cam0:x":99.396,"read_cam0:y":141.341,"renderer1:x":1437.8167949737672,"renderer1:y":559.9587569963334,"renderer1:size":7.494840693432569},{"id":314880,"nodelink":{"x":92.808,"y":15.238,"fixed":true},"geo":{"latitudeDiff":0,"longitudeDiff":0},"data":{"properties":{"name":"THE BEARER","certificateNumber":"1","numbershares":"30,000","classofshares":"","dateofissue":"16-03-1998","ceasedmembership":"","transferdate":"","sharestransferred":"","newcertificate":"","custodianname":"","custodianaddress":"","citizenship":"NO","pep":"NO","rst":"NOT NEGATIVE RESULT","registerlocation":""},"categories":{"0":"Officer"},"statistics":{"digest":{"0":{"edgeType":"is officer of","nodeCategories":{"0":"Company"},"nodes":1,"edges":1}},"edgeCount":1,"visibleEdgeCount":1,"hiddenEdgeCount":0}},"label":"THE BEARER","x":92.808,"y":15.238,"fixed":true,"size":1,"glyphs":{"0":{"draw":false,"position":"top-right","content":"0"}},"active":false,"color":"#be4400","icon":{"font":"FontAwesome","scale":1,"color":"#fff","content":""},"fa2_x":92.808,"fa2_y":15.238,"colors":{"0":"#be4400"},"read_cam0:size":5,"read_cam0:x":92.808,"read_cam0:y":15.238,"renderer1:x":1426.8899673290284,"renderer1:y":350.8048792664459,"renderer1:size":7.494840693432569},{"id":314881,"nodelink":{"x":89.985,"y":0.181,"fixed":true},"geo":{"latitudeDiff":0,"longitudeDiff":0},"data":{"properties":{"name":"THE BEARER","certificateNumber":"2","numbershares":"20,000","classofshares":"","dateofissue":"16-03-1998","ceasedmembership":"","transferdate":"","sharestransferred":"","newcertificate":"","custodianname":"","custodianaddress":"","citizenship":"NO","pep":"NO","rst":"NOT NEGATIVE RESULT","registerlocation":""},"categories":{"0":"Officer"},"statistics":{"digest":{"0":{"edgeType":"is officer of","nodeCategories":{"0":"Company"},"nodes":1,"edges":1}},"edgeCount":1,"visibleEdgeCount":1,"hiddenEdgeCount":0}},"label":"THE BEARER","x":89.985,"y":0.181,"fixed":true,"size":1,"glyphs":{"0":{"draw":false,"position":"top-right","content":"0"}},"active":false,"color":"#be4400","icon":{"font":"FontAwesome","scale":1,"color":"#fff","content":""},"fa2_x":89.985,"fa2_y":0.181,"colors":{"0":"#be4400"},"read_cam0:size":5,"read_cam0:x":89.985,"read_cam0:y":0.181,"renderer1:x":1422.2077520222438,"renderer1:y":325.83140570135294,"renderer1:size":7.494840693432569},{"id":529076,"nodelink":{"x":159.144,"y":-44.885,"fixed":true},"geo":{"latitudeDiff":0,"longitudeDiff":0},"data":{"properties":{"name":"Bezim Street; Malki-Damascus; Syria"},"categories":{"0":"Address"},"statistics":{"digest":{"0":{"edgeType":"registered address","nodeCategories":{"0":"Officer"},"nodes":1,"edges":1}},"edgeCount":1,"visibleEdgeCount":1,"hiddenEdgeCount":0}},"label":"Bezim Street; Malki-Damascus; Syria","x":159.144,"y":-44.885,"fixed":true,"size":1,"glyphs":{"0":{"draw":false,"position":"top-right","content":"0"}},"active":false,"color":"#937c6f","icon":{"font":"FontAwesome","scale":1,"color":"#fff","content":""},"fa2_x":159.144,"fa2_y":-44.885,"colors":{"0":"#937c6f"},"read_cam0:size":5,"read_cam0:x":159.144,"read_cam0:y":-44.885,"renderer1:x":1536.914563358384,"renderer1:y":251.08513754139557,"renderer1:size":7.494840693432569}],"edges":[{"id":676984,"source":580756,"target":60322,"data":{"properties":{},"type":"registered"},"label":"registered","size":1,"active":false,"color":"#8a6960","hover":false,"read_cam0:size":2,"renderer1:size":2.997936277373028},{"id":683140,"source":580756,"target":214942,"data":{"properties":{},"type":"registered"},"label":"registered","size":1,"active":false,"color":"#8a6960","hover":false,"read_cam0:size":2,"renderer1:size":2.997936277373028},{"id":688338,"source":580756,"target":180522,"data":{"properties":{},"type":"registered"},"label":"registered","size":1,"active":false,"color":"#8a6960","hover":false,"read_cam0:size":2,"renderer1:size":2.997936277373028},{"id":688605,"source":580756,"target":261132,"data":{"properties":{},"type":"registered"},"label":"registered","size":1,"active":false,"color":"#8a6960","hover":false,"read_cam0:size":2,"renderer1:size":2.997936277373028},{"id":689004,"source":580756,"target":83987,"data":{"properties":{},"type":"registered"},"label":"registered","size":1,"active":false,"color":"#8a6960","hover":false,"read_cam0:size":2,"renderer1:size":2.997936277373028},{"id":691294,"source":580756,"target":50332,"data":{"properties":{},"type":"registered"},"label":"registered","size":1,"active":false,"color":"#8a6960","hover":false,"read_cam0:size":2,"renderer1:size":2.997936277373028},{"id":801045,"source":580756,"target":79778,"data":{"properties":{},"type":"registered"},"label":"registered","size":1,"active":false,"color":"#8a6960","hover":false,"read_cam0:size":2,"renderer1:size":2.997936277373028},{"id":802574,"source":580756,"target":179421,"data":{"properties":{},"type":"registered"},"label":"registered","size":1,"active":false,"color":"#8a6960","hover":false,"read_cam0:size":2,"renderer1:size":2.997936277373028},{"id":820495,"source":310244,"target":546367,"data":{"properties":{},"type":"registered address"},"label":"registered address","size":1,"active":false,"color":"#baaba3","hover":false,"read_cam0:size":2,"renderer1:size":2.997936277373028},{"id":330176,"source":654193,"target":546367,"data":{"properties":{},"type":"registered address"},"label":"registered address","size":1,"active":false,"color":"#baaba3","hover":false,"read_cam0:size":2,"renderer1:size":2.997936277373028},{"id":879085,"source":310244,"target":654193,"data":{"properties":{"simil":1},"type":"has similar name and address as"},"label":"has similar name and address as","size":1,"active":false,"color":"#d48a60","read_cam0:size":2,"renderer1:size":2.997936277373028},{"id":246768,"source":373051,"target":536483,"data":{"properties":{},"type":"registered address"},"label":"registered address","size":1,"active":false,"color":"#baaba3","read_cam0:size":2,"renderer1:size":2.997936277373028},{"id":728306,"source":590963,"target":14909,"data":{"properties":{},"type":"registered"},"label":"registered","size":1,"active":false,"color":"#8a6960","read_cam0:size":2,"renderer1:size":2.997936277373028},{"id":68557,"source":310244,"target":214942,"data":{"properties":{"name":"Power of Attorney"},"type":"is officer of"},"label":"Power of Attorney","size":1,"type":"curvedArrow","cc":{"y":null},"active":false,"color":"#d48a60","hover":false,"read_cam0:size":2,"renderer1:size":2.997936277373028},{"id":68563,"source":354495,"target":214942,"data":{"properties":{"name":"Power of Attorney"},"type":"is officer of"},"label":"Power of Attorney","size":1,"active":false,"color":"#d48a60","hover":false,"read_cam0:size":2,"renderer1:size":2.997936277373028},{"id":408026,"source":310244,"target":214942,"data":{"properties":{"name":"Shareholder"},"type":"is officer of"},"label":"Shareholder","size":1,"type":"curvedArrow","cc":{"y":2},"active":false,"color":"#d48a60","hover":false,"read_cam0:size":2,"renderer1:size":2.997936277373028},{"id":47805,"source":310244,"target":261132,"data":{"properties":{"name":"Shareholder"},"type":"is officer of"},"label":"Shareholder","size":1,"type":"curvedArrow","cc":{"y":null},"active":false,"color":"#d48a60","hover":false,"read_cam0:size":2,"renderer1:size":2.997936277373028},{"id":47806,"source":310243,"target":261132,"data":{"properties":{"name":"Shareholder"},"type":"is officer of"},"label":"Shareholder","size":1,"active":false,"color":"#d48a60","hover":false,"read_cam0:size":2,"renderer1:size":2.997936277373028},{"id":47807,"source":310242,"target":261132,"data":{"properties":{"name":"Shareholder"},"type":"is officer of"},"label":"Shareholder","size":1,"active":false,"color":"#d48a60","read_cam0:size":2,"renderer1:size":2.997936277373028},{"id":68556,"source":310244,"target":261132,"data":{"properties":{"name":"Power of Attorney"},"type":"is officer of"},"label":"Power of Attorney","size":1,"type":"curvedArrow","cc":{"y":2},"active":false,"color":"#d48a60","hover":false,"read_cam0:size":2,"renderer1:size":2.997936277373028},{"id":68562,"source":354495,"target":261132,"data":{"properties":{"name":"Power of Attorney"},"type":"is officer of"},"label":"Power of Attorney","size":1,"active":false,"color":"#d48a60","hover":false,"read_cam0:size":2,"renderer1:size":2.997936277373028},{"id":319007,"source":315956,"target":529076,"data":{"properties":{},"type":"registered address"},"label":"registered address","size":1,"active":false,"color":"#baaba3","hover":false,"read_cam0:size":2,"renderer1:size":2.997936277373028},{"id":507494,"source":315956,"target":179421,"data":{"properties":{"name":"Shareholder"},"type":"is officer of"},"label":"Shareholder","size":1,"active":false,"color":"#d48a60","hover":false,"read_cam0:size":2,"renderer1:size":2.997936277373028},{"id":29078,"source":314881,"target":180522,"data":{"properties":{"name":"Shareholder"},"type":"is officer of"},"label":"Shareholder","size":1,"active":false,"color":"#d48a60","hover":false,"read_cam0:size":2,"renderer1:size":2.997936277373028},{"id":29079,"source":314880,"target":180522,"data":{"properties":{"name":"Shareholder"},"type":"is officer of"},"label":"Shareholder","size":1,"active":false,"color":"#d48a60","read_cam0:size":2,"renderer1:size":2.997936277373028},{"id":68555,"source":310244,"target":180522,"data":{"properties":{"name":"Power of Attorney"},"type":"is officer of"},"label":"Power of Attorney","size":1,"active":false,"color":"#d48a60","hover":false,"read_cam0:size":2,"renderer1:size":2.997936277373028},{"id":68561,"source":354495,"target":180522,"data":{"properties":{"name":"Power of Attorney"},"type":"is officer of"},"label":"Power of Attorney","size":1,"active":false,"color":"#d48a60","hover":false,"read_cam0:size":2,"renderer1:size":2.997936277373028},{"id":68552,"source":310244,"target":79778,"data":{"properties":{"name":"Director (Rami Makhlouf)"},"type":"is officer of"},"label":"Director (Rami Makhlouf)","size":1,"active":false,"color":"#d48a60","hover":false,"read_cam0:size":2,"renderer1:size":2.997936277373028},{"id":68558,"source":354495,"target":79778,"data":{"properties":{"name":"Director (Rami Makhlouf)"},"type":"is officer of"},"label":"Director (Rami Makhlouf)","size":1,"active":false,"color":"#d48a60","hover":false,"read_cam0:size":2,"renderer1:size":2.997936277373028},{"id":507327,"source":312606,"target":79778,"data":{"properties":{"name":"Shareholder"},"type":"is officer of"},"label":"Shareholder","size":1,"active":false,"color":"#d48a60","hover":false,"read_cam0:size":2,"renderer1:size":2.997936277373028},{"id":507328,"source":312605,"target":79778,"data":{"properties":{"name":"Shareholder"},"type":"is officer of"},"label":"Shareholder","size":1,"active":false,"color":"#d48a60","hover":false,"read_cam0:size":2,"renderer1:size":2.997936277373028},{"id":507329,"source":312604,"target":79778,"data":{"properties":{"name":"Shareholder"},"type":"is officer of"},"label":"Shareholder","size":1,"active":false,"color":"#d48a60","hover":false,"read_cam0:size":2,"renderer1:size":2.997936277373028},{"id":507330,"source":312607,"target":79778,"data":{"properties":{"name":"Shareholder"},"type":"is officer of"},"label":"Shareholder","size":1,"active":false,"color":"#d48a60","read_cam0:size":2,"renderer1:size":2.997936277373028},{"id":498173,"source":353330,"target":60322,"data":{"properties":{"name":"Shareholder"},"type":"is officer of"},"label":"Shareholder","size":1,"active":false,"color":"#d48a60","read_cam0:size":2,"renderer1:size":2.997936277373028},{"id":498174,"source":353666,"target":60322,"data":{"properties":{"name":"Shareholder"},"type":"is officer of"},"label":"Shareholder","size":1,"active":false,"color":"#d48a60","read_cam0:size":2,"renderer1:size":2.997936277373028},{"id":498175,"source":354466,"target":60322,"data":{"properties":{"name":"Shareholder"},"type":"is officer of"},"label":"Shareholder","size":1,"active":false,"color":"#d48a60","read_cam0:size":2,"renderer1:size":2.997936277373028},{"id":498176,"source":313335,"target":60322,"data":{"properties":{"name":"Shareholder"},"type":"is officer of"},"label":"Shareholder","size":1,"active":false,"color":"#d48a60","hover":false,"read_cam0:size":2,"renderer1:size":2.997936277373028},{"id":498177,"source":313336,"target":60322,"data":{"properties":{"name":"Shareholder"},"type":"is officer of"},"label":"Shareholder","size":1,"active":false,"color":"#d48a60","hover":false,"read_cam0:size":2,"renderer1:size":2.997936277373028},{"id":498178,"source":354495,"target":60322,"data":{"properties":{"name":"Shareholder"},"type":"is officer of"},"label":"Shareholder","size":1,"active":false,"color":"#d48a60","read_cam0:size":2,"renderer1:size":2.997936277373028},{"id":498179,"source":313333,"target":60322,"data":{"properties":{"name":"Shareholder"},"type":"is officer of"},"label":"Shareholder","size":1,"active":false,"color":"#d48a60","read_cam0:size":2,"renderer1:size":2.997936277373028},{"id":498180,"source":313334,"target":60322,"data":{"properties":{"name":"Shareholder"},"type":"is officer of"},"label":"Shareholder","size":1,"active":false,"color":"#d48a60","read_cam0:size":2,"renderer1:size":2.997936277373028},{"id":68485,"source":373051,"target":14909,"data":{"properties":{"name":"Director"},"type":"is officer of"},"label":"Director","size":1,"type":"curvedArrow","cc":{"y":null},"active":false,"color":"#d48a60","read_cam0:size":2,"renderer1:size":2.997936277373028},{"id":68486,"source":354466,"target":14909,"data":{"properties":{"name":"Director"},"type":"is officer of"},"label":"Director","size":1,"active":false,"color":"#d48a60","read_cam0:size":2,"renderer1:size":2.997936277373028},{"id":545791,"source":373051,"target":14909,"data":{"properties":{"name":"Shareholder"},"type":"is officer of"},"label":"Shareholder","size":1,"type":"curvedArrow","cc":{"y":2},"active":false,"color":"#d48a60","read_cam0:size":2,"renderer1:size":2.997936277373028},{"id":31165,"source":310244,"target":50332,"data":{"properties":{"name":"Shareholder"},"type":"is officer of"},"label":"Shareholder","size":1,"type":"curvedArrow","cc":{"y":null},"color":"#d48a60","hover":false,"active":false,"read_cam0:size":2,"renderer1:size":2.997936277373028},{"id":54152,"source":654193,"target":50332,"data":{"properties":{"name":"Beneficiay"},"type":"is officer of"},"label":"Beneficiay","size":1,"color":"#d48a60","active":false,"read_cam0:size":2,"renderer1:size":2.997936277373028},{"id":68553,"source":310244,"target":50332,"data":{"properties":{"name":"Director / Shareholder / Beneficial Owner"},"type":"is officer of"},"label":"Director / Shareholder / Beneficial Owner","size":1,"type":"curvedArrow","cc":{"y":2},"color":"#d48a60","active":false,"read_cam0:size":2,"renderer1:size":2.997936277373028},{"id":68554,"source":310244,"target":83987,"data":{"properties":{"name":"Power of Attorney"},"type":"is officer of"},"label":"Power of Attorney","size":1,"color":"#d48a60","active":false,"read_cam0:size":2,"renderer1:size":2.997936277373028},{"id":68559,"source":354495,"target":50332,"data":{"properties":{"name":"Director / Shareholder / Beneficial Owner"},"type":"is officer of"},"label":"Director / Shareholder / Beneficial Owner","size":1,"color":"#d48a60","active":false,"hover":false,"read_cam0:size":2,"renderer1:size":2.997936277373028},{"id":68560,"source":354495,"target":83987,"data":{"properties":{"name":"Power of Attorney"},"type":"is officer of"},"label":"Power of Attorney","size":1,"color":"#d48a60","active":false,"read_cam0:size":2,"renderer1:size":2.997936277373028}]}