{"nodes":[{"id":125412,"nodelink":{"x":-11.69,"y":9.918},"geo":{"latitudeDiff":0,"longitudeDiff":0},"data":{"properties":{"file_number":"2000478","jurisdiction":"ANG","name":"SEGAL LTD.","status":"ACT","inactivationDate":"","struck_off_date":"","registrationDate":"01-SEP-2008"},"categories":{"0":"Company"},"statistics":{"digest":{"0":{"edgeType":"is officer of","nodeCategories":{"0":"Officer"},"nodes":2,"edges":2},"1":{"edgeType":"registered","nodeCategories":{"0":"Client"},"nodes":1,"edges":1}},"edgeCount":3,"visibleEdgeCount":2,"hiddenEdgeCount":1}},"label":"SEGAL LTD.","x":3.685206423951429,"y":34.19178139734318,"fixed":true,"size":1,"glyphs":{"0":{"draw":true,"position":"top-right","content":"1"},"1":{"draw":true,"position":"bottom-right","font":"FontAwesome","textColor":"#000","content":""}},"active":false,"color":"#420e00","icon":{"font":"FontAwesome","scale":1,"color":"#fff","content":""},"fa2_x":3.685206423951429,"fa2_y":34.19178139734318,"colors":{"0":"#420e00"},"read_cam0:size":5,"read_cam0:x":3.685206423951429,"read_cam0:y":34.19178139734318,"renderer1:x":1253.4690901726053,"renderer1:y":442.14490451119616,"renderer1:size":12.941223135062922},{"id":298040,"nodelink":{"x":6.042,"y":31.507},"geo":{"latitudeDiff":0,"longitudeDiff":0},"data":{"properties":{"name":"JAVIER MOLINA BONILLA","certificateNumber":"1","numbershares":"50,000","classofshares":"ORDINARY","dateofissue":"03-10-2008","ceasedmembership":"05-01-2015","transferdate":"05-01-2015","sharestransferred":"50000.0","newcertificate":"2","custodianname":"","custodianaddress":"","citizenship":"NO","pep":"NO","rst":"NOT NEGATIVE RESULT","registerlocation":""},"categories":{"0":"Officer"},"statistics":{"digest":{"0":{"edgeType":"registered address","nodeCategories":{"0":"Address"},"nodes":1,"edges":1},"1":{"edgeType":"is officer of","nodeCategories":{"0":"Company"},"nodes":1,"edges":1}},"edgeCount":2,"visibleEdgeCount":2,"hiddenEdgeCount":0}},"label":"JAVIER MOLINA BONILLA","x":-84.17062290572149,"y":11.400934385216278,"fixed":true,"size":1,"glyphs":{"0":{"draw":false,"position":"top-right","content":"0"},"1":{"draw":true,"position":"bottom-right","font":"FontAwesome","textColor":"#000","content":""}},"active":false,"color":"#be4400","icon":{"font":"FontAwesome","scale":1,"color":"#fff","content":""},"fa2_x":-84.17062290572149,"fa2_y":11.400934385216278,"colors":{"0":"#be4400"},"read_cam0:size":5,"read_cam0:x":-84.17062290572149,"read_cam0:y":11.400934385216278,"renderer1:x":965.0478538663333,"renderer1:y":367.32500557155214,"renderer1:size":12.941223135062922},{"id":583749,"nodelink":{"x":-9.634,"y":-5.299},"geo":{"latitudeDiff":0,"longitudeDiff":0},"data":{"properties":{"name":"MOSSACK FONSECA & CO. (QUITO) LTD","status":"ACTIVE","client_number":"22751","client_name":"MOSSACK FONSECA & CO. (QUITO) LTD","prospect_date":"16-MAY-2007","active_since":"16-MAY-2007","country":"ECUADOR","city":"QUITO","former_name":"MOSSACK FONSECA & CO (QUITO) LTDA","cross_reference":"","activity":"ATTORNEY","classification":"Special rates","subclassification":"Representative","region":"REPRESENTATIVE CLIENTS","compliance_classification":"INTRODUCER"},"categories":{"0":"Client"},"statistics":{"digest":{"0":{"edgeType":"registered","nodeCategories":{"0":"Company"},"nodes":12,"edges":12}},"edgeCount":12,"visibleEdgeCount":6,"hiddenEdgeCount":6}},"label":"MOSSACK FONSECA & CO. (QUITO) LTD","x":-8.368513107299805,"y":8.733837127685547,"size":1,"glyphs":{"0":{"draw":true,"position":"top-right","content":"6"}},"active":false,"color":"#851d00","icon":{"font":"FontAwesome","scale":1,"color":"#fff","content":""},"fa2_x":-8.368513107299805,"fa2_y":8.733837127685547,"colors":{"0":"#851d00"},"read_cam0:size":5,"read_cam0:x":-8.368513107299805,"read_cam0:y":8.733837127685547,"renderer1:x":1213.898025670476,"renderer1:y":358.56921219693686,"renderer1:size":12.941223135062922},{"id":540893,"nodelink":{"x":23.006,"y":21.832},"geo":{"latitudeDiff":0,"longitudeDiff":0},"data":{"properties":{"name":"Gonessiat Nro. 157 y Gonzalez Suarez; Edificio Miro; Quito Ecuador"},"categories":{"0":"Address"},"statistics":{"digest":{"0":{"edgeType":"registered address","nodeCategories":{"0":"Officer"},"nodes":1,"edges":1}},"edgeCount":1,"visibleEdgeCount":1,"hiddenEdgeCount":0}},"label":"Gonessiat Nro. 157 y Gonzalez Suarez; Edificio Miro; Quito Ecuador","x":-79.05767059326172,"y":28.46404457092285,"size":1,"glyphs":{"0":{"draw":false,"position":"top-right","content":"0"}},"active":false,"color":"#937c6f","icon":{"font":"FontAwesome","scale":1,"color":"#fff","content":""},"fa2_x":-79.05767059326172,"fa2_y":28.46404457092285,"colors":{"0":"#937c6f"},"read_cam0:size":5,"read_cam0:x":-79.05767059326172,"read_cam0:y":28.46404457092285,"renderer1:x":981.8331262652882,"renderer1:y":423.34136069039755,"renderer1:size":12.941223135062922},{"id":275242,"nodelink":{"x":1.921,"y":0.266},"geo":{"latitudeDiff":0,"longitudeDiff":0},"data":{"properties":{"file_number":"207643","jurisdiction":"SEY","name":"MOSSACK FONSECA & CO. (QUITO) LTD.","status":"ACT","inactivationDate":"","struck_off_date":"","registrationDate":"18-MAY-2007"},"categories":{"0":"Company"},"statistics":{"digest":{"0":{"edgeType":"is officer of","nodeCategories":{"0":"Officer"},"nodes":7,"edges":7},"1":{"edgeType":"registered","nodeCategories":{"0":"Client"},"nodes":1,"edges":1}},"edgeCount":8,"visibleEdgeCount":1,"hiddenEdgeCount":7}},"label":"MOSSACK FONSECA & CO. (QUITO) LTD.","x":-23.93580763784428,"y":-47.963845582278964,"fixed":true,"size":1,"glyphs":{"0":{"draw":true,"position":"top-right","content":"7"},"1":{"draw":true,"position":"bottom-right","font":"FontAwesome","textColor":"#000","content":""}},"active":false,"color":"#420e00","icon":{"font":"FontAwesome","scale":1,"color":"#fff","content":""},"fa2_x":-0.06630535423755646,"fa2_y":-0.21328072249889374,"colors":{"0":"#420e00"},"read_cam0:size":5,"read_cam0:x":-23.93580763784428,"read_cam0:y":-47.963845582278964,"renderer1:x":1162.7922724301836,"renderer1:y":172.4368193019145,"renderer1:size":12.941223135062922},{"id":235040,"nodelink":{"x":68.207,"y":15.888},"geo":{"latitudeDiff":0,"longitudeDiff":0},"data":{"properties":{"file_number":"2001174","jurisdiction":"ANG","name":"CORPORATE CONSULTING GROUP INC.","status":"CAR","inactivationDate":"20-MAR-2014","struck_off_date":"28-SEP-2013","registrationDate":"03-FEB-2011"},"categories":{"0":"Company"},"statistics":{"digest":{"0":{"edgeType":"is officer of","nodeCategories":{"0":"Officer"},"nodes":1,"edges":1},"1":{"edgeType":"registered","nodeCategories":{"0":"Client"},"nodes":1,"edges":1}},"edgeCount":2,"visibleEdgeCount":0,"hiddenEdgeCount":2}},"label":"CORPORATE CONSULTING GROUP INC.","x":54.4921006063397,"y":27.1810339447066,"fixed":true,"size":1,"glyphs":{"0":{"draw":true,"position":"top-right","content":"2"},"1":{"draw":true,"position":"bottom-right","font":"FontAwesome","textColor":"#000","content":""}},"active":false,"color":"#420e00","icon":{"font":"FontAwesome","scale":1,"color":"#fff","content":""},"fa2_x":71.7954330444336,"fa2_y":26.492828369140625,"colors":{"0":"#420e00"},"read_cam0:size":5,"read_cam0:x":54.4921006063397,"read_cam0:y":27.1810339447066,"renderer1:x":1420.262658052763,"renderer1:y":419.12937482866494,"renderer1:size":12.941223135062922},{"id":605754,"nodelink":{"x":45.036,"y":68.933},"geo":{"latitudeDiff":0,"longitudeDiff":0},"data":{"properties":{"file_number":"121494","jurisdiction":"NEV","name":"YEPECUA CORP. LLC","status":"ACT","inactivationDate":"","struck_off_date":"","registrationDate":"18-NOV-2009"},"categories":{"0":"Company"},"statistics":{"digest":{"0":{"edgeType":"is officer of","nodeCategories":{"0":"Officer"},"nodes":2,"edges":2},"1":{"edgeType":"registered","nodeCategories":{"0":"Client"},"nodes":1,"edges":1}},"edgeCount":3,"visibleEdgeCount":1,"hiddenEdgeCount":2}},"label":"YEPECUA CORP. LLC","x":0.09378083570406925,"y":63.19983192323538,"fixed":true,"size":1,"glyphs":{"0":{"draw":true,"position":"top-right","content":"2"},"1":{"draw":true,"position":"bottom-right","font":"FontAwesome","textColor":"#000","content":""}},"active":false,"color":"#420e00","icon":{"font":"FontAwesome","scale":1,"color":"#fff","content":""},"fa2_x":0.09378083570406925,"fa2_y":63.19983192323538,"colors":{"0":"#420e00"},"read_cam0:size":5,"read_cam0:x":0.09378083570406925,"read_cam0:y":63.19983192323538,"renderer1:x":1241.6788263259416,"renderer1:y":537.3752137501856,"renderer1:size":12.941223135062922},{"id":124830,"nodelink":{"x":-24.875,"y":3.96},"geo":{"latitudeDiff":0,"longitudeDiff":0},"data":{"properties":{"file_number":"2000140","jurisdiction":"ANG","name":"DEXFORD CORP.","status":"CAR","inactivationDate":"27-MAR-2013","struck_off_date":"31-MAR-2014","registrationDate":"20-JUL-2007"},"categories":{"0":"Company"},"statistics":{"digest":{"0":{"edgeType":"is officer of","nodeCategories":{"0":"Officer"},"nodes":1,"edges":1},"1":{"edgeType":"registered","nodeCategories":{"0":"Client"},"nodes":1,"edges":1}},"edgeCount":2,"visibleEdgeCount":2,"hiddenEdgeCount":0}},"label":"DEXFORD CORP.","x":-37.797611236572266,"y":-5.57257604598999,"size":1,"glyphs":{"0":{"draw":false,"position":"top-right","content":"0"}},"active":false,"color":"#420e00","icon":{"font":"FontAwesome","scale":1,"color":"#fff","content":""},"fa2_x":-37.797611236572266,"fa2_y":-5.57257604598999,"colors":{"0":"#420e00"},"read_cam0:size":5,"read_cam0:x":-37.797611236572266,"read_cam0:y":-5.57257604598999,"renderer1:x":1117.2854624451854,"renderer1:y":311.6027968077396,"renderer1:size":12.941223135062922},{"id":102199,"nodelink":{"x":83.344,"y":29.711},"geo":{"latitudeDiff":0,"longitudeDiff":0},"data":{"properties":{"file_number":"58710","jurisdiction":"PMA","name":"WESTIN HILLS MERCANTILE S.A.","status":"ACT","inactivationDate":"","struck_off_date":"","registrationDate":"17-MAR-2004"},"categories":{"0":"Company"},"statistics":{"digest":{"0":{"edgeType":"registered","nodeCategories":{"0":"Client"},"nodes":1,"edges":1}},"edgeCount":1,"visibleEdgeCount":0,"hiddenEdgeCount":1}},"label":"WESTIN HILLS MERCANTILE S.A.","x":53.03297673202929,"y":67.30694048824259,"fixed":true,"size":1,"glyphs":{"0":{"draw":true,"position":"top-right","content":"1"},"1":{"draw":true,"position":"bottom-right","font":"FontAwesome","textColor":"#000","content":""}},"active":false,"color":"#420e00","icon":{"font":"FontAwesome","scale":1,"color":"#fff","content":""},"fa2_x":140.71566772460938,"fa2_y":78.23839569091797,"colors":{"0":"#420e00"},"read_cam0:size":5,"read_cam0:x":53.03297673202929,"read_cam0:y":67.30694048824259,"renderer1:x":1415.4725113435056,"renderer1:y":550.8584093332404,"renderer1:size":12.941223135062922},{"id":26032,"nodelink":{"x":11.075,"y":-7.393},"geo":{"latitudeDiff":0,"longitudeDiff":0},"data":{"properties":{"file_number":"2000136","jurisdiction":"ANG","name":"INTECH CORP. INC.","status":"MOR","inactivationDate":"04-MAY-2009","struck_off_date":"30-MAR-2009","registrationDate":"20-JUL-2007"},"categories":{"0":"Company"},"statistics":{"digest":{"0":{"edgeType":"is officer of","nodeCategories":{"0":"Officer"},"nodes":4,"edges":4},"1":{"edgeType":"registered","nodeCategories":{"0":"Client"},"nodes":1,"edges":1}},"edgeCount":5,"visibleEdgeCount":1,"hiddenEdgeCount":4}},"label":"INTECH CORP. INC.","x":19.473127622890107,"y":25.7219100703962,"fixed":true,"size":1,"glyphs":{"0":{"draw":true,"position":"top-right","content":"4"},"1":{"draw":true,"position":"bottom-right","font":"FontAwesome","textColor":"#000","content":""}},"active":false,"color":"#420e00","icon":{"font":"FontAwesome","scale":1,"color":"#fff","content":""},"fa2_x":9.975292205810547,"fa2_y":14.069276809692383,"colors":{"0":"#420e00"},"read_cam0:size":5,"read_cam0:x":19.473127622890107,"read_cam0:y":25.7219100703962,"renderer1:x":1305.299137030588,"renderer1:y":414.3392281194076,"renderer1:size":12.941223135062922},{"id":173371,"nodelink":{"x":-12.181,"y":66.007},"geo":{"latitudeDiff":0,"longitudeDiff":0},"data":{"properties":{"file_number":"121583","jurisdiction":"NEV","name":"SUMIL INTERNATIONAL LLC","status":"ACT","inactivationDate":"","struck_off_date":"","registrationDate":"11-DEC-2009"},"categories":{"0":"Company"},"statistics":{"digest":{"0":{"edgeType":"is officer of","nodeCategories":{"0":"Officer"},"nodes":2,"edges":2},"1":{"edgeType":"registered","nodeCategories":{"0":"Client"},"nodes":1,"edges":1}},"edgeCount":3,"visibleEdgeCount":0,"hiddenEdgeCount":3}},"label":"SUMIL INTERNATIONAL LLC","x":-12.39999999999999,"y":44.70000000000001,"fixed":true,"size":1,"glyphs":{"0":{"draw":true,"position":"top-right","content":"3"},"1":{"draw":true,"position":"bottom-right","font":"FontAwesome","textColor":"#000","content":""}},"active":false,"color":"#420e00","icon":{"font":"FontAwesome","scale":1,"color":"#fff","content":""},"fa2_x":-12.39999999999999,"fa2_y":44.70000000000001,"colors":{"0":"#420e00"},"read_cam0:size":5,"read_cam0:x":-12.39999999999999,"read_cam0:y":44.70000000000001,"renderer1:x":1200.6630879023523,"renderer1:y":476.6422557271526,"renderer1:size":12.941223135062922},{"id":102738,"nodelink":{"x":62.053,"y":-20.906},"geo":{"latitudeDiff":0,"longitudeDiff":0},"data":{"properties":{"file_number":"561188","jurisdiction":"BVI","name":"Evenstock Limited","status":"ACT","inactivationDate":"","struck_off_date":"","registrationDate":"16-APR-2004"},"categories":{"0":"Company"},"statistics":{"digest":{"0":{"edgeType":"is officer of","nodeCategories":{"0":"Officer"},"nodes":2,"edges":2},"1":{"edgeType":"registered","nodeCategories":{"0":"Client"},"nodes":1,"edges":1}},"edgeCount":3,"visibleEdgeCount":0,"hiddenEdgeCount":3}},"label":"Evenstock Limited","x":52.66819576345169,"y":39.94836784492259,"fixed":true,"size":1,"glyphs":{"0":{"draw":true,"position":"top-right","content":"3"},"1":{"draw":true,"position":"bottom-right","font":"FontAwesome","textColor":"#000","content":""}},"active":false,"color":"#420e00","icon":{"font":"FontAwesome","scale":1,"color":"#fff","content":""},"fa2_x":125.50127410888672,"fa2_y":18.610837936401367,"colors":{"0":"#420e00"},"read_cam0:size":5,"read_cam0:x":52.66819576345169,"read_cam0:y":39.94836784492259,"renderer1:x":1414.2749746661914,"renderer1:y":461.0431585346662,"renderer1:size":12.941223135062922},{"id":218578,"nodelink":{"x":1.934,"y":-18.565},"geo":{"latitudeDiff":0,"longitudeDiff":0},"data":{"properties":{"file_number":"2000697","jurisdiction":"ANG","name":"YORKINGTON ASSETS LIMITED","status":"ACT","inactivationDate":"","struck_off_date":"","registrationDate":"08-JUL-2009"},"categories":{"0":"Company"},"statistics":{"digest":{"0":{"edgeType":"is officer of","nodeCategories":{"0":"Officer"},"nodes":1,"edges":1},"1":{"edgeType":"registered","nodeCategories":{"0":"Client"},"nodes":1,"edges":1}},"edgeCount":2,"visibleEdgeCount":1,"hiddenEdgeCount":1}},"label":"YORKINGTON ASSETS LIMITED","x":51.36935867130995,"y":-14.650507800748436,"fixed":true,"size":1,"glyphs":{"0":{"draw":true,"position":"top-right","content":"1"},"1":{"draw":true,"position":"bottom-right","font":"FontAwesome","textColor":"#000","content":""}},"active":false,"color":"#420e00","icon":{"font":"FontAwesome","scale":1,"color":"#fff","content":""},"fa2_x":-4.61393928527832,"fa2_y":-11.209083557128906,"colors":{"0":"#420e00"},"read_cam0:size":5,"read_cam0:x":51.36935867130995,"read_cam0:y":-14.650507800748436,"renderer1:x":1410.01103221941,"renderer1:y":281.8009234455689,"renderer1:size":12.941223135062922},{"id":262448,"nodelink":{"x":-37.026,"y":40.348},"geo":{"latitudeDiff":0,"longitudeDiff":0},"data":{"properties":{"file_number":"2000520","jurisdiction":"ANG","name":"CAPRILE S.A.","status":"MOR","inactivationDate":"05-OCT-2012","struck_off_date":"28-SEP-2012","registrationDate":"26-JAN-2009"},"categories":{"0":"Company"},"statistics":{"digest":{"0":{"edgeType":"is officer of","nodeCategories":{"0":"Officer"},"nodes":1,"edges":1},"1":{"edgeType":"registered","nodeCategories":{"0":"Client"},"nodes":1,"edges":1}},"edgeCount":2,"visibleEdgeCount":0,"hiddenEdgeCount":2}},"label":"CAPRILE S.A.","x":-49.26863098144531,"y":78.44910430908203,"size":1,"glyphs":{"0":{"draw":true,"position":"top-right","content":"2"}},"active":false,"color":"#420e00","icon":{"font":"FontAwesome","scale":1,"color":"#fff","content":""},"fa2_x":-49.26863098144531,"fa2_y":78.44910430908203,"colors":{"0":"#420e00"},"read_cam0:size":5,"read_cam0:x":-49.26863098144531,"read_cam0:y":78.44910430908203,"renderer1:x":1079.6273386558685,"renderer1:y":587.436934501725,"renderer1:size":12.941223135062922},{"id":96161,"nodelink":{"x":-0.979,"y":-52.749},"geo":{"latitudeDiff":0,"longitudeDiff":0},"data":{"properties":{"file_number":"62557","jurisdiction":"PMA","name":"HENDRICKS TRADING CORP.","status":"CAR","inactivationDate":"19-JUL-2013","struck_off_date":"15-JUL-2012","registrationDate":"06-JAN-2009"},"categories":{"0":"Company"},"statistics":{"digest":{"0":{"edgeType":"registered","nodeCategories":{"0":"Client"},"nodes":1,"edges":1}},"edgeCount":1,"visibleEdgeCount":0,"hiddenEdgeCount":1}},"label":"HENDRICKS TRADING CORP.","x":-34.92519214774551,"y":-68.48609773327809,"fixed":true,"size":1,"glyphs":{"0":{"draw":true,"position":"top-right","content":"1"},"1":{"draw":true,"position":"bottom-right","font":"FontAwesome","textColor":"#000","content":""}},"active":false,"color":"#420e00","icon":{"font":"FontAwesome","scale":1,"color":"#fff","content":""},"fa2_x":-34.92519214774551,"fa2_y":-68.48609773327809,"colors":{"0":"#420e00"},"read_cam0:size":5,"read_cam0:x":-34.92519214774551,"read_cam0:y":-68.48609773327809,"renderer1:x":1126.7153053037669,"renderer1:y":105.06447323971551,"renderer1:size":12.941223135062922},{"id":83045,"nodelink":{"x":1.492,"y":8.021},"geo":{"latitudeDiff":0,"longitudeDiff":0},"data":{"properties":{"file_number":"209158","jurisdiction":"SEY","name":"ECUADOR CORPORATE INC.","status":"ACT","inactivationDate":"","struck_off_date":"","registrationDate":"03-APR-2008"},"categories":{"0":"Company"},"statistics":{"digest":{"0":{"edgeType":"is officer of","nodeCategories":{"0":"Officer"},"nodes":1,"edges":1},"1":{"edgeType":"registered","nodeCategories":{"0":"Client"},"nodes":1,"edges":1}},"edgeCount":2,"visibleEdgeCount":1,"hiddenEdgeCount":1}},"label":"ECUADOR CORPORATE INC.","x":46.70630374564761,"y":-77.2131613867181,"fixed":true,"size":1,"glyphs":{"0":{"draw":true,"position":"top-right","content":"1"},"1":{"draw":true,"position":"bottom-right","font":"FontAwesome","textColor":"#000","content":""}},"active":false,"color":"#420e00","icon":{"font":"FontAwesome","scale":1,"color":"#fff","content":""},"fa2_x":8.776640892028809,"fa2_y":-1.1550520658493042,"colors":{"0":"#420e00"},"read_cam0:size":5,"read_cam0:x":46.70630374564761,"read_cam0:y":-77.2131613867181,"renderer1:x":1394.7027245421034,"renderer1:y":76.41446210837026,"renderer1:size":12.941223135062922},{"id":266123,"nodelink":{"x":52.721,"y":5.122},"geo":{"latitudeDiff":0,"longitudeDiff":0},"data":{"properties":{"file_number":"54184","jurisdiction":"PMA","name":"DORMAR CONSULTING S.A.","status":"ACT","inactivationDate":"","struck_off_date":"","registrationDate":"10-JUN-2009"},"categories":{"0":"Company"},"statistics":{"digest":{"0":{"edgeType":"is officer of","nodeCategories":{"0":"Officer"},"nodes":5,"edges":5},"1":{"edgeType":"registered","nodeCategories":{"0":"Client"},"nodes":1,"edges":1}},"edgeCount":6,"visibleEdgeCount":0,"hiddenEdgeCount":6}},"label":"DORMAR CONSULTING S.A.","x":50.4795099519861,"y":53.080482713716194,"fixed":true,"size":1,"glyphs":{"0":{"draw":true,"position":"top-right","content":"6"},"1":{"draw":true,"position":"bottom-right","font":"FontAwesome","textColor":"#000","content":""}},"active":false,"color":"#420e00","icon":{"font":"FontAwesome","scale":1,"color":"#fff","content":""},"fa2_x":119.11831665039062,"fa2_y":51.716915130615234,"colors":{"0":"#420e00"},"read_cam0:size":5,"read_cam0:x":50.4795099519861,"read_cam0:y":53.080482713716194,"renderer1:x":1407.0897546023054,"renderer1:y":504.1544789179818,"renderer1:size":12.941223135062922},{"id":1284,"nodelink":{"x":36.141,"y":-33.174},"geo":{"latitudeDiff":0,"longitudeDiff":0},"data":{"properties":{"file_number":"121488","jurisdiction":"NEV","name":"UCELLO GROUP LLC","status":"ACT","inactivationDate":"","struck_off_date":"","registrationDate":"10-JUL-2009"},"categories":{"0":"Company"},"statistics":{"digest":{"0":{"edgeType":"is officer of","nodeCategories":{"0":"Officer"},"nodes":2,"edges":2},"1":{"edgeType":"registered","nodeCategories":{"0":"Client"},"nodes":1,"edges":1}},"edgeCount":3,"visibleEdgeCount":1,"hiddenEdgeCount":2}},"label":"UCELLO GROUP LLC","x":58.00178387551416,"y":-35.584486471183,"fixed":true,"size":1,"glyphs":{"0":{"draw":true,"position":"top-right","content":"2"},"1":{"draw":true,"position":"bottom-right","font":"FontAwesome","textColor":"#000","content":""}},"active":false,"color":"#420e00","icon":{"font":"FontAwesome","scale":1,"color":"#fff","content":""},"fa2_x":15.131831169128418,"fa2_y":-43.94247055053711,"colors":{"0":"#420e00"},"read_cam0:size":5,"read_cam0:x":58.00178387551416,"read_cam0:y":-35.584486471183,"renderer1:x":1431.7845706596122,"renderer1:y":213.07692351291308,"renderer1:size":12.941223135062922},{"id":526,"nodelink":{"x":37.195,"y":-7.827},"geo":{"latitudeDiff":0,"longitudeDiff":0},"data":{"properties":{"file_number":"122019","jurisdiction":"NEV","name":"ALIS CONSULTING GROUP LLC","status":"CAR","inactivationDate":"08-AUG-2013","struck_off_date":"01-SEP-2014","registrationDate":"26-AUG-2011"},"categories":{"0":"Company"},"statistics":{"digest":{"0":{"edgeType":"is officer of","nodeCategories":{"0":"Officer"},"nodes":1,"edges":1},"1":{"edgeType":"registered","nodeCategories":{"0":"Client"},"nodes":1,"edges":1}},"edgeCount":2,"visibleEdgeCount":0,"hiddenEdgeCount":2}},"label":"ALIS CONSULTING GROUP LLC","x":60.32859610358129,"y":-0.5423196671909878,"fixed":true,"size":1,"glyphs":{"0":{"draw":true,"position":"top-right","content":"2"},"1":{"draw":true,"position":"bottom-right","font":"FontAwesome","textColor":"#000","content":""}},"active":false,"color":"#420e00","icon":{"font":"FontAwesome","scale":1,"color":"#fff","content":""},"fa2_x":34.59160232543945,"fa2_y":10.443305969238281,"colors":{"0":"#420e00"},"read_cam0:size":5,"read_cam0:x":60.32859610358129,"read_cam0:y":-0.5423196671909878,"renderer1:x":1439.4232448897922,"renderer1:y":328.11658735277643,"renderer1:size":12.941223135062922},{"id":285914,"nodelink":{"x":14.043,"y":-38.157},"geo":{"latitudeDiff":0,"longitudeDiff":0},"selected":true,"data":{"properties":{"file_number":"2003027","jurisdiction":"ANG","name":"Anhui International Supply Company Limited","status":"MOR","inactivationDate":"02-OCT-2015","struck_off_date":"28-SEP-2015","registrationDate":"10-FEB-2014"},"categories":{"0":"Company"},"statistics":{"digest":{"0":{"edgeType":"is officer of","nodeCategories":{"0":"Officer"},"nodes":2,"edges":2},"1":{"edgeType":"registered","nodeCategories":{"0":"Client"},"nodes":1,"edges":1}},"edgeCount":3,"visibleEdgeCount":1,"hiddenEdgeCount":2}},"label":"Anhui International Supply Company Limited","x":-74.64036227013067,"y":-57.083369796718955,"fixed":true,"size":1,"glyphs":{"0":{"draw":true,"position":"top-right","content":"2"},"1":{"draw":true,"position":"bottom-right","font":"FontAwesome","textColor":"#000","content":""}},"active":false,"color":"#420e00","icon":{"font":"FontAwesome","scale":1,"color":"#fff","content":""},"fa2_x":-44.15813064575195,"fa2_y":-62.89631652832031,"colors":{"0":"#420e00"},"read_cam0:size":5,"read_cam0:x":-74.64036227013067,"read_cam0:y":-57.083369796718955,"renderer1:x":996.3346742834929,"renderer1:y":142.49840236905646,"renderer1:size":12.941223135062922},{"id":592105,"data":{"properties":{"name":"DR. JAVIER MOLINA BONILLA","status":"ACTIVE","client_number":"38525","client_name":"DR. JAVIER MOLINA BONILLA","prospect_date":"10-FEB-2014","active_since":"10-FEB-2014","country":"ECUADOR","city":"QUITO","former_name":"","cross_reference":"","activity":"LAWYERS","classification":"Professional","subclassification":"","region":"REPRESENTATIVE CLIENTS (MF-QUITO)","compliance_classification":"INTERMEDIARY"},"categories":{"0":"Client"},"statistics":{"digest":{"0":{"edgeType":"registered","nodeCategories":{"0":"Company"},"nodes":1,"edges":1}},"edgeCount":1,"visibleEdgeCount":1,"hiddenEdgeCount":0}},"label":"DR. JAVIER MOLINA BONILLA","x":-36.840097005802605,"y":-36.41143078717266,"size":1,"glyphs":{"0":{"draw":false,"position":"top-right","content":"0"},"1":{"draw":true,"position":"bottom-right","font":"FontAwesome","textColor":"#000","content":""}},"color":"#851d00","icon":{"font":"FontAwesome","scale":1,"color":"#fff","content":""},"active":false,"fa2_x":-41.12646861356471,"fa2_y":-54.6244209273293,"fixed":true,"colors":{"0":"#851d00"},"read_cam0:size":5,"read_cam0:x":-36.840097005802605,"read_cam0:y":-36.41143078717266,"renderer1:x":1120.4288786570244,"renderer1:y":210.36215428480418,"renderer1:size":12.941223135062922},{"id":457628,"data":{"properties":{"name":"JAVIER MOLINA","certificateNumber":"1","numbershares":"100","classofshares":"","dateofissue":"","ceasedmembership":"","transferdate":"","sharestransferred":"","newcertificate":"","custodianname":"","custodianaddress":"","citizenship":"NO","pep":"NO","rst":"NOT NEGATIVE RESULT","registerlocation":""},"categories":{"0":"Officer"},"statistics":{"digest":{"0":{"edgeType":"registered address","nodeCategories":{"0":"Address"},"nodes":1,"edges":1},"1":{"edgeType":"is officer of","nodeCategories":{"0":"Company"},"nodes":1,"edges":1}},"edgeCount":2,"visibleEdgeCount":2,"hiddenEdgeCount":0}},"label":"JAVIER MOLINA","x":107.704166566096,"y":-65.5678499846573,"size":1,"glyphs":{"0":{"draw":false,"position":"top-right","content":"0"},"1":{"draw":true,"position":"bottom-right","font":"FontAwesome","textColor":"#000","content":""}},"color":"#be4400","icon":{"font":"FontAwesome","scale":1,"color":"#fff","content":""},"active":false,"fa2_x":107.704166566096,"fa2_y":-65.5678499846573,"fixed":true,"colors":{"0":"#be4400"},"read_cam0:size":5,"read_cam0:x":107.704166566096,"read_cam0:y":-65.5678499846573,"renderer1:x":1594.9521461336667,"renderer1:y":114.64476665823005,"renderer1:size":12.941223135062922},{"id":140772,"data":{"properties":{"file_number":"55045","jurisdiction":"PMA","name":"PANAMERICAN GLOBAL HEALTH INC.","status":"MOR","inactivationDate":"24-JAN-2013","struck_off_date":"15-JAN-2013","registrationDate":"16-SEP-2009"},"categories":{"0":"Company"},"statistics":{"digest":{"0":{"edgeType":"is officer of","nodeCategories":{"0":"Officer"},"nodes":1,"edges":1},"1":{"edgeType":"registered","nodeCategories":{"0":"Client"},"nodes":1,"edges":1}},"edgeCount":2,"visibleEdgeCount":1,"hiddenEdgeCount":1}},"x":97.50849151611328,"y":-26.53738021850586,"label":"PANAMERICAN GLOBAL HEALTH INC.","size":1,"glyphs":{"0":{"draw":true,"position":"top-right","content":"1"}},"color":"#420e00","icon":{"font":"FontAwesome","scale":1,"color":"#fff","content":""},"fa2_x":97.50849151611328,"fa2_y":-26.53738021850586,"active":false,"colors":{"0":"#420e00"},"read_cam0:size":5,"read_cam0:x":97.50849151611328,"read_cam0:y":-26.53738021850586,"renderer1:x":1561.4808417782274,"renderer1:y":242.77760006790675,"renderer1:size":12.941223135062922},{"id":525336,"data":{"properties":{"name":"Amazonas 39-82 y Gaspar de Villaroel; Quito; Ecuador."},"categories":{"0":"Address"},"statistics":{"digest":{"0":{"edgeType":"registered address","nodeCategories":{"0":"Officer"},"nodes":1,"edges":1}},"edgeCount":1,"visibleEdgeCount":1,"hiddenEdgeCount":0}},"x":61.05815804073649,"y":-50.882093330899764,"label":"Amazonas 39-82 y Gaspar de Villaroel; Quito; Ecuador.","size":1,"glyphs":{"0":{"draw":false,"position":"top-right","content":"0"},"1":{"draw":true,"position":"bottom-right","font":"FontAwesome","textColor":"#000","content":""}},"color":"#937c6f","icon":{"font":"FontAwesome","scale":1,"color":"#fff","content":""},"fa2_x":98.22108459472656,"fa2_y":-51.5959358215332,"active":false,"colors":{"0":"#937c6f"},"fixed":true,"read_cam0:size":5,"read_cam0:x":61.05815804073649,"read_cam0:y":-50.882093330899764,"renderer1:x":1441.8183182444209,"renderer1:y":162.85652588339994,"renderer1:size":12.941223135062922},{"id":297892,"data":{"properties":{"name":"JAVIER ESTEBAN MOLINA BONILLA","certificateNumber":"1","numbershares":"50,000","classofshares":"ORDINARY","dateofissue":"20-07-2007","ceasedmembership":"","transferdate":"","sharestransferred":"","newcertificate":"","custodianname":"","custodianaddress":"","citizenship":"NO","pep":"NO","rst":"NOT NEGATIVE RESULT","registerlocation":""},"categories":{"0":"Officer"},"statistics":{"digest":{"0":{"edgeType":"registered address","nodeCategories":{"0":"Address"},"nodes":1,"edges":1},"1":{"edgeType":"is officer of","nodeCategories":{"0":"Company"},"nodes":1,"edges":1}},"edgeCount":2,"visibleEdgeCount":1,"hiddenEdgeCount":1}},"label":"JAVIER ESTEBAN MOLINA BONILLA","x":-77.60456547132469,"y":-24.3476005353885,"size":1,"glyphs":{"0":{"draw":true,"position":"top-right","content":"1"},"1":{"draw":true,"position":"bottom-right","font":"FontAwesome","textColor":"#000","content":""}},"color":"#be4400","icon":{"font":"FontAwesome","scale":1,"color":"#fff","content":""},"active":false,"fa2_x":-77.60456547132469,"fa2_y":-24.3476005353885,"fixed":true,"colors":{"0":"#be4400"},"read_cam0:size":5,"read_cam0:x":-77.60456547132469,"read_cam0:y":-24.3476005353885,"renderer1:x":986.6035140579911,"renderer1:y":249.96641119474856,"renderer1:size":12.941223135062922},{"id":620232,"data":{"properties":{"name":"JAVIER ESTEBAN MOLINA BONILLA","certificateNumber":"1","numbershares":"100","classofshares":"","dateofissue":"18-11-2009","ceasedmembership":"11-11-2010","transferdate":"","sharestransferred":"","newcertificate":"","custodianname":"","custodianaddress":"","citizenship":"NO","pep":"NO","rst":"NOT NEGATIVE RESULT","registerlocation":""},"categories":{"0":"Officer"},"statistics":{"digest":{"0":{"edgeType":"registered address","nodeCategories":{"0":"Address"},"nodes":1,"edges":1},"1":{"edgeType":"is officer of","nodeCategories":{"0":"Company"},"nodes":1,"edges":1}},"edgeCount":2,"visibleEdgeCount":1,"hiddenEdgeCount":1}},"label":"JAVIER ESTEBAN MOLINA BONILLA","x":79.07547702255013,"y":94.9432796991768,"size":1,"glyphs":{"0":{"draw":true,"position":"top-right","content":"1"},"1":{"draw":true,"position":"bottom-right","font":"FontAwesome","textColor":"#000","content":""}},"color":"#be4400","icon":{"font":"FontAwesome","scale":1,"color":"#fff","content":""},"active":true,"fa2_x":41.67881125355044,"fa2_y":91.28796650371063,"fixed":true,"colors":{"0":"#be4400"},"read_cam0:size":5,"read_cam0:x":79.07547702255013,"read_cam0:y":94.9432796991768,"renderer1:x":1500.9672381887008,"renderer1:y":641.5855378916297,"renderer1:size":12.941223135062922},{"id":582684,"data":{"properties":{"name":"MOSSFON MANAGERS LTD.","status":"ACTIVE","client_number":"12819","client_name":"MOSSFON MANAGERS LTD.","prospect_date":"","active_since":"13-NOV-2001","country":"BAHAMAS","city":"NASSAU","former_name":"ATHENEAUM LIMITED .","cross_reference":"MOSSFON TRUST CORPORATION","activity":"ACCOUNTANT","classification":"Special rates","subclassification":"","region":"REPRESENTATIVE CLIENTS","compliance_classification":"INTRODUCER"},"categories":{"0":"Client"},"statistics":{"digest":{"0":{"edgeType":"registered","nodeCategories":{"0":"Company"},"nodes":1872,"edges":1872}},"edgeCount":1872,"visibleEdgeCount":1,"hiddenEdgeCount":1871}},"x":18.35808563232422,"y":-25.72779083251953,"label":"MOSSFON MANAGERS LTD.","size":1,"glyphs":{"0":{"draw":true,"position":"top-right","content":"1.871k"}},"colors":{"0":"#851d00"},"color":"#851d00","icon":{"font":"FontAwesome","scale":1,"color":"#fff","content":""},"fa2_x":18.35808563232422,"fa2_y":-25.72779083251953,"active":false,"read_cam0:size":5,"read_cam0:x":18.35808563232422,"read_cam0:y":-25.72779083251953,"renderer1:x":1301.638574129911,"renderer1:y":245.435394927829,"renderer1:size":12.941223135062922}],"edges":[{"id":308234,"source":298040,"target":540893,"data":{"properties":{},"type":"registered address"},"label":"registered address","size":1,"active":false,"color":"#baaba3","read_cam0:size":2,"renderer1:size":5.176489254025168},{"id":795265,"source":583749,"target":125412,"data":{"properties":{},"type":"registered"},"label":"registered","size":1,"active":false,"color":"#8a6960","hover":false,"read_cam0:size":2,"renderer1:size":5.176489254025168},{"id":624880,"source":583749,"target":275242,"data":{"properties":{},"type":"registered"},"label":"registered","size":1,"active":false,"color":"#8a6960","hover":false,"read_cam0:size":2,"renderer1:size":5.176489254025168},{"id":621183,"source":583749,"target":124830,"data":{"properties":{},"type":"registered"},"label":"registered","size":1,"active":false,"color":"#8a6960","hover":false,"read_cam0:size":2,"renderer1:size":5.176489254025168},{"id":617434,"source":583749,"target":26032,"data":{"properties":{},"type":"registered"},"label":"registered","size":1,"active":false,"color":"#8a6960","hover":false,"read_cam0:size":2,"renderer1:size":5.176489254025168},{"id":617561,"source":583749,"target":218578,"data":{"properties":{},"type":"registered"},"label":"registered","size":1,"active":false,"color":"#8a6960","hover":false,"read_cam0:size":2,"renderer1:size":5.176489254025168},{"id":627459,"source":583749,"target":83045,"data":{"properties":{},"type":"registered"},"label":"registered","size":1,"active":false,"color":"#8a6960","hover":false,"read_cam0:size":2,"renderer1:size":5.176489254025168},{"id":619805,"source":592105,"target":285914,"data":{"properties":{},"type":"registered"},"label":"registered","size":1,"color":"#8a6960","active":false,"hover":false,"read_cam0:size":2,"renderer1:size":5.176489254025168},{"id":562272,"source":298040,"target":125412,"data":{"properties":{"name":"Shareholder"},"type":"is officer of"},"label":"Shareholder","size":1,"color":"#d48a60","active":false,"read_cam0:size":2,"renderer1:size":5.176489254025168},{"id":1469,"source":457628,"target":140772,"data":{"properties":{"name":"Shareholder"},"type":"is officer of"},"label":"Shareholder","size":1,"color":"#d48a60","active":false,"hover":false,"read_cam0:size":2,"renderer1:size":5.176489254025168},{"id":256146,"source":457628,"target":525336,"data":{"properties":{},"type":"registered address"},"label":"registered address","size":1,"color":"#baaba3","active":false,"hover":false,"read_cam0:size":2,"renderer1:size":5.176489254025168},{"id":394471,"source":297892,"target":124830,"data":{"properties":{"name":"Shareholder"},"type":"is officer of"},"label":"Shareholder","size":1,"color":"#d48a60","active":false,"hover":false,"read_cam0:size":2,"renderer1:size":5.176489254025168},{"id":458375,"source":620232,"target":605754,"data":{"properties":{"name":"Shareholder"},"type":"is officer of"},"label":"Shareholder","size":1,"color":"#d48a60","active":false,"hover":false,"read_cam0:size":2,"renderer1:size":5.176489254025168},{"id":610737,"source":582684,"target":1284,"data":{"properties":{},"type":"registered"},"label":"registered","size":1,"color":"#8a6960","active":false,"hover":false,"read_cam0:size":2,"renderer1:size":5.176489254025168}]}