{"nodes":[{"id":584613,"nodelink":{"x":32.015,"y":14.102,"fixed":true},"geo":{"latitudeDiff":0,"longitudeDiff":0},"data":{"properties":{"name":"AUSTROBANK OVERSEAS ( PANAMÁ), S.A.","status":"ACTIVE","client_number":"27638","client_name":"AUSTROBANK OVERSEAS ( PANAMÁ), S.A.","prospect_date":"","active_since":"21-DEC-2009","country":"PANAMA","city":"PANAMA","former_name":"","cross_reference":"","activity":"","classification":"","subclassification":"","region":"","compliance_classification":""},"categories":{"0":"Client"},"statistics":{"digest":{"0":{"edgeType":"is officer of","nodeCategories":{"0":"Officer"},"nodes":1,"edges":1},"1":{"edgeType":"registered","nodeCategories":{"0":"Company"},"nodes":3,"edges":3}},"edgeCount":4,"visibleEdgeCount":1,"hiddenEdgeCount":3}},"label":"AUSTROBANK OVERSEAS ( PANAMÁ), S.A.","x":-13.603923372738068,"y":0.8106845140457143,"fixed":true,"size":1,"glyphs":{"0":{"draw":true,"position":"top-right","content":"3"},"1":{"draw":true,"position":"bottom-right","font":"FontAwesome","textColor":"#000","content":""}},"color":"#851d00","icon":{"font":"FontAwesome","scale":1,"color":"#fff","content":""},"active":false,"fa2_x":21.53187041692436,"fa2_y":9.633625484630468,"colors":{"0":"#851d00"},"read_cam0:size":5,"read_cam0:x":-13.603923372738068,"read_cam0:y":0.8106845140457143,"renderer1:x":1114.5,"renderer1:y":289,"renderer1:size":31.547867224009664},{"id":667750,"data":{"properties":{"name":"Pedro Delgado"},"categories":{"0":"Officer"},"statistics":{"digest":{"0":{"edgeType":"is officer of","nodeCategories":{"0":"Client"},"nodes":1,"edges":1}},"edgeCount":1,"visibleEdgeCount":1,"hiddenEdgeCount":0}},"x":19.496076627261935,"y":14.810684514045713,"label":"Pedro Delgado","size":1,"glyphs":{"0":{"draw":false,"position":"top-right","content":"0"},"1":{"draw":true,"position":"bottom-right","font":"FontAwesome","textColor":"#000","content":""}},"color":"#be4400","icon":{"font":"FontAwesome","scale":1,"color":"#fff","content":""},"fa2_x":21.53187041692436,"fa2_y":9.633625484630468,"active":false,"fixed":true,"colors":{"0":"#be4400"},"read_cam0:size":5,"read_cam0:x":19.496076627261935,"read_cam0:y":14.810684514045713,"renderer1:x":1445.5,"renderer1:y":429,"renderer1:size":31.547867224009664}],"edges":[{"id":71495,"source":667750,"target":584613,"data":{"properties":{"name":"Grantee of a mortgage"},"type":"is officer of"},"label":"Grantee of a mortgage","size":1,"color":"#d48a60","active":false,"hover":false,"read_cam0:size":2,"renderer1:size":12.619146889603865}]}