{"nodes":[{"id":667763,"nodelink":{"x":-23.907,"y":1.199,"fixed":true},"geo":{"latitudeDiff":0,"longitudeDiff":0},"data":{"properties":{"name":"Mamadou Pouye"},"categories":{"0":"Officer"},"statistics":{"digest":{"0":{"edgeType":"is officer of","nodeCategories":{"0":"Company"},"nodes":2,"edges":2}},"edgeCount":2,"visibleEdgeCount":2,"hiddenEdgeCount":0}},"label":"Mamadou Pouye","x":-23.907,"y":1.199,"fixed":true,"size":1,"glyphs":{"0":{"draw":false,"position":"top-right","content":"0"}},"active":false,"colors":{"0":"#be4400"},"color":"#be4400","icon":{"font":"FontAwesome","scale":1,"color":"#fff","content":""},"read_cam0:size":5,"read_cam0:x":-23.907,"read_cam0:y":1.199,"renderer1:x":1239.3329445740308,"renderer1:y":269.7084971676108,"renderer1:size":22.741607064748113},{"id":222255,"nodelink":{"x":10.652,"y":-25.373},"geo":{"latitudeDiff":0,"longitudeDiff":0},"data":{"properties":{"file_number":"68105","jurisdiction":"PMA","name":"LATVAE GROUP INC.","status":"ACT","inactivationDate":"","struck_off_date":"","registrationDate":"08-AUG-2012"},"categories":{"0":"Company"},"statistics":{"digest":{"0":{"edgeType":"is officer of","nodeCategories":{"0":"Officer"},"nodes":2,"edges":2},"1":{"edgeType":"registered","nodeCategories":{"0":"Client"},"nodes":1,"edges":1}},"edgeCount":3,"visibleEdgeCount":3,"hiddenEdgeCount":0}},"label":"LATVAE GROUP INC.","x":10.652,"y":-25.373,"size":1,"glyphs":{"0":{"draw":false,"position":"top-right","content":"0"}},"active":false,"colors":{"0":"#420e00"},"color":"#420e00","icon":{"font":"FontAwesome","scale":1,"color":"#fff","content":""},"read_cam0:size":5,"read_cam0:x":10.652,"read_cam0:y":-25.373,"renderer1:x":1468.8817838498278,"renderer1:y":93.21115183827615,"renderer1:size":22.741607064748113},{"id":281770,"nodelink":{"x":-30.488,"y":31.257,"fixed":true},"geo":{"latitudeDiff":0,"longitudeDiff":0},"selected":true,"data":{"properties":{"file_number":"50217","jurisdiction":"PMA","name":"SEABURY INC.","status":"ACT","inactivationDate":"","struck_off_date":"","registrationDate":"27-AUG-2008"},"categories":{"0":"Company"},"statistics":{"digest":{"0":{"edgeType":"is officer of","nodeCategories":{"0":"Officer"},"nodes":5,"edges":5},"1":{"edgeType":"registered","nodeCategories":{"0":"Client"},"nodes":1,"edges":1}},"edgeCount":6,"visibleEdgeCount":6,"hiddenEdgeCount":0}},"label":"SEABURY INC.","x":-30.488,"y":31.257,"fixed":true,"size":1,"glyphs":{"0":{"draw":false,"position":"top-right","content":"0"}},"active":true,"colors":{"0":"#420e00"},"color":"#420e00","icon":{"font":"FontAwesome","scale":1,"color":"#fff","content":""},"read_cam0:size":5,"read_cam0:x":-30.488,"read_cam0:y":31.257,"renderer1:x":1195.6204265244917,"renderer1:y":469.3606575585916,"renderer1:size":22.741607064748113},{"id":467669,"nodelink":{"x":-23.216,"y":-24.644,"fixed":true},"geo":{"latitudeDiff":0,"longitudeDiff":0},"data":{"properties":{"name":"POUYE MAMADOU","certificateNumber":"1","numbershares":"10,000","classofshares":"","dateofissue":"08-08-2012","ceasedmembership":"","transferdate":"","sharestransferred":"","newcertificate":"","custodianname":"","custodianaddress":"","citizenship":"NO","pep":"NO","rst":"NOT NEGATIVE RESULT","registerlocation":""},"categories":{"0":"Officer"},"statistics":{"digest":{"0":{"edgeType":"registered address","nodeCategories":{"0":"Address"},"nodes":1,"edges":1},"1":{"edgeType":"is officer of","nodeCategories":{"0":"Company"},"nodes":1,"edges":1}},"edgeCount":2,"visibleEdgeCount":2,"hiddenEdgeCount":0}},"label":"POUYE MAMADOU","x":-23.216,"y":-24.644,"fixed":true,"size":1,"glyphs":{"0":{"draw":false,"position":"top-right","content":"0"}},"active":false,"colors":{"0":"#be4400"},"color":"#be4400","icon":{"font":"FontAwesome","scale":1,"color":"#fff","content":""},"read_cam0:size":5,"read_cam0:x":-23.216,"read_cam0:y":-24.644,"renderer1:x":1243.9227257580806,"renderer1:y":98.05333777629681,"renderer1:size":22.741607064748113},{"id":583381,"nodelink":{"x":9.91,"y":5.059},"geo":{"latitudeDiff":0,"longitudeDiff":0},"data":{"properties":{"name":"HELENE MATHIEU LEGAL CONSULTANTS","status":"ACTIVE","client_number":"10479","client_name":"HELENE MATHIEU LEGAL CONSULTANTS","prospect_date":"","active_since":"22-SEP-1998","country":"UNITED ARAB EMIRATES","city":"DUBAI","former_name":"","cross_reference":"","activity":"","classification":"","subclassification":"","region":"","compliance_classification":""},"categories":{"0":"Client"},"statistics":{"digest":{"0":{"edgeType":"registered","nodeCategories":{"0":"Company"},"nodes":893,"edges":893}},"edgeCount":893,"visibleEdgeCount":2,"hiddenEdgeCount":891}},"label":"HELENE MATHIEU LEGAL CONSULTANTS","x":9.91,"y":5.059,"size":1,"glyphs":{"0":{"draw":true,"position":"top-right","content":"891"}},"active":false,"colors":{"0":"#851d00"},"color":"#851d00","icon":{"font":"FontAwesome","scale":1,"color":"#fff","content":""},"read_cam0:size":5,"read_cam0:x":9.91,"read_cam0:y":5.059,"renderer1:x":1463.9532489170276,"renderer1:y":295.34750638675996,"renderer1:size":22.741607064748113},{"id":560357,"nodelink":{"x":-50.165,"y":-11.792,"fixed":true},"geo":{"latitudeDiff":0,"longitudeDiff":0},"data":{"properties":{"name":"Point el Immeuble Bassari; Rez De Chaussee 1 ERE Porte droite; Dakar; Senegal"},"categories":{"0":"Address"},"statistics":{"digest":{"0":{"edgeType":"registered address","nodeCategories":{"0":"Officer"},"nodes":1,"edges":1}},"edgeCount":1,"visibleEdgeCount":1,"hiddenEdgeCount":0}},"label":"Point el Immeuble Bassari; Rez De Chaussee 1 ERE Porte droite; Dakar; Senegal","x":-50.165,"y":-11.792,"fixed":true,"size":1,"glyphs":{"0":{"draw":false,"position":"top-right","content":"0"}},"active":false,"colors":{"0":"#937c6f"},"color":"#937c6f","icon":{"font":"FontAwesome","scale":1,"color":"#fff","content":""},"read_cam0:size":5,"read_cam0:x":-50.165,"read_cam0:y":-11.792,"renderer1:x":1064.92125958014,"renderer1:y":183.41928246140176,"renderer1:size":22.741607064748113},{"id":453645,"nodelink":{"x":14.596,"y":36.304},"geo":{"latitudeDiff":0,"longitudeDiff":0},"data":{"properties":{"name":"THE BEARER","certificateNumber":"1","numbershares":"1","classofshares":"","dateofissue":"11-11-2008","ceasedmembership":"","transferdate":"","sharestransferred":"","newcertificate":"","custodianname":"","custodianaddress":"","citizenship":"NO","pep":"NO","rst":"NOT NEGATIVE RESULT","registerlocation":""},"categories":{"0":"Officer"},"statistics":{"digest":{"0":{"edgeType":"is officer of","nodeCategories":{"0":"Company"},"nodes":1,"edges":1}},"edgeCount":1,"visibleEdgeCount":1,"hiddenEdgeCount":0}},"label":"THE BEARER","x":14.596,"y":36.304,"size":1,"glyphs":{"0":{"draw":false,"position":"top-right","content":"0"}},"active":false,"colors":{"0":"#be4400"},"color":"#be4400","icon":{"font":"FontAwesome","scale":1,"color":"#fff","content":""},"read_cam0:size":5,"read_cam0:x":14.596,"read_cam0:y":36.304,"renderer1:x":1495.07874041986,"renderer1:y":502.8839942241475,"renderer1:size":22.741607064748113},{"id":453646,"nodelink":{"x":-41.103,"y":51.3},"geo":{"latitudeDiff":0,"longitudeDiff":0},"data":{"properties":{"name":"THE BEARER","certificateNumber":"2","numbershares":"1","classofshares":"","dateofissue":"11-11-2008","ceasedmembership":"","transferdate":"","sharestransferred":"","newcertificate":"","custodianname":"","custodianaddress":"","citizenship":"NO","pep":"NO","rst":"NOT NEGATIVE RESULT","registerlocation":""},"categories":{"0":"Officer"},"statistics":{"digest":{"0":{"edgeType":"is officer of","nodeCategories":{"0":"Company"},"nodes":1,"edges":1}},"edgeCount":1,"visibleEdgeCount":1,"hiddenEdgeCount":0}},"label":"THE BEARER","x":-41.103,"y":51.3,"size":1,"glyphs":{"0":{"draw":false,"position":"top-right","content":"0"}},"active":false,"colors":{"0":"#be4400"},"color":"#be4400","icon":{"font":"FontAwesome","scale":1,"color":"#fff","content":""},"read_cam0:size":5,"read_cam0:x":-41.103,"read_cam0:y":51.3,"renderer1:x":1125.1131511718315,"renderer1:y":602.4908808175053,"renderer1:size":22.741607064748113},{"id":453647,"nodelink":{"x":-4.088,"y":54.657,"fixed":true},"geo":{"latitudeDiff":0,"longitudeDiff":0},"data":{"properties":{"name":"THE BEARER","certificateNumber":"3","numbershares":"1","classofshares":"","dateofissue":"11-11-2008","ceasedmembership":"","transferdate":"","sharestransferred":"","newcertificate":"","custodianname":"","custodianaddress":"","citizenship":"NO","pep":"NO","rst":"NOT NEGATIVE RESULT","registerlocation":""},"categories":{"0":"Officer"},"statistics":{"digest":{"0":{"edgeType":"is officer of","nodeCategories":{"0":"Company"},"nodes":1,"edges":1}},"edgeCount":1,"visibleEdgeCount":1,"hiddenEdgeCount":0}},"label":"THE BEARER","x":-4.088,"y":54.657,"fixed":true,"size":1,"glyphs":{"0":{"draw":false,"position":"top-right","content":"0"}},"active":false,"colors":{"0":"#be4400"},"color":"#be4400","icon":{"font":"FontAwesome","scale":1,"color":"#fff","content":""},"read_cam0:size":5,"read_cam0:x":-4.088,"read_cam0:y":54.657,"renderer1:x":1370.9753082305897,"renderer1:y":624.7888481617238,"renderer1:size":22.741607064748113},{"id":453648,"nodelink":{"x":-41.709,"y":13.722},"geo":{"latitudeDiff":0,"longitudeDiff":0},"data":{"properties":{"name":"THE BEARER","certificateNumber":"4","numbershares":"1","classofshares":"","dateofissue":"11-11-2008","ceasedmembership":"","transferdate":"","sharestransferred":"","newcertificate":"","custodianname":"","custodianaddress":"","citizenship":"NO","pep":"NO","rst":"NOT NEGATIVE RESULT","registerlocation":""},"categories":{"0":"Officer"},"statistics":{"digest":{"0":{"edgeType":"is officer of","nodeCategories":{"0":"Company"},"nodes":1,"edges":1}},"edgeCount":1,"visibleEdgeCount":1,"hiddenEdgeCount":0}},"label":"THE BEARER","x":-41.709,"y":13.722,"size":1,"glyphs":{"0":{"draw":false,"position":"top-right","content":"0"}},"active":false,"colors":{"0":"#be4400"},"color":"#be4400","icon":{"font":"FontAwesome","scale":1,"color":"#fff","content":""},"read_cam0:size":5,"read_cam0:x":-41.709,"read_cam0:y":13.722,"renderer1:x":1121.0879595690326,"renderer1:y":352.88914806175717,"renderer1:size":22.741607064748113}],"edges":[{"id":69534,"source":667763,"target":281770,"data":{"properties":{"date_end":"","name":"Connected","date_start":""},"type":"is officer of"},"label":"is officer of","size":1,"active":false,"color":"#d48a60","read_cam0:size":2,"renderer1:size":9.096642825899245},{"id":69535,"source":667763,"target":222255,"data":{"properties":{"date_end":"","name":"Sole shareholder","date_start":"09/08/2012"},"type":"is officer of"},"label":"is officer of","size":1,"active":false,"color":"#d48a60","read_cam0:size":2,"renderer1:size":9.096642825899245},{"id":422430,"source":467669,"target":222255,"data":{"properties":{"name":"Shareholder"},"type":"is officer of"},"label":"is officer of","size":1,"active":false,"color":"#d48a60","read_cam0:size":2,"renderer1:size":9.096642825899245},{"id":674781,"source":583381,"target":281770,"data":{"properties":{},"type":"registered"},"label":"registered","size":1,"active":false,"color":"#8a6960","read_cam0:size":2,"renderer1:size":9.096642825899245},{"id":813371,"source":583381,"target":222255,"data":{"properties":{},"type":"registered"},"label":"registered","size":1,"active":false,"color":"#8a6960","read_cam0:size":2,"renderer1:size":9.096642825899245},{"id":248261,"source":467669,"target":560357,"data":{"properties":{},"type":"registered address"},"label":"registered address","size":1,"active":false,"color":"#baaba3","read_cam0:size":2,"renderer1:size":9.096642825899245},{"id":443162,"source":453647,"target":281770,"data":{"properties":{"name":"Shareholder"},"type":"is officer of"},"label":"is officer of","size":1,"active":false,"color":"#d48a60","read_cam0:size":2,"renderer1:size":9.096642825899245},{"id":443163,"source":453646,"target":281770,"data":{"properties":{"name":"Shareholder"},"type":"is officer of"},"label":"is officer of","size":1,"active":false,"color":"#d48a60","read_cam0:size":2,"renderer1:size":9.096642825899245},{"id":443164,"source":453645,"target":281770,"data":{"properties":{"name":"Shareholder"},"type":"is officer of"},"label":"is officer of","size":1,"active":false,"color":"#d48a60","read_cam0:size":2,"renderer1:size":9.096642825899245},{"id":443165,"source":453648,"target":281770,"data":{"properties":{"name":"Shareholder"},"type":"is officer of"},"label":"is officer of","size":1,"active":false,"color":"#d48a60","read_cam0:size":2,"renderer1:size":9.096642825899245}]}