{"nodes":[{"id":207317,"nodelink":{"x":-23.917,"y":-1.048,"fixed":true},"geo":{"latitudeDiff":0,"longitudeDiff":0},"data":{"properties":{"file_number":"6041333","jurisdiction":"BVI","name":"Prime Asset Partners Limited","status":"ACT","inactivationDate":"","struck_off_date":"","registrationDate":"21-AUG-2014"},"categories":{"0":"Company"},"statistics":{"digest":{"0":{"edgeType":"is officer of","nodeCategories":{"0":"Officer"},"nodes":2,"edges":3},"1":{"edgeType":"registered","nodeCategories":{"0":"Client"},"nodes":1,"edges":1}},"edgeCount":4,"visibleEdgeCount":4,"hiddenEdgeCount":0}},"label":"Prime Asset Partners Limited","x":-23.917,"y":-1.048,"fixed":true,"size":1,"glyphs":{"0":{"draw":false,"position":"top-right","content":"0"}},"color":"#420e00","icon":{"font":"FontAwesome","scale":1,"color":"#fff","content":""},"active":true,"colors":{"0":"#420e00"},"fa2_x":-23.917,"fa2_y":-1.048,"read_cam0:size":5,"read_cam0:x":-23.917,"read_cam0:y":-1.048,"renderer1:x":1033.0749999999998,"renderer1:y":281.21999999999997,"renderer1:size":31.547867224009664},{"id":419080,"nodelink":{"x":12.978,"y":6.303},"geo":{"latitudeDiff":0,"longitudeDiff":0},"data":{"properties":{"name":"Petro Poroshenko","certificateNumber":"1","numbershares":"1,000","classofshares":"","dateofissue":"21-08-2014","ceasedmembership":"","transferdate":"","sharestransferred":"","newcertificate":"","custodianname":"","custodianaddress":"","citizenship":"NO","pep":"NO","rst":"PEP","registerlocation":"1 Lampousas Street   P.C. 1095 Nicosia   Cyprus"},"categories":{"0":"Officer"},"statistics":{"digest":{"0":{"edgeType":"has similar name and address as","nodeCategories":{"0":"Officer"},"nodes":1,"edges":1},"1":{"edgeType":"registered address","nodeCategories":{"0":"Address"},"nodes":1,"edges":1},"2":{"edgeType":"is officer of","nodeCategories":{"0":"Company"},"nodes":1,"edges":2}},"edgeCount":4,"visibleEdgeCount":4,"hiddenEdgeCount":0}},"label":"Petro Poroshenko","x":18.76245880126953,"y":6.9929094314575195,"size":1,"glyphs":{"0":{"draw":false,"position":"top-right","content":"0"}},"color":"#be4400","icon":{"font":"FontAwesome","scale":1,"color":"#fff","content":""},"colors":{"0":"#be4400"},"fa2_x":18.76245880126953,"fa2_y":6.9929094314575195,"read_cam0:size":5,"read_cam0:x":18.76245880126953,"read_cam0:y":6.9929094314575195,"renderer1:x":1459.8695880126952,"renderer1:y":361.6290943145752,"renderer1:size":31.547867224009664},{"id":582674,"nodelink":{"x":-38.917,"y":-8.648,"fixed":true},"geo":{"latitudeDiff":0,"longitudeDiff":0},"data":{"properties":{"name":"DR. K. CHRYSOSTOMIDES & CO.","status":"ACTIVE","client_number":"21392","client_name":"DR. K. CHRYSOSTOMIDES & CO.","prospect_date":"","active_since":"21-AUG-2006","country":"CYPRUS","city":"NICOSIA (LEFKOSA)","former_name":"","cross_reference":"K.CHRYSOSTOMIDES &CO.","activity":"LAW FIRM","classification":"Special rates","subclassification":"Private Fees","region":"PRIVATE CLIENTS","compliance_classification":"INTRODUCER"},"categories":{"0":"Client"},"statistics":{"digest":{"0":{"edgeType":"registered","nodeCategories":{"0":"Company"},"nodes":69,"edges":69}},"edgeCount":69,"visibleEdgeCount":1,"hiddenEdgeCount":68}},"label":"DR. K. CHRYSOSTOMIDES & CO.","x":-38.917,"y":-8.648,"fixed":true,"size":1,"glyphs":{"0":{"draw":true,"position":"top-right","content":"68"}},"color":"#851d00","icon":{"font":"FontAwesome","scale":1,"color":"#fff","content":""},"colors":{"0":"#851d00"},"fa2_x":-38.917,"fa2_y":-8.648,"read_cam0:size":5,"read_cam0:x":-38.917,"read_cam0:y":-8.648,"renderer1:x":883.0749999999998,"renderer1:y":205.22,"renderer1:size":31.547867224009664},{"id":523451,"nodelink":{"x":40.468,"y":9.074,"fixed":true},"geo":{"latitudeDiff":0,"longitudeDiff":0},"data":{"properties":{"name":"9 Hrushevskoho Street<br/>ap. 37<br/>Kyiv<br/>Ukraine"},"categories":{"0":"Address"},"statistics":{"digest":{"0":{"edgeType":"registered address","nodeCategories":{"0":"Officer"},"nodes":2,"edges":2}},"edgeCount":2,"visibleEdgeCount":2,"hiddenEdgeCount":0}},"label":"9 Hrushevskoho Street<br/>ap. 37<br/>Kyiv<br/>Ukraine","x":40.468,"y":9.074,"fixed":true,"size":1,"glyphs":{"0":{"draw":false,"position":"top-right","content":"0"}},"color":"#937c6f","icon":{"font":"FontAwesome","scale":1,"color":"#fff","content":""},"colors":{"0":"#937c6f"},"fa2_x":40.468,"fa2_y":9.074,"read_cam0:size":5,"read_cam0:x":40.468,"read_cam0:y":9.074,"renderer1:x":1676.925,"renderer1:y":382.44,"renderer1:size":31.547867224009664},{"id":652373,"nodelink":{"x":13.676,"y":22.108,"fixed":true},"geo":{"latitudeDiff":0,"longitudeDiff":0},"data":{"properties":{"name":"Petro Poroshenko","citizenship":"NO","pep":"YES","passport_copy":"Y"},"categories":{"0":"Officer"},"statistics":{"digest":{"0":{"edgeType":"has similar name and address as","nodeCategories":{"0":"Officer"},"nodes":1,"edges":1},"1":{"edgeType":"registered address","nodeCategories":{"0":"Address"},"nodes":1,"edges":1},"2":{"edgeType":"is officer of","nodeCategories":{"0":"Company"},"nodes":1,"edges":1}},"edgeCount":3,"visibleEdgeCount":3,"hiddenEdgeCount":0}},"label":"Petro Poroshenko","x":13.676,"y":22.108,"fixed":true,"size":1,"glyphs":{"0":{"draw":false,"position":"top-right","content":"0"}},"color":"#be4400","icon":{"font":"FontAwesome","scale":1,"color":"#fff","content":""},"colors":{"0":"#be4400"},"fa2_x":13.676,"fa2_y":22.108,"read_cam0:size":5,"read_cam0:x":13.676,"read_cam0:y":22.108,"renderer1:x":1409.0049999999999,"renderer1:y":512.78,"renderer1:size":31.547867224009664}],"edges":[{"id":329807,"source":652373,"target":523451,"data":{"properties":{},"type":"registered address"},"label":"registered address","size":1,"color":"#baaba3","active":false,"read_cam0:size":2,"renderer1:size":12.619146889603865},{"id":757176,"source":582674,"target":207317,"data":{"properties":{},"type":"registered"},"label":"registered","size":1,"color":"#8a6960","active":false,"read_cam0:size":2,"renderer1:size":12.619146889603865},{"id":816405,"source":419080,"target":523451,"data":{"properties":{},"type":"registered address"},"label":"registered address","size":1,"color":"#baaba3","active":false,"read_cam0:size":2,"renderer1:size":12.619146889603865},{"id":878482,"source":419080,"target":652373,"data":{"properties":{"simil":1},"type":"has similar name and address as"},"label":"has similar name and address as","size":1,"color":"#d48a60","active":false,"read_cam0:size":2,"renderer1:size":12.619146889603865},{"id":53704,"source":652373,"target":207317,"data":{"properties":{"name":"Beneficiay"},"type":"is officer of"},"label":"Beneficiay","size":1,"color":"#d48a60","read_cam0:size":2,"renderer1:size":12.619146889603865},{"id":68551,"source":419080,"target":207317,"data":{"properties":{"name":"Beneficial Owner"},"type":"is officer of"},"label":"Beneficial Owner","size":1,"type":"curvedArrow","cc":{"y":null},"color":"#d48a60","read_cam0:size":2,"renderer1:size":12.619146889603865},{"id":415500,"source":419080,"target":207317,"data":{"properties":{"name":"Shareholder"},"type":"is officer of"},"label":"Shareholder","size":1,"type":"curvedArrow","cc":{"y":2},"color":"#d48a60","read_cam0:size":2,"renderer1:size":12.619146889603865}]}