{"nodes":[{"id":253517,"nodelink":{"x":-6.995,"y":0.057},"geo":{"latitudeDiff":0,"longitudeDiff":0},"selected":true,"data":{"properties":{"file_number":"509464","jurisdiction":"BVI","name":"PAN WORLD INVESTMENTS INC.","status":"PXC","inactivationDate":"15-APR-2015","struck_off_date":"30-APR-2016","registrationDate":"24-DEC-1993"},"categories":{"0":"Company"},"statistics":{"digest":{"0":{"edgeType":"is officer of","nodeCategories":{"0":"Officer"},"nodes":4,"edges":4},"1":{"edgeType":"registered","nodeCategories":{"0":"Client"},"nodes":1,"edges":1}},"edgeCount":5,"visibleEdgeCount":5,"hiddenEdgeCount":0}},"label":"PAN WORLD INVESTMENTS INC.","x":-26.179,"y":-35.720000000000006,"fixed":true,"size":1,"glyphs":{"0":{"draw":false,"position":"top-right","content":"0"},"1":{"draw":true,"position":"bottom-right","font":"FontAwesome","textColor":"#000","content":""}},"active":true,"color":"#420e00","icon":{"font":"FontAwesome","scale":1,"color":"#fff","content":""},"colors":{"0":"#420e00"},"fa2_x":-0.26295340061187744,"fa2_y":3.7335104942321777,"read_cam0:size":5,"read_cam0:x":-26.179,"read_cam0:y":-35.720000000000006,"renderer1:x":1186,"renderer1:y":276,"renderer1:size":31.547867224009664},{"id":305614,"nodelink":{"x":18.271,"y":13.88,"fixed":true},"geo":{"latitudeDiff":0,"longitudeDiff":0},"data":{"properties":{"name":"THE BEARER","certificateNumber":"1","numbershares":"1","classofshares":"ORDINARY","dateofissue":"06-01-1994","ceasedmembership":"03-04-2003","transferdate":"03-04-2003","sharestransferred":"1.0","newcertificate":"2","custodianname":"","custodianaddress":"","citizenship":"NO","pep":"NO","rst":"NOT NEGATIVE RESULT","registerlocation":"Helvetia Court   South Esplanade   St Peter Port   Guernsey"},"categories":{"0":"Officer"},"statistics":{"digest":{"0":{"edgeType":"is officer of","nodeCategories":{"0":"Company"},"nodes":1,"edges":1}},"edgeCount":1,"visibleEdgeCount":1,"hiddenEdgeCount":0}},"label":"THE BEARER","x":5.021000000000001,"y":-16.519999999999996,"fixed":true,"size":1,"glyphs":{"0":{"draw":false,"position":"top-right","content":"0"},"1":{"draw":true,"position":"bottom-right","font":"FontAwesome","textColor":"#000","content":""}},"active":false,"color":"#be4400","icon":{"font":"FontAwesome","scale":1,"color":"#fff","content":""},"colors":{"0":"#be4400"},"fa2_x":18.271,"fa2_y":13.88,"read_cam0:size":5,"read_cam0:x":5.021000000000001,"read_cam0:y":-16.519999999999996,"renderer1:x":1498,"renderer1:y":468.0000000000001,"renderer1:size":31.547867224009664},{"id":586333,"nodelink":{"x":-18.229,"y":-21.02,"fixed":true},"geo":{"latitudeDiff":0,"longitudeDiff":0},"data":{"properties":{"name":"CREDIT SUISSE  CHANNEL ISLANDS    LIMITED","status":"ACTIVE","client_number":"268","client_name":"CREDIT SUISSE  CHANNEL ISLANDS    LIMITED","prospect_date":"","active_since":"23-JAN-1985","country":"UNITED KINGDOM","city":"ST. PETER PORT","former_name":"CREDIT SUISSE TRUST LIMITED GUERNSEY","cross_reference":"CREDIT SUISSE CHANNEL ISLANDS LIMITED JERSEY BRANCH","activity":"","classification":"","subclassification":"","region":"","compliance_classification":""},"categories":{"0":"Client"},"statistics":{"digest":{"0":{"edgeType":"registered","nodeCategories":{"0":"Company"},"nodes":918,"edges":918}},"edgeCount":918,"visibleEdgeCount":1,"hiddenEdgeCount":917}},"label":"CREDIT SUISSE  CHANNEL ISLANDS    LIMITED","x":-38.57899999999999,"y":-44.120000000000005,"fixed":true,"size":1,"glyphs":{"0":{"draw":true,"position":"top-right","content":"917"},"1":{"draw":true,"position":"bottom-right","font":"FontAwesome","textColor":"#000","content":""}},"active":false,"color":"#851d00","icon":{"font":"FontAwesome","scale":1,"color":"#fff","content":""},"colors":{"0":"#851d00"},"fa2_x":-18.229,"fa2_y":-21.02,"read_cam0:size":5,"read_cam0:x":-38.57899999999999,"read_cam0:y":-44.120000000000005,"renderer1:x":1062,"renderer1:y":192,"renderer1:size":31.547867224009664},{"id":656937,"nodelink":{"x":17.071,"y":-9.32,"fixed":true},"geo":{"latitudeDiff":0,"longitudeDiff":0},"data":{"properties":{"name":"Alaa Mohamed Hosny Mubarak","citizenship":"YES","pep":"YES","passport_copy":""},"categories":{"0":"Officer"},"statistics":{"digest":{"0":{"edgeType":"is officer of","nodeCategories":{"0":"Company"},"nodes":1,"edges":1}},"edgeCount":1,"visibleEdgeCount":1,"hiddenEdgeCount":0}},"label":"Alaa Mohamed Hosny Mubarak","x":4.721000000000004,"y":-28.72,"fixed":true,"size":1,"glyphs":{"0":{"draw":false,"position":"top-right","content":"0"},"1":{"draw":true,"position":"bottom-right","font":"FontAwesome","textColor":"#000","content":""}},"active":false,"color":"#be4400","icon":{"font":"FontAwesome","scale":1,"color":"#fff","content":""},"colors":{"0":"#be4400"},"fa2_x":17.071,"fa2_y":-9.32,"read_cam0:size":5,"read_cam0:x":4.721000000000004,"read_cam0:y":-28.72,"renderer1:x":1495,"renderer1:y":346.00000000000006,"renderer1:size":31.547867224009664},{"id":295221,"data":{"properties":{"name":"Brock Nominees Limited","certificateNumber":"3","numbershares":"50","classofshares":"","dateofissue":"04-01-2011","ceasedmembership":"","transferdate":"","sharestransferred":"","newcertificate":"","custodianname":"","custodianaddress":"","citizenship":"NO","pep":"NO","rst":"NOT NEGATIVE RESULT","registerlocation":"Helvetia COurt   South Esplanade   St Peter Port Guernsey"},"categories":{"0":"Officer"},"statistics":{"digest":{"0":{"edgeType":"has similar name and address as","nodeCategories":{"0":"Officer"},"nodes":45,"edges":45},"1":{"edgeType":"registered address","nodeCategories":{"0":"Address"},"nodes":1,"edges":1},"2":{"edgeType":"is officer of","nodeCategories":{"0":"Company"},"nodes":242,"edges":242}},"edgeCount":288,"visibleEdgeCount":1,"hiddenEdgeCount":287}},"x":4.8210000000000015,"y":-10.719999999999999,"label":"Brock Nominees Limited","size":1,"glyphs":{"0":{"draw":true,"position":"top-right","content":"287"},"1":{"draw":true,"position":"bottom-right","font":"FontAwesome","textColor":"#000","content":""}},"colors":{"0":"#be4400"},"color":"#be4400","icon":{"font":"FontAwesome","scale":1,"color":"#fff","content":""},"fa2_x":-10.94987964630127,"fa2_y":12.262374877929688,"fixed":true,"read_cam0:size":5,"read_cam0:x":4.8210000000000015,"read_cam0:y":-10.719999999999999,"renderer1:x":1496,"renderer1:y":526,"renderer1:size":31.547867224009664},{"id":667745,"data":{"properties":{"name":"Alaa Mubarak"},"categories":{"0":"Officer"},"statistics":{"digest":{"0":{"edgeType":"is officer of","nodeCategories":{"0":"Company"},"nodes":1,"edges":1}},"edgeCount":1,"visibleEdgeCount":1,"hiddenEdgeCount":0}},"x":4.8210000000000015,"y":-22.52,"label":"Alaa Mubarak","size":1,"glyphs":{"0":{"draw":false,"position":"top-right","content":"0"},"1":{"draw":true,"position":"bottom-right","font":"FontAwesome","textColor":"#000","content":""}},"colors":{"0":"#be4400"},"color":"#be4400","icon":{"font":"FontAwesome","scale":1,"color":"#fff","content":""},"fa2_x":-13.98154067993164,"fa2_y":-9.304882049560547,"fixed":true,"read_cam0:size":5,"read_cam0:x":4.8210000000000015,"read_cam0:y":-22.52,"renderer1:x":1496,"renderer1:y":408.00000000000006,"renderer1:size":31.547867224009664}],"edges":[{"id":668054,"source":586333,"target":253517,"data":{"properties":{},"type":"registered"},"label":"registered","size":1,"active":false,"color":"#8a6960","hover":false,"read_cam0:size":2,"renderer1:size":12.619146889603865},{"id":60215,"source":656937,"target":253517,"data":{"properties":{"name":"Beneficiay"},"type":"is officer of"},"label":"Beneficiay","size":1,"color":"#d48a60","hover":false,"read_cam0:size":2,"renderer1:size":12.619146889603865},{"id":69477,"source":667745,"target":253517,"data":{"properties":{"name":"Beneficial Owner","date_start":"","date_end":""},"type":"is officer of"},"label":"Beneficial Owner","size":1,"color":"#d48a60","hover":false,"read_cam0:size":2,"renderer1:size":12.619146889603865},{"id":511077,"source":305614,"target":253517,"data":{"properties":{"name":"Shareholder"},"type":"is officer of"},"label":"Shareholder","size":1,"color":"#d48a60","hover":false,"read_cam0:size":2,"renderer1:size":12.619146889603865},{"id":511078,"source":295221,"target":253517,"data":{"properties":{"name":"Shareholder"},"type":"is officer of"},"label":"Shareholder","size":1,"color":"#d48a60","read_cam0:size":2,"renderer1:size":12.619146889603865}]}