{"nodes":[{"id":95824,"nodelink":{"x":-22.382,"y":-24.617,"fixed":true},"geo":{"latitudeDiff":0,"longitudeDiff":0},"data":{"properties":{"file_number":"555899","jurisdiction":"BVI","name":"JAAR INVESTMENT LTD.","status":"MOR","inactivationDate":"18-AUG-2008","struck_off_date":"30-APR-2009","registrationDate":"22-JUL-2003"},"categories":{"0":"Company"},"statistics":{"digest":{"0":{"edgeType":"is officer of","nodeCategories":{"0":"Officer"},"nodes":3,"edges":4},"1":{"edgeType":"registered","nodeCategories":{"0":"Client"},"nodes":1,"edges":1}},"edgeCount":5,"visibleEdgeCount":5,"hiddenEdgeCount":0}},"label":"JAAR INVESTMENT LTD.","x":-22.382,"y":-24.617,"fixed":true,"size":1,"glyphs":{"0":{"draw":false,"position":"top-right","content":"0"}},"active":false,"color":"#420e00","icon":{"font":"FontAwesome","scale":1,"color":"#fff","content":""},"colors":{"0":"#420e00"},"fa2_x":-22.382,"fa2_y":-24.617,"read_cam0:size":5,"read_cam0:x":-22.382,"read_cam0:y":-24.617,"renderer1:x":1178.4070309148497,"renderer1:y":312.39364508536516,"renderer1:size":9.324738236825002},{"id":344068,"nodelink":{"x":62.99,"y":-1.797,"fixed":true},"geo":{"latitudeDiff":0,"longitudeDiff":0},"data":{"properties":{"name":"MR. ALI HUSEIN ABU-RAGHEB","certificateNumber":"1","numbershares":"45,000","classofshares":"","dateofissue":"22-07-2003","ceasedmembership":"","transferdate":"","sharestransferred":"","newcertificate":"","custodianname":"","custodianaddress":"","citizenship":"NO","pep":"NO","rst":"NOT NEGATIVE RESULT","registerlocation":""},"categories":{"0":"Officer"},"statistics":{"digest":{"0":{"edgeType":"registered address","nodeCategories":{"0":"Address"},"nodes":1,"edges":1},"1":{"edgeType":"is officer of","nodeCategories":{"0":"Company"},"nodes":5,"edges":6}},"edgeCount":7,"visibleEdgeCount":7,"hiddenEdgeCount":0}},"label":"MR. ALI HUSEIN ABU-RAGHEB","x":62.99,"y":-1.797,"fixed":true,"size":1,"glyphs":{"0":{"draw":false,"position":"top-right","content":"0"}},"active":false,"color":"#be4400","icon":{"font":"FontAwesome","scale":1,"color":"#fff","content":""},"colors":{"0":"#be4400"},"fa2_x":62.99,"fa2_y":-1.797,"read_cam0:size":5,"read_cam0:x":62.99,"read_cam0:y":-1.797,"renderer1:x":1364.4652080605943,"renderer1:y":362.12713618860624,"renderer1:size":9.324738236825002},{"id":588461,"nodelink":{"x":-75.548,"y":-42.531,"fixed":true},"geo":{"latitudeDiff":0,"longitudeDiff":0},"data":{"properties":{"name":"GENEVA MANAGEMENT GROUP  SWITZERLAND  SA","client_number":"90135","client_name":"GENEVA MANAGEMENT GROUP  SWITZERLAND  SA"},"categories":{"0":"Client"},"statistics":{"digest":{"0":{"edgeType":"registered","nodeCategories":{"0":"Company"},"nodes":422,"edges":422}},"edgeCount":422,"visibleEdgeCount":1,"hiddenEdgeCount":421}},"label":"GENEVA MANAGEMENT GROUP  SWITZERLAND  SA","x":-75.548,"y":-42.531,"fixed":true,"size":1,"glyphs":{"0":{"draw":true,"position":"top-right","content":"421"}},"active":false,"color":"#851d00","icon":{"font":"FontAwesome","scale":1,"color":"#fff","content":""},"colors":{"0":"#851d00"},"fa2_x":-75.548,"fa2_y":-42.531,"read_cam0:size":5,"read_cam0:x":-75.548,"read_cam0:y":-42.531,"renderer1:x":1062.5380218002608,"renderer1:y":273.35220075480163,"renderer1:size":9.324738236825002},{"id":250268,"nodelink":{"x":-20.771,"y":13.774,"fixed":true},"geo":{"latitudeDiff":0,"longitudeDiff":0},"data":{"properties":{"file_number":"592558","jurisdiction":"BVI","name":"Jay Investment Holdings Ltd.","status":"ACT","inactivationDate":"","struck_off_date":"","registrationDate":"07-JAN-2008"},"categories":{"0":"Company"},"statistics":{"digest":{"0":{"edgeType":"is officer of","nodeCategories":{"0":"Officer"},"nodes":3,"edges":4},"1":{"edgeType":"registered","nodeCategories":{"0":"Client"},"nodes":1,"edges":1}},"edgeCount":5,"visibleEdgeCount":5,"hiddenEdgeCount":0}},"label":"Jay Investment Holdings Ltd.","x":-20.771,"y":13.774,"fixed":true,"size":1,"glyphs":{"0":{"draw":false,"position":"top-right","content":"0"}},"active":false,"color":"#420e00","icon":{"font":"FontAwesome","scale":1,"color":"#fff","content":""},"colors":{"0":"#420e00"},"fa2_x":-20.771,"fa2_y":13.774,"read_cam0:size":5,"read_cam0:x":-20.771,"read_cam0:y":13.774,"renderer1:x":1181.9180148836192,"renderer1:y":396.0622891232498,"renderer1:size":9.324738236825002},{"id":380588,"nodelink":{"x":82.129,"y":27.061,"fixed":true},"geo":{"latitudeDiff":0,"longitudeDiff":0},"data":{"properties":{"name":"MR. ALI HUSSEIN MOHAMMED ABU-REGHEB","certificateNumber":"1","numbershares":"900","classofshares":"","dateofissue":"07-01-2008","ceasedmembership":"","transferdate":"","sharestransferred":"","newcertificate":"","custodianname":"","custodianaddress":"","citizenship":"NO","pep":"NO","rst":"NOT NEGATIVE RESULT","registerlocation":"SYNTHESA MANAGEMENT S.A. 1   RUE MARIGNAC CASE POSTALE 41 1211 GENEVA 12   SWITZERLAND"},"categories":{"0":"Officer"},"statistics":{"digest":{"0":{"edgeType":"registered address","nodeCategories":{"0":"Address"},"nodes":1,"edges":1},"1":{"edgeType":"is officer of","nodeCategories":{"0":"Company"},"nodes":5,"edges":6}},"edgeCount":7,"visibleEdgeCount":7,"hiddenEdgeCount":0}},"label":"MR. ALI HUSSEIN MOHAMMED ABU-REGHEB","x":82.129,"y":27.061,"fixed":true,"size":1,"glyphs":{"0":{"draw":false,"position":"top-right","content":"0"}},"active":false,"color":"#be4400","icon":{"font":"FontAwesome","scale":1,"color":"#fff","content":""},"colors":{"0":"#be4400"},"fa2_x":82.129,"fa2_y":27.061,"read_cam0:size":5,"read_cam0:x":82.129,"read_cam0:y":27.061,"renderer1:x":1406.1763950117306,"renderer1:y":425.01973418410716,"renderer1:size":9.324738236825002},{"id":380589,"nodelink":{"x":83.102,"y":36.308,"fixed":true},"geo":{"latitudeDiff":0,"longitudeDiff":0},"data":{"properties":{"name":"MRS. YUSRA ABDUL RAHMAN MOHAMMED ABU-HASSAN","certificateNumber":"2","numbershares":"100","classofshares":"","dateofissue":"07-01-2008","ceasedmembership":"","transferdate":"","sharestransferred":"","newcertificate":"","custodianname":"","custodianaddress":"","citizenship":"NO","pep":"NO","rst":"NOT NEGATIVE RESULT","registerlocation":"SYNTHESA MANAGEMENT S.A. 1   RUE MARIGNAC CASE POSTALE 41 1211 GENEVA 12   SWITZERLAND"},"categories":{"0":"Officer"},"statistics":{"digest":{"0":{"edgeType":"registered address","nodeCategories":{"0":"Address"},"nodes":1,"edges":1},"1":{"edgeType":"is officer of","nodeCategories":{"0":"Company"},"nodes":1,"edges":1}},"edgeCount":2,"visibleEdgeCount":2,"hiddenEdgeCount":0}},"label":"MRS. YUSRA ABDUL RAHMAN MOHAMMED ABU-HASSAN","x":83.102,"y":36.308,"fixed":true,"size":1,"glyphs":{"0":{"draw":false,"position":"top-right","content":"0"}},"active":false,"color":"#be4400","icon":{"font":"FontAwesome","scale":1,"color":"#fff","content":""},"colors":{"0":"#be4400"},"fa2_x":83.102,"fa2_y":36.308,"read_cam0:size":5,"read_cam0:x":83.102,"read_cam0:y":36.308,"renderer1:x":1408.2969334360714,"renderer1:y":445.1724770514021,"renderer1:size":9.324738236825002},{"id":594173,"nodelink":{"x":-76.034,"y":-2.625,"fixed":true},"geo":{"latitudeDiff":0,"longitudeDiff":0},"data":{"properties":{"name":"SYNTHESA MANAGEMENT S.A.","client_number":"90371","client_name":"SYNTHESA MANAGEMENT S.A."},"categories":{"0":"Client"},"statistics":{"digest":{"0":{"edgeType":"registered","nodeCategories":{"0":"Company"},"nodes":182,"edges":182}},"edgeCount":182,"visibleEdgeCount":4,"hiddenEdgeCount":178}},"label":"SYNTHESA MANAGEMENT S.A.","x":-76.034,"y":-2.625,"fixed":true,"size":1,"glyphs":{"0":{"draw":true,"position":"top-right","content":"178"}},"active":false,"color":"#851d00","icon":{"font":"FontAwesome","scale":1,"color":"#fff","content":""},"colors":{"0":"#851d00"},"fa2_x":-76.034,"fa2_y":-2.625,"read_cam0:size":5,"read_cam0:x":-76.034,"read_cam0:y":-2.625,"renderer1:x":1061.478842278956,"renderer1:y":360.32260811527215,"renderer1:size":9.324738236825002},{"id":94400,"nodelink":{"x":-21.055,"y":37.423,"fixed":true},"geo":{"latitudeDiff":0,"longitudeDiff":0},"data":{"properties":{"file_number":"211901","jurisdiction":"SEY","name":"Genstar Investments Limited","status":"MOR","inactivationDate":"19-JAN-2015","struck_off_date":"31-DEC-2014","registrationDate":"03-MAR-2010"},"categories":{"0":"Company"},"statistics":{"digest":{"0":{"edgeType":"is officer of","nodeCategories":{"0":"Officer"},"nodes":3,"edges":3},"1":{"edgeType":"registered","nodeCategories":{"0":"Client"},"nodes":1,"edges":1}},"edgeCount":4,"visibleEdgeCount":4,"hiddenEdgeCount":0}},"label":"Genstar Investments Limited","x":-21.055,"y":37.423,"fixed":true,"size":1,"glyphs":{"0":{"draw":false,"position":"top-right","content":"0"}},"active":false,"color":"#420e00","icon":{"font":"FontAwesome","scale":1,"color":"#fff","content":""},"colors":{"0":"#420e00"},"fa2_x":-21.055,"fa2_y":37.423,"read_cam0:size":5,"read_cam0:x":-21.055,"read_cam0:y":37.423,"renderer1:x":1181.2990704719925,"renderer1:y":447.60248768155606,"renderer1:size":9.324738236825002},{"id":493016,"nodelink":{"x":84.331,"y":57.914,"fixed":true},"geo":{"latitudeDiff":0,"longitudeDiff":0},"data":{"properties":{"name":"THE BEARER","certificateNumber":"1","numbershares":"1,000","classofshares":"","dateofissue":"03-03-2010","ceasedmembership":"","transferdate":"","sharestransferred":"","newcertificate":"","custodianname":"","custodianaddress":"","citizenship":"NO","pep":"NO","rst":"NOT NEGATIVE RESULT","registerlocation":""},"categories":{"0":"Officer"},"statistics":{"digest":{"0":{"edgeType":"registered address","nodeCategories":{"0":"Address"},"nodes":1,"edges":1},"1":{"edgeType":"is officer of","nodeCategories":{"0":"Company"},"nodes":1,"edges":1}},"edgeCount":2,"visibleEdgeCount":1,"hiddenEdgeCount":1}},"label":"THE BEARER","x":84.331,"y":57.914,"fixed":true,"size":1,"glyphs":{"0":{"draw":true,"position":"top-right","content":"1"}},"active":false,"color":"#be4400","icon":{"font":"FontAwesome","scale":1,"color":"#fff","content":""},"colors":{"0":"#be4400"},"fa2_x":84.331,"fa2_y":57.914,"read_cam0:size":5,"read_cam0:x":84.331,"read_cam0:y":57.914,"renderer1:x":1410.9753935835683,"renderer1:y":492.26019873311225,"renderer1:size":9.324738236825002},{"id":183658,"nodelink":{"x":-20.242,"y":61.005,"fixed":true},"geo":{"latitudeDiff":0,"longitudeDiff":0},"data":{"properties":{"file_number":"211904","jurisdiction":"SEY","name":"Transmar Management Limited","status":"MOR","inactivationDate":"19-JAN-2015","struck_off_date":"31-DEC-2014","registrationDate":"03-MAR-2010"},"categories":{"0":"Company"},"statistics":{"digest":{"0":{"edgeType":"is officer of","nodeCategories":{"0":"Officer"},"nodes":5,"edges":5},"1":{"edgeType":"registered","nodeCategories":{"0":"Client"},"nodes":1,"edges":1}},"edgeCount":6,"visibleEdgeCount":6,"hiddenEdgeCount":0}},"label":"Transmar Management Limited","x":-20.242,"y":61.005,"fixed":true,"size":1,"glyphs":{"0":{"draw":false,"position":"top-right","content":"0"}},"active":false,"color":"#420e00","icon":{"font":"FontAwesome","scale":1,"color":"#fff","content":""},"colors":{"0":"#420e00"},"fa2_x":-20.242,"fa2_y":61.005,"read_cam0:size":5,"read_cam0:x":-20.242,"read_cam0:y":61.005,"renderer1:x":1183.0709078193604,"renderer1:y":498.9966676638799,"renderer1:size":9.324738236825002},{"id":493020,"nodelink":{"x":86.445,"y":94.832,"fixed":true},"geo":{"latitudeDiff":0,"longitudeDiff":0},"data":{"properties":{"name":"THE BEARER","certificateNumber":"1","numbershares":"1,000","classofshares":"","dateofissue":"03-03-2010","ceasedmembership":"","transferdate":"","sharestransferred":"","newcertificate":"","custodianname":"","custodianaddress":"","citizenship":"NO","pep":"NO","rst":"NOT NEGATIVE RESULT","registerlocation":""},"categories":{"0":"Officer"},"statistics":{"digest":{"0":{"edgeType":"registered address","nodeCategories":{"0":"Address"},"nodes":1,"edges":1},"1":{"edgeType":"is officer of","nodeCategories":{"0":"Company"},"nodes":1,"edges":1}},"edgeCount":2,"visibleEdgeCount":1,"hiddenEdgeCount":1}},"label":"THE BEARER","x":86.445,"y":94.832,"fixed":true,"size":1,"glyphs":{"0":{"draw":true,"position":"top-right","content":"1"}},"active":false,"color":"#be4400","icon":{"font":"FontAwesome","scale":1,"color":"#fff","content":""},"colors":{"0":"#be4400"},"fa2_x":86.445,"fa2_y":94.832,"read_cam0:size":5,"read_cam0:x":86.445,"read_cam0:y":94.832,"renderer1:x":1415.582606563071,"renderer1:y":572.7186134811163,"renderer1:size":9.324738236825002},{"id":493021,"nodelink":{"x":85.144,"y":73.365,"fixed":true},"geo":{"latitudeDiff":0,"longitudeDiff":0},"data":{"properties":{"name":"THE BEARER","certificateNumber":"2","numbershares":"1,000","classofshares":"","dateofissue":"03-03-2010","ceasedmembership":"","transferdate":"","sharestransferred":"","newcertificate":"","custodianname":"","custodianaddress":"","citizenship":"NO","pep":"NO","rst":"NOT NEGATIVE RESULT","registerlocation":""},"categories":{"0":"Officer"},"statistics":{"digest":{"0":{"edgeType":"registered address","nodeCategories":{"0":"Address"},"nodes":1,"edges":1},"1":{"edgeType":"is officer of","nodeCategories":{"0":"Company"},"nodes":1,"edges":1}},"edgeCount":2,"visibleEdgeCount":1,"hiddenEdgeCount":1}},"label":"THE BEARER","x":85.144,"y":73.365,"fixed":true,"size":1,"glyphs":{"0":{"draw":true,"position":"top-right","content":"1"}},"active":false,"color":"#be4400","icon":{"font":"FontAwesome","scale":1,"color":"#fff","content":""},"colors":{"0":"#be4400"},"fa2_x":85.144,"fa2_y":73.365,"read_cam0:size":5,"read_cam0:x":85.144,"read_cam0:y":73.365,"renderer1:x":1412.7472309309362,"renderer1:y":525.9338258600262,"renderer1:size":9.324738236825002},{"id":493022,"nodelink":{"x":85.795,"y":84.098,"fixed":true},"geo":{"latitudeDiff":0,"longitudeDiff":0},"data":{"properties":{"name":"THE BEARER","certificateNumber":"3","numbershares":"1,000","classofshares":"","dateofissue":"03-03-2010","ceasedmembership":"","transferdate":"","sharestransferred":"","newcertificate":"","custodianname":"","custodianaddress":"","citizenship":"NO","pep":"NO","rst":"NOT NEGATIVE RESULT","registerlocation":""},"categories":{"0":"Officer"},"statistics":{"digest":{"0":{"edgeType":"registered address","nodeCategories":{"0":"Address"},"nodes":1,"edges":1},"1":{"edgeType":"is officer of","nodeCategories":{"0":"Company"},"nodes":1,"edges":1}},"edgeCount":2,"visibleEdgeCount":1,"hiddenEdgeCount":1}},"label":"THE BEARER","x":85.795,"y":84.098,"fixed":true,"size":1,"glyphs":{"0":{"draw":true,"position":"top-right","content":"1"}},"active":false,"color":"#be4400","icon":{"font":"FontAwesome","scale":1,"color":"#fff","content":""},"colors":{"0":"#be4400"},"fa2_x":85.795,"fa2_y":84.098,"read_cam0:size":5,"read_cam0:x":85.795,"read_cam0:y":84.098,"renderer1:x":1414.1660084378693,"renderer1:y":549.3251299797057,"renderer1:size":9.324738236825002},{"id":150577,"nodelink":{"x":-18.941,"y":91.417,"fixed":true},"geo":{"latitudeDiff":0,"longitudeDiff":0},"selected":true,"data":{"properties":{"file_number":"212060","jurisdiction":"SEY","name":"Oriental International Group Ltd.","status":"MOR","inactivationDate":"19-JAN-2015","struck_off_date":"31-DEC-2014","registrationDate":"15-APR-2010"},"categories":{"0":"Company"},"statistics":{"digest":{"0":{"edgeType":"is officer of","nodeCategories":{"0":"Officer"},"nodes":3,"edges":3},"1":{"edgeType":"registered","nodeCategories":{"0":"Client"},"nodes":1,"edges":1}},"edgeCount":4,"visibleEdgeCount":4,"hiddenEdgeCount":0}},"label":"Oriental International Group Ltd.","x":-18.941,"y":91.417,"fixed":true,"size":1,"glyphs":{"0":{"draw":false,"position":"top-right","content":"0"}},"active":false,"color":"#420e00","icon":{"font":"FontAwesome","scale":1,"color":"#fff","content":""},"colors":{"0":"#420e00"},"fa2_x":-18.941,"fa2_y":91.417,"read_cam0:size":5,"read_cam0:x":-18.941,"read_cam0:y":91.417,"renderer1:x":1185.9062834514953,"renderer1:y":565.2760248694789,"renderer1:size":9.324738236825002},{"id":493221,"nodelink":{"x":86.283,"y":122.967,"fixed":true},"geo":{"latitudeDiff":0,"longitudeDiff":0},"data":{"properties":{"name":"THE BEARER","certificateNumber":"1","numbershares":"1,000","classofshares":"","dateofissue":"11-07-2013","ceasedmembership":"","transferdate":"","sharestransferred":"","newcertificate":"","custodianname":"","custodianaddress":"","citizenship":"NO","pep":"NO","rst":"NOT NEGATIVE RESULT","registerlocation":""},"categories":{"0":"Officer"},"statistics":{"digest":{"0":{"edgeType":"registered address","nodeCategories":{"0":"Address"},"nodes":2,"edges":2},"1":{"edgeType":"is officer of","nodeCategories":{"0":"Company"},"nodes":1,"edges":1}},"edgeCount":3,"visibleEdgeCount":2,"hiddenEdgeCount":1}},"label":"THE BEARER","x":86.283,"y":122.967,"fixed":true,"size":1,"glyphs":{"0":{"draw":true,"position":"top-right","content":"1"}},"active":false,"color":"#be4400","icon":{"font":"FontAwesome","scale":1,"color":"#fff","content":""},"colors":{"0":"#be4400"},"fa2_x":86.283,"fa2_y":122.967,"read_cam0:size":5,"read_cam0:x":86.283,"read_cam0:y":122.967,"renderer1:x":1415.2295467226363,"renderer1:y":634.0355184850466,"renderer1:size":9.324738236825002},{"id":185879,"nodelink":{"x":-23.724,"y":-105.962,"fixed":true},"geo":{"latitudeDiff":0,"longitudeDiff":0},"data":{"properties":{"file_number":"556710","jurisdiction":"BVI","name":"DESERTSTAR INVESTMENT CAPITAL LTD.","status":"MOR","inactivationDate":"","struck_off_date":"30-APR-2014","registrationDate":"05-SEP-2003"},"categories":{"0":"Company"},"statistics":{"digest":{"0":{"edgeType":"is officer of","nodeCategories":{"0":"Officer"},"nodes":5,"edges":5},"1":{"edgeType":"registered","nodeCategories":{"0":"Client"},"nodes":1,"edges":1}},"edgeCount":6,"visibleEdgeCount":6,"hiddenEdgeCount":0}},"label":"DESERTSTAR INVESTMENT CAPITAL LTD.","x":-23.724,"y":-105.962,"fixed":true,"size":1,"glyphs":{"0":{"draw":false,"position":"top-right","content":"0"}},"active":true,"color":"#420e00","icon":{"font":"FontAwesome","scale":1,"color":"#fff","content":""},"colors":{"0":"#420e00"},"fa2_x":-23.724,"fa2_y":-105.962,"read_cam0:size":5,"read_cam0:x":-23.724,"read_cam0:y":-105.962,"renderer1:x":1175.4823006317404,"renderer1:y":135.1118381706787,"renderer1:size":9.324738236825002},{"id":345107,"nodelink":{"x":71.422,"y":-68.323,"fixed":true},"geo":{"latitudeDiff":0,"longitudeDiff":0},"data":{"properties":{"name":"MR. HASAN ALI HUSSEIN ABU RAGHEB","certificateNumber":"1","numbershares":"2","classofshares":"ORDINARY","dateofissue":"05-09-2003","ceasedmembership":"","transferdate":"","sharestransferred":"","newcertificate":"","custodianname":"","custodianaddress":"","citizenship":"NO","pep":"NO","rst":"NOT NEGATIVE RESULT","registerlocation":"GMG CORPORATE SERVICES LTD. 19TH FLOOR   NEWTON TOWER SIR WILLIAM NEWTON STREET PORT LOUIS MAURITIUS"},"categories":{"0":"Officer"},"statistics":{"digest":{"0":{"edgeType":"registered address","nodeCategories":{"0":"Address"},"nodes":1,"edges":1},"1":{"edgeType":"is officer of","nodeCategories":{"0":"Company"},"nodes":1,"edges":1}},"edgeCount":2,"visibleEdgeCount":2,"hiddenEdgeCount":0}},"label":"MR. HASAN ALI HUSSEIN ABU RAGHEB","x":71.422,"y":-68.323,"fixed":true,"size":1,"glyphs":{"0":{"draw":false,"position":"top-right","content":"0"}},"active":false,"color":"#be4400","icon":{"font":"FontAwesome","scale":1,"color":"#fff","content":""},"colors":{"0":"#be4400"},"fa2_x":71.422,"fa2_y":-68.323,"read_cam0:size":5,"read_cam0:x":71.422,"read_cam0:y":-68.323,"renderer1:x":1382.8417548170592,"renderer1:y":217.14158714679138,"renderer1:size":9.324738236825002},{"id":345108,"nodelink":{"x":70.936,"y":-60.05,"fixed":true},"geo":{"latitudeDiff":0,"longitudeDiff":0},"data":{"properties":{"name":"MR. MOHAMMAD ALI HUSSEIN ABU RAGHEB","certificateNumber":"2","numbershares":"2","classofshares":"ORDINARY","dateofissue":"05-09-2003","ceasedmembership":"","transferdate":"","sharestransferred":"","newcertificate":"","custodianname":"","custodianaddress":"","citizenship":"NO","pep":"NO","rst":"NOT NEGATIVE RESULT","registerlocation":"GMG CORPORATE SERVICES LTD. 19TH FLOOR   NEWTON TOWER SIR WILLIAM NEWTON STREET PORT LOUIS MAURITIUS"},"categories":{"0":"Officer"},"statistics":{"digest":{"0":{"edgeType":"registered address","nodeCategories":{"0":"Address"},"nodes":1,"edges":1},"1":{"edgeType":"is officer of","nodeCategories":{"0":"Company"},"nodes":1,"edges":1}},"edgeCount":2,"visibleEdgeCount":2,"hiddenEdgeCount":0}},"label":"MR. MOHAMMAD ALI HUSSEIN ABU RAGHEB","x":70.936,"y":-60.05,"fixed":true,"size":1,"glyphs":{"0":{"draw":false,"position":"top-right","content":"0"}},"active":false,"color":"#be4400","icon":{"font":"FontAwesome","scale":1,"color":"#fff","content":""},"colors":{"0":"#be4400"},"fa2_x":70.936,"fa2_y":-60.05,"read_cam0:size":5,"read_cam0:x":70.936,"read_cam0:y":-60.05,"renderer1:x":1381.7825752957544,"renderer1:y":235.17161220801458,"renderer1:size":9.324738236825002},{"id":345111,"nodelink":{"x":71.909,"y":-77.083,"fixed":true},"geo":{"latitudeDiff":0,"longitudeDiff":0},"data":{"properties":{"name":"MRS. EMAN ALI HUSSEIN ABU RAGHEB","certificateNumber":"3","numbershares":"1","classofshares":"ORDINARY","dateofissue":"05-09-2003","ceasedmembership":"","transferdate":"","sharestransferred":"","newcertificate":"","custodianname":"","custodianaddress":"","citizenship":"NO","pep":"NO","rst":"NOT NEGATIVE RESULT","registerlocation":"GMG CORPORATE SERVICES LTD. 19TH FLOOR   NEWTON TOWER SIR WILLIAM NEWTON STREET PORT LOUIS MAURITIUS"},"categories":{"0":"Officer"},"statistics":{"digest":{"0":{"edgeType":"registered address","nodeCategories":{"0":"Address"},"nodes":1,"edges":1},"1":{"edgeType":"is officer of","nodeCategories":{"0":"Company"},"nodes":1,"edges":1}},"edgeCount":2,"visibleEdgeCount":2,"hiddenEdgeCount":0}},"label":"MRS. EMAN ALI HUSSEIN ABU RAGHEB","x":71.909,"y":-77.083,"fixed":true,"size":1,"glyphs":{"0":{"draw":false,"position":"top-right","content":"0"}},"active":false,"color":"#be4400","icon":{"font":"FontAwesome","scale":1,"color":"#fff","content":""},"colors":{"0":"#be4400"},"fa2_x":71.909,"fa2_y":-77.083,"read_cam0:size":5,"read_cam0:x":71.909,"read_cam0:y":-77.083,"renderer1:x":1383.903113720095,"renderer1:y":198.0502031825323,"renderer1:size":9.324738236825002},{"id":345112,"nodelink":{"x":71.69,"y":-51.413,"fixed":true},"geo":{"latitudeDiff":0,"longitudeDiff":0},"data":{"properties":{"name":"MRS. SAMAR ALI HUSSEIN ABU RAGHEB","certificateNumber":"4","numbershares":"1","classofshares":"ORDINARY","dateofissue":"05-09-2003","ceasedmembership":"","transferdate":"","sharestransferred":"","newcertificate":"","custodianname":"","custodianaddress":"","citizenship":"NO","pep":"NO","rst":"NOT NEGATIVE RESULT","registerlocation":"GMG CORPORATE SERVICES LTD. 19TH FLOOR   NEWTON TOWER SIR WILLIAM NEWTON STREET PORT LOUIS MAURITIUS"},"categories":{"0":"Officer"},"statistics":{"digest":{"0":{"edgeType":"registered address","nodeCategories":{"0":"Address"},"nodes":1,"edges":1},"1":{"edgeType":"is officer of","nodeCategories":{"0":"Company"},"nodes":1,"edges":1}},"edgeCount":2,"visibleEdgeCount":2,"hiddenEdgeCount":0}},"label":"MRS. SAMAR ALI HUSSEIN ABU RAGHEB","x":71.69,"y":-51.413,"fixed":true,"size":1,"glyphs":{"0":{"draw":false,"position":"top-right","content":"0"}},"active":false,"color":"#be4400","icon":{"font":"FontAwesome","scale":1,"color":"#fff","content":""},"colors":{"0":"#be4400"},"fa2_x":71.69,"fa2_y":-51.413,"read_cam0:size":5,"read_cam0:x":71.69,"read_cam0:y":-51.413,"renderer1:x":1383.4258291209887,"renderer1:y":253.9949322193508,"renderer1:size":9.324738236825002},{"id":345113,"nodelink":{"x":72.396,"y":-87.303,"fixed":true},"geo":{"latitudeDiff":0,"longitudeDiff":0},"data":{"properties":{"name":"MRS. ZAINEH ALI HUSSEIN ABU RAGHEB","certificateNumber":"5","numbershares":"1","classofshares":"ORDINARY","dateofissue":"05-09-2003","ceasedmembership":"","transferdate":"","sharestransferred":"","newcertificate":"","custodianname":"","custodianaddress":"","citizenship":"NO","pep":"NO","rst":"NOT NEGATIVE RESULT","registerlocation":"GMG CORPORATE SERVICES LTD. 19TH FLOOR   NEWTON TOWER SIR WILLIAM NEWTON STREET PORT LOUIS MAURITIUS"},"categories":{"0":"Officer"},"statistics":{"digest":{"0":{"edgeType":"registered address","nodeCategories":{"0":"Address"},"nodes":1,"edges":1},"1":{"edgeType":"is officer of","nodeCategories":{"0":"Company"},"nodes":1,"edges":1}},"edgeCount":2,"visibleEdgeCount":2,"hiddenEdgeCount":0}},"label":"MRS. ZAINEH ALI HUSSEIN ABU RAGHEB","x":72.396,"y":-87.303,"fixed":true,"size":1,"glyphs":{"0":{"draw":false,"position":"top-right","content":"0"}},"active":false,"color":"#be4400","icon":{"font":"FontAwesome","scale":1,"color":"#fff","content":""},"colors":{"0":"#be4400"},"fa2_x":72.396,"fa2_y":-87.303,"read_cam0:size":5,"read_cam0:x":72.396,"read_cam0:y":-87.303,"renderer1:x":1384.9644726231309,"renderer1:y":175.77692189089674,"renderer1:size":9.324738236825002},{"id":593593,"nodelink":{"x":-72.628,"y":-124.289,"fixed":true},"geo":{"latitudeDiff":0,"longitudeDiff":0},"data":{"properties":{"name":"GMG CORPORATE SERVICES LTD.","status":"ACTIVE","client_number":"38458","client_name":"GMG CORPORATE SERVICES LTD.","prospect_date":"22-JAN-2014","active_since":"22-JAN-2014","country":"MAURITIUS","city":"PORT LOUIS","former_name":"","cross_reference":"GENEVA MANAGEMENT GROUP SWITZERLAND SA","activity":"CORPORATE SERVICE PROVIDER","classification":"GVA","subclassification":"","region":"GENEVA OFFICE PROFESSIONAL CLIENTS","compliance_classification":"INTRODUCER"},"categories":{"0":"Client"},"statistics":{"digest":{"0":{"edgeType":"registered","nodeCategories":{"0":"Company"},"nodes":2,"edges":2}},"edgeCount":2,"visibleEdgeCount":1,"hiddenEdgeCount":1}},"label":"GMG CORPORATE SERVICES LTD.","x":-70.33474835886217,"y":-135.42674617067826,"fixed":true,"size":1,"glyphs":{"0":{"draw":true,"position":"top-right","content":"1"},"1":{"draw":true,"position":"bottom-right","font":"FontAwesome","textColor":"#000","content":""}},"active":false,"color":"#851d00","icon":{"font":"FontAwesome","scale":1,"color":"#fff","content":""},"colors":{"0":"#851d00"},"fa2_x":-72.628,"fa2_y":-124.289,"read_cam0:size":5,"read_cam0:x":-70.33474835886217,"read_cam0:y":-135.42674617067826,"renderer1:x":1073.8996871864783,"renderer1:y":70.89690865539899,"renderer1:size":9.324738236825002},{"id":648268,"nodelink":{"x":60.842,"y":-11.462,"fixed":true},"geo":{"latitudeDiff":0,"longitudeDiff":0},"data":{"properties":{"name":"MRS. YUSRA ALI ABU-RAGHEB","certificateNumber":"2","numbershares":"5,000","classofshares":"","dateofissue":"22-07-2003","ceasedmembership":"","transferdate":"","sharestransferred":"","newcertificate":"","custodianname":"","custodianaddress":"","citizenship":"NO","pep":"NO","rst":"NOT NEGATIVE RESULT","registerlocation":""},"categories":{"0":"Officer"},"statistics":{"digest":{"0":{"edgeType":"is officer of","nodeCategories":{"0":"Company"},"nodes":1,"edges":1}},"edgeCount":1,"visibleEdgeCount":1,"hiddenEdgeCount":0}},"label":"MRS. YUSRA ALI ABU-RAGHEB","x":60.842,"y":-11.462,"fixed":true,"size":1,"glyphs":{"0":{"draw":false,"position":"top-right","content":"0"}},"active":false,"color":"#be4400","icon":{"font":"FontAwesome","scale":1,"color":"#fff","content":""},"colors":{"0":"#be4400"},"fa2_x":60.842,"fa2_y":-11.462,"read_cam0:size":5,"read_cam0:x":60.842,"read_cam0:y":-11.462,"renderer1:x":1359.7838961022348,"renderer1:y":341.06341175771996,"renderer1:size":9.324738236825002},{"id":525365,"nodelink":{"x":121.247,"y":-1.26,"fixed":true},"geo":{"latitudeDiff":0,"longitudeDiff":0},"data":{"properties":{"name":"amman 95111, jordan 950912"},"categories":{"0":"Address"},"statistics":{"digest":{"0":{"edgeType":"registered address","nodeCategories":{"0":"Officer"},"nodes":1,"edges":1}},"edgeCount":1,"visibleEdgeCount":1,"hiddenEdgeCount":0}},"label":"amman 95111, jordan 950912","x":121.247,"y":-1.26,"fixed":true,"size":1,"glyphs":{"0":{"draw":false,"position":"top-right","content":"0"}},"active":false,"color":"#937c6f","icon":{"font":"FontAwesome","scale":1,"color":"#fff","content":""},"colors":{"0":"#937c6f"},"fa2_x":121.247,"fa2_y":-1.26,"read_cam0:size":5,"read_cam0:x":121.247,"read_cam0:y":-1.26,"renderer1:x":1491.4294495681104,"renderer1:y":363.2974641781961,"renderer1:size":9.324738236825002},{"id":576977,"nodelink":{"x":114.215,"y":-71.154,"fixed":true},"geo":{"latitudeDiff":0,"longitudeDiff":0},"data":{"properties":{"name":"Um Uthiana / Amman / Jordan"},"categories":{"0":"Address"},"statistics":{"digest":{"0":{"edgeType":"registered address","nodeCategories":{"0":"Officer"},"nodes":5,"edges":5}},"edgeCount":5,"visibleEdgeCount":5,"hiddenEdgeCount":0}},"label":"Um Uthiana / Amman / Jordan","x":114.215,"y":-71.154,"fixed":true,"size":1,"glyphs":{"0":{"draw":false,"position":"top-right","content":"0"}},"active":false,"color":"#937c6f","icon":{"font":"FontAwesome","scale":1,"color":"#fff","content":""},"colors":{"0":"#937c6f"},"fa2_x":114.215,"fa2_y":-71.154,"read_cam0:size":5,"read_cam0:x":114.215,"read_cam0:y":-71.154,"renderer1:x":1476.1040372351572,"renderer1:y":210.97175746610446,"renderer1:size":9.324738236825002},{"id":521276,"nodelink":{"x":124.501,"y":29.942,"fixed":true},"geo":{"latitudeDiff":0,"longitudeDiff":0},"data":{"properties":{"name":"7 Hadrmout St - Um Uthina; P.O. Box 95012; 11195 Amman; Jordan"},"categories":{"0":"Address"},"statistics":{"digest":{"0":{"edgeType":"registered address","nodeCategories":{"0":"Officer"},"nodes":2,"edges":2}},"edgeCount":2,"visibleEdgeCount":2,"hiddenEdgeCount":0}},"label":"7 Hadrmout St - Um Uthina; P.O. Box 95012; 11195 Amman; Jordan","x":124.501,"y":29.942,"fixed":true,"size":1,"glyphs":{"0":{"draw":false,"position":"top-right","content":"0"}},"active":false,"color":"#937c6f","icon":{"font":"FontAwesome","scale":1,"color":"#fff","content":""},"colors":{"0":"#937c6f"},"fa2_x":124.501,"fa2_y":29.942,"read_cam0:size":5,"read_cam0:x":124.501,"read_cam0:y":29.942,"renderer1:x":1498.5211577210441,"renderer1:y":431.2985329513481,"renderer1:size":9.324738236825002},{"id":521277,"nodelink":{"x":118.836,"y":128.963,"fixed":true},"geo":{"latitudeDiff":0,"longitudeDiff":0},"data":{"properties":{"name":"7 Hadrmout ST.-Um Uthina; P.O. Box 950912; Amman 11195; Jordan"},"categories":{"0":"Address"},"statistics":{"digest":{"0":{"edgeType":"registered address","nodeCategories":{"0":"Officer"},"nodes":1,"edges":1}},"edgeCount":1,"visibleEdgeCount":1,"hiddenEdgeCount":0}},"label":"7 Hadrmout ST.-Um Uthina; P.O. Box 950912; Amman 11195; Jordan","x":118.836,"y":128.963,"fixed":true,"size":1,"glyphs":{"0":{"draw":false,"position":"top-right","content":"0"}},"active":false,"color":"#937c6f","icon":{"font":"FontAwesome","scale":1,"color":"#fff","content":""},"colors":{"0":"#937c6f"},"fa2_x":118.836,"fa2_y":128.963,"read_cam0:size":5,"read_cam0:x":118.836,"read_cam0:y":128.963,"renderer1:x":1486.1749602144769,"renderer1:y":647.1030913446011,"renderer1:size":9.324738236825002}],"edges":[{"id":805498,"source":588461,"target":95824,"data":{"properties":{},"type":"registered"},"label":"registered","size":1,"active":false,"color":"#8a6960","read_cam0:size":2,"renderer1:size":3.729895294730001},{"id":628950,"source":594173,"target":183658,"data":{"properties":{},"type":"registered"},"label":"registered","size":1,"active":false,"color":"#8a6960","read_cam0:size":2,"renderer1:size":3.729895294730001},{"id":629179,"source":594173,"target":94400,"data":{"properties":{},"type":"registered"},"label":"registered","size":1,"active":false,"color":"#8a6960","read_cam0:size":2,"renderer1:size":3.729895294730001},{"id":634061,"source":594173,"target":150577,"data":{"properties":{},"type":"registered"},"label":"registered","size":1,"active":false,"color":"#8a6960","read_cam0:size":2,"renderer1:size":3.729895294730001},{"id":736000,"source":594173,"target":250268,"data":{"properties":{},"type":"registered"},"label":"registered","size":1,"active":false,"color":"#8a6960","read_cam0:size":2,"renderer1:size":3.729895294730001},{"id":805599,"source":593593,"target":185879,"data":{"properties":{},"type":"registered"},"label":"registered","size":1,"active":false,"color":"#8a6960","hover":false,"read_cam0:size":2,"renderer1:size":3.729895294730001},{"id":249608,"source":344068,"target":525365,"data":{"properties":{},"type":"registered address"},"label":"registered address","size":1,"active":false,"color":"#baaba3","read_cam0:size":2,"renderer1:size":3.729895294730001},{"id":241070,"source":345111,"target":576977,"data":{"properties":{},"type":"registered address"},"label":"registered address","size":1,"active":false,"color":"#baaba3","read_cam0:size":2,"renderer1:size":3.729895294730001},{"id":248925,"source":345113,"target":576977,"data":{"properties":{},"type":"registered address"},"label":"registered address","size":1,"active":false,"color":"#baaba3","read_cam0:size":2,"renderer1:size":3.729895294730001},{"id":322134,"source":345112,"target":576977,"data":{"properties":{},"type":"registered address"},"label":"registered address","size":1,"active":false,"color":"#baaba3","read_cam0:size":2,"renderer1:size":3.729895294730001},{"id":871173,"source":345108,"target":576977,"data":{"properties":{},"type":"registered address"},"label":"registered address","size":1,"active":false,"color":"#baaba3","read_cam0:size":2,"renderer1:size":3.729895294730001},{"id":871673,"source":345107,"target":576977,"data":{"properties":{},"type":"registered address"},"label":"registered address","size":1,"active":false,"color":"#baaba3","read_cam0:size":2,"renderer1:size":3.729895294730001},{"id":286881,"source":380589,"target":521276,"data":{"properties":{},"type":"registered address"},"label":"registered address","size":1,"active":false,"color":"#baaba3","read_cam0:size":2,"renderer1:size":3.729895294730001},{"id":815652,"source":380588,"target":521276,"data":{"properties":{},"type":"registered address"},"label":"registered address","size":1,"active":false,"color":"#baaba3","read_cam0:size":2,"renderer1:size":3.729895294730001},{"id":292878,"source":493221,"target":521277,"data":{"properties":{},"type":"registered address"},"label":"registered address","size":1,"active":false,"color":"#baaba3","read_cam0:size":2,"renderer1:size":3.729895294730001},{"id":35811,"source":648268,"target":95824,"data":{"properties":{"name":"Shareholder"},"type":"is officer of"},"label":"Shareholder","size":1,"active":false,"color":"#d48a60","read_cam0:size":2,"renderer1:size":3.729895294730001},{"id":35812,"source":344068,"target":95824,"data":{"properties":{"name":"Shareholder"},"type":"is officer of"},"label":"Shareholder","size":1,"type":"curvedArrow","cc":{"y":null},"active":false,"color":"#d48a60","read_cam0:size":2,"renderer1:size":3.729895294730001},{"id":68423,"source":344068,"target":94400,"data":{"properties":{"name":"Director"},"type":"is officer of"},"label":"Director","size":1,"active":false,"color":"#d48a60","hover":false,"read_cam0:size":2,"renderer1:size":3.729895294730001},{"id":68424,"source":344068,"target":183658,"data":{"properties":{"name":"Director"},"type":"is officer of"},"label":"Director","size":1,"active":false,"color":"#d48a60","hover":false,"read_cam0:size":2,"renderer1:size":3.729895294730001},{"id":68425,"source":344068,"target":250268,"data":{"properties":{"name":"Director"},"type":"is officer of"},"label":"Director","size":1,"active":false,"color":"#d48a60","hover":false,"read_cam0:size":2,"renderer1:size":3.729895294730001},{"id":68426,"source":344068,"target":150577,"data":{"properties":{"name":"Director"},"type":"is officer of"},"label":"Director","size":1,"active":false,"color":"#d48a60","read_cam0:size":2,"renderer1:size":3.729895294730001},{"id":68427,"source":344068,"target":95824,"data":{"properties":{"name":"Director"},"type":"is officer of"},"label":"Director","size":1,"type":"curvedArrow","cc":{"y":2},"active":false,"color":"#d48a60","read_cam0:size":2,"renderer1:size":3.729895294730001},{"id":68428,"source":380588,"target":94400,"data":{"properties":{"name":"Director"},"type":"is officer of"},"label":"Director","size":1,"active":false,"color":"#d48a60","hover":false,"read_cam0:size":2,"renderer1:size":3.729895294730001},{"id":68429,"source":380588,"target":183658,"data":{"properties":{"name":"Director"},"type":"is officer of"},"label":"Director","size":1,"active":false,"color":"#d48a60","hover":false,"read_cam0:size":2,"renderer1:size":3.729895294730001},{"id":68430,"source":380588,"target":250268,"data":{"properties":{"name":"Director"},"type":"is officer of"},"label":"Director","size":1,"type":"curvedArrow","cc":{"y":null},"active":false,"color":"#d48a60","hover":false,"read_cam0:size":2,"renderer1:size":3.729895294730001},{"id":68431,"source":380588,"target":150577,"data":{"properties":{"name":"Director"},"type":"is officer of"},"label":"Director","size":1,"active":false,"color":"#d48a60","read_cam0:size":2,"renderer1:size":3.729895294730001},{"id":68432,"source":380588,"target":95824,"data":{"properties":{"name":"Director"},"type":"is officer of"},"label":"Director","size":1,"active":false,"color":"#d48a60","read_cam0:size":2,"renderer1:size":3.729895294730001},{"id":543604,"source":380588,"target":250268,"data":{"properties":{"name":"Shareholder"},"type":"is officer of"},"label":"Shareholder","size":1,"type":"curvedArrow","cc":{"y":2},"active":false,"color":"#d48a60","read_cam0:size":2,"renderer1:size":3.729895294730001},{"id":543603,"source":380589,"target":250268,"data":{"properties":{"name":"Shareholder"},"type":"is officer of"},"label":"Shareholder","size":1,"active":false,"color":"#d48a60","hover":false,"read_cam0:size":2,"renderer1:size":3.729895294730001},{"id":419147,"source":493016,"target":94400,"data":{"properties":{"name":"Shareholder"},"type":"is officer of"},"label":"Shareholder","size":1,"active":false,"color":"#d48a60","read_cam0:size":2,"renderer1:size":3.729895294730001},{"id":483771,"source":493020,"target":183658,"data":{"properties":{"name":"Shareholder"},"type":"is officer of"},"label":"Shareholder","size":1,"active":false,"color":"#d48a60","read_cam0:size":2,"renderer1:size":3.729895294730001},{"id":483773,"source":493022,"target":183658,"data":{"properties":{"name":"Shareholder"},"type":"is officer of"},"label":"Shareholder","size":1,"active":false,"color":"#d48a60","read_cam0:size":2,"renderer1:size":3.729895294730001},{"id":483774,"source":493021,"target":183658,"data":{"properties":{"name":"Shareholder"},"type":"is officer of"},"label":"Shareholder","size":1,"active":false,"color":"#d48a60","read_cam0:size":2,"renderer1:size":3.729895294730001},{"id":483793,"source":493221,"target":150577,"data":{"properties":{"name":"Shareholder"},"type":"is officer of"},"label":"Shareholder","size":1,"active":false,"color":"#d48a60","read_cam0:size":2,"renderer1:size":3.729895294730001},{"id":531345,"source":345107,"target":185879,"data":{"properties":{"name":"Shareholder"},"type":"is officer of"},"label":"Shareholder","size":1,"color":"#d48a60","read_cam0:size":2,"renderer1:size":3.729895294730001},{"id":531346,"source":345108,"target":185879,"data":{"properties":{"name":"Shareholder"},"type":"is officer of"},"label":"Shareholder","size":1,"color":"#d48a60","read_cam0:size":2,"renderer1:size":3.729895294730001},{"id":531347,"source":345111,"target":185879,"data":{"properties":{"name":"Shareholder"},"type":"is officer of"},"label":"Shareholder","size":1,"color":"#d48a60","read_cam0:size":2,"renderer1:size":3.729895294730001},{"id":531348,"source":345112,"target":185879,"data":{"properties":{"name":"Shareholder"},"type":"is officer of"},"label":"Shareholder","size":1,"color":"#d48a60","read_cam0:size":2,"renderer1:size":3.729895294730001},{"id":531349,"source":345113,"target":185879,"data":{"properties":{"name":"Shareholder"},"type":"is officer of"},"label":"Shareholder","size":1,"color":"#d48a60","read_cam0:size":2,"renderer1:size":3.729895294730001}]}