{"nodes":[{"id":667740,"nodelink":{"x":7.107,"y":-19.496,"fixed":true},"geo":{"latitudeDiff":0,"longitudeDiff":0},"data":{"properties":{"name":"Attan Shansonga"},"categories":{"0":"Officer"},"statistics":{"digest":{"0":{"edgeType":"is officer of","nodeCategories":{"0":"Company"},"nodes":3,"edges":5}},"edgeCount":5,"visibleEdgeCount":5,"hiddenEdgeCount":0}},"label":"Attan Shansonga","x":16.20000000000001,"y":-12.299999999999997,"fixed":true,"size":1,"glyphs":{"0":{"draw":false,"position":"top-right","content":"0"},"1":{"draw":true,"position":"bottom-right","font":"FontAwesome","textColor":"#000","content":""}},"active":false,"colors":{"0":"#be4400"},"color":"#be4400","icon":{"font":"FontAwesome","scale":1,"color":"#fff","content":""},"read_cam0:size":5,"read_cam0:x":16.20000000000001,"read_cam0:y":-12.299999999999997,"renderer1:x":1347.7441241087713,"renderer1:y":301.04427126513025,"renderer1:size":21.514115836375478},{"id":71686,"nodelink":{"x":37.778,"y":11.991},"geo":{"latitudeDiff":0,"longitudeDiff":0},"data":{"properties":{"file_number":"808957","jurisdiction":"BAH","name":"STARFLIGHT VENTURES LIMITED","status":"MOR","inactivationDate":"04-JAN-2000","struck_off_date":"31-DEC-1999","registrationDate":"02-JAN-1998"},"categories":{"0":"Company"},"statistics":{"digest":{"0":{"edgeType":"is officer of","nodeCategories":{"0":"Officer"},"nodes":1,"edges":1},"1":{"edgeType":"registered","nodeCategories":{"0":"Client"},"nodes":1,"edges":1}},"edgeCount":2,"visibleEdgeCount":2,"hiddenEdgeCount":0}},"label":"STARFLIGHT VENTURES LIMITED","x":37.778,"y":11.991,"size":1,"glyphs":{"0":{"draw":false,"position":"top-right","content":"0"}},"active":false,"colors":{"0":"#420e00"},"color":"#420e00","icon":{"font":"FontAwesome","scale":1,"color":"#fff","content":""},"read_cam0:size":5,"read_cam0:x":37.778,"read_cam0:y":11.991,"renderer1:x":1481.4661851268445,"renderer1:y":451.57919499253865,"renderer1:size":21.514115836375478},{"id":132650,"nodelink":{"x":-5.223,"y":19.505,"fixed":true},"geo":{"latitudeDiff":0,"longitudeDiff":0},"data":{"properties":{"file_number":"524841","jurisdiction":"BVI","name":"STACEY INVESTMENT HOLDINGS LTD.","status":"MOR","inactivationDate":"02-NOV-1999","struck_off_date":"31-OCT-1999","registrationDate":"02-JAN-1998"},"categories":{"0":"Company"},"statistics":{"digest":{"0":{"edgeType":"is officer of","nodeCategories":{"0":"Officer"},"nodes":1,"edges":2},"1":{"edgeType":"registered","nodeCategories":{"0":"Client"},"nodes":1,"edges":1}},"edgeCount":3,"visibleEdgeCount":3,"hiddenEdgeCount":0}},"label":"STACEY INVESTMENT HOLDINGS LTD.","x":-17.59999999999999,"y":27.299999999999986,"fixed":true,"size":1,"glyphs":{"0":{"draw":false,"position":"top-right","content":"0"},"1":{"draw":true,"position":"bottom-right","font":"FontAwesome","textColor":"#000","content":""}},"active":false,"colors":{"0":"#420e00"},"color":"#420e00","icon":{"font":"FontAwesome","scale":1,"color":"#fff","content":""},"read_cam0:size":5,"read_cam0:x":-17.59999999999999,"read_cam0:y":27.299999999999986,"renderer1:x":1138.2805193997679,"renderer1:y":546.4513347703532,"renderer1:size":21.514115836375478},{"id":148184,"nodelink":{"x":-28.063,"y":-27.421,"fixed":true},"geo":{"latitudeDiff":0,"longitudeDiff":0},"selected":true,"data":{"properties":{"file_number":"524753","jurisdiction":"BVI","name":"DEBDEN INVESTMENTS LIMITED","status":"MOR","inactivationDate":"09-NOV-2010","struck_off_date":"31-OCT-2010","registrationDate":"02-JAN-1998"},"categories":{"0":"Company"},"statistics":{"digest":{"0":{"edgeType":"is officer of","nodeCategories":{"0":"Officer"},"nodes":2,"edges":3},"1":{"edgeType":"registered","nodeCategories":{"0":"Client"},"nodes":1,"edges":1}},"edgeCount":4,"visibleEdgeCount":3,"hiddenEdgeCount":1}},"label":"DEBDEN INVESTMENTS LIMITED","x":-28.063,"y":-27.421,"fixed":true,"size":1,"glyphs":{"0":{"draw":true,"position":"top-right","content":"1"}},"active":true,"colors":{"0":"#420e00"},"color":"#420e00","icon":{"font":"FontAwesome","scale":1,"color":"#fff","content":""},"read_cam0:size":5,"read_cam0:x":-28.063,"read_cam0:y":-27.421,"renderer1:x":1073.4397591610013,"renderer1:y":207.33719532415856,"renderer1:size":21.514115836375478},{"id":588516,"nodelink":{"x":36.037,"y":24.379,"fixed":true},"geo":{"latitudeDiff":0,"longitudeDiff":0},"data":{"properties":{"name":"CAVERSHAM, CHARTERED CERTIFIED ACCOUNTANTS","status":"SUSPENDED","client_number":"96","client_name":"CAVERSHAM, CHARTERED CERTIFIED ACCOUNTANTS","prospect_date":"","active_since":"","country":"UNITED KINGDOM","city":"ST. HELIER","former_name":"CAVERSHAM CRICHTON BELL","cross_reference":"CLT ALSO PART OF THE CAVERSHAM GROUP","activity":"ACCOUNTANT","classification":"Special rates","subclassification":"","region":"CHANNEL ISLANDS & ISLE OF MAN PROFESSIONAL CLIENTS","compliance_classification":"INTRODUCER"},"categories":{"0":"Client"},"statistics":{"digest":{"0":{"edgeType":"registered","nodeCategories":{"0":"Company"},"nodes":586,"edges":586}},"edgeCount":586,"visibleEdgeCount":2,"hiddenEdgeCount":584}},"label":"CAVERSHAM, CHARTERED CERTIFIED ACCOUNTANTS","x":38.6,"y":40.29999999999998,"fixed":true,"size":1,"glyphs":{"0":{"draw":true,"position":"top-right","content":"584"},"1":{"draw":true,"position":"bottom-right","font":"FontAwesome","textColor":"#000","content":""}},"active":false,"colors":{"0":"#851d00"},"color":"#851d00","icon":{"font":"FontAwesome","scale":1,"color":"#fff","content":""},"read_cam0:size":5,"read_cam0:x":38.6,"read_cam0:y":40.29999999999998,"renderer1:x":1486.5602408389984,"renderer1:y":627.0142596584315,"renderer1:size":21.514115836375478},{"id":588157,"nodelink":{"x":-18.293,"y":-46.196,"fixed":true},"geo":{"latitudeDiff":0,"longitudeDiff":0},"data":{"properties":{"name":"(PMA CLIENT) CISA TRUST COMPANY SA","status":"ACTIVE","client_number":"25176","client_name":"(PMA CLIENT) CISA TRUST COMPANY SA","prospect_date":"","active_since":"14-JUL-2008","country":"SWITZERLAND","city":"GENEVE","former_name":"","cross_reference":"CISA TRUST COMPANY (SWITZERLAND) S.A.","activity":"","classification":"","subclassification":"","region":"","compliance_classification":""},"categories":{"0":"Client"},"statistics":{"digest":{"0":{"edgeType":"registered","nodeCategories":{"0":"Company"},"nodes":5,"edges":5}},"edgeCount":5,"visibleEdgeCount":1,"hiddenEdgeCount":4}},"label":"(PMA CLIENT) CISA TRUST COMPANY SA","x":-18.293,"y":-46.196,"fixed":true,"size":1,"glyphs":{"0":{"draw":true,"position":"top-right","content":"4"}},"active":false,"colors":{"0":"#851d00"},"color":"#851d00","icon":{"font":"FontAwesome","scale":1,"color":"#fff","content":""},"read_cam0:size":5,"read_cam0:x":-18.293,"read_cam0:y":-46.196,"renderer1:x":1133.9858957884262,"renderer1:y":90.9857403415686,"renderer1:size":21.514115836375478}],"edges":[{"id":69466,"source":667740,"target":148184,"data":{"properties":{"date_end":"","name":"Director","date_start":"21/01/1998"},"type":"is officer of"},"label":"is officer of","size":1,"type":"curvedArrow","cc":{"y":null},"active":false,"color":"#d48a60","read_cam0:size":2,"renderer1:size":8.60564633455019},{"id":69467,"source":667740,"target":132650,"data":{"properties":{"date_end":"","name":"Director","date_start":"21/01/1998"},"type":"is officer of"},"label":"is officer of","size":1,"type":"curvedArrow","cc":{"y":null},"active":false,"color":"#d48a60","hover":false,"read_cam0:size":2,"renderer1:size":8.60564633455019},{"id":69468,"source":667740,"target":71686,"data":{"properties":{"date_end":"","name":"Director","date_start":"27/01/1998"},"type":"is officer of"},"label":"is officer of","size":1,"active":false,"color":"#d48a60","hover":false,"read_cam0:size":2,"renderer1:size":8.60564633455019},{"id":69469,"source":667740,"target":148184,"data":{"properties":{"date_end":"","name":"Secretary","date_start":"21/01/1998"},"type":"is officer of"},"label":"is officer of","size":1,"type":"curvedArrow","cc":{"y":2},"active":false,"color":"#d48a60","read_cam0:size":2,"renderer1:size":8.60564633455019},{"id":69470,"source":667740,"target":132650,"data":{"properties":{"date_end":"","name":"Secretary","date_start":"21/01/1998"},"type":"is officer of"},"label":"is officer of","size":1,"type":"curvedArrow","cc":{"y":2},"active":false,"color":"#d48a60","hover":false,"read_cam0:size":2,"renderer1:size":8.60564633455019},{"id":685720,"source":588516,"target":132650,"data":{"properties":{},"type":"registered"},"label":"registered","size":1,"active":false,"color":"#8a6960","hover":false,"read_cam0:size":2,"renderer1:size":8.60564633455019},{"id":779216,"source":588516,"target":71686,"data":{"properties":{},"type":"registered"},"label":"registered","size":1,"active":false,"color":"#8a6960","read_cam0:size":2,"renderer1:size":8.60564633455019},{"id":802261,"source":588157,"target":148184,"data":{"properties":{},"type":"registered"},"label":"registered","size":1,"active":false,"color":"#8a6960","read_cam0:size":2,"renderer1:size":8.60564633455019}]}