{"nodes":[{"id":92277,"nodelink":{"x":-47.745,"y":19.144,"fixed":true},"geo":{"latitudeDiff":0,"longitudeDiff":0},"data":{"properties":{"file_number":"560875","jurisdiction":"BVI","name":"MONTAGUE REAL ESTATE S.A.","status":"MOR","inactivationDate":"27-APR-2013","struck_off_date":"31-OCT-2013","registrationDate":"30-MAR-2004"},"categories":{"0":"Company"},"statistics":{"digest":{"0":{"edgeType":"is officer of","nodeCategories":{"0":"Officer"},"nodes":1,"edges":1},"1":{"edgeType":"registered","nodeCategories":{"0":"Client"},"nodes":1,"edges":1}},"edgeCount":2,"visibleEdgeCount":2,"hiddenEdgeCount":0}},"label":"MONTAGUE REAL ESTATE S.A.","x":-152.41070006043307,"y":-37.79619999886478,"fixed":true,"size":1,"glyphs":{"0":{"draw":false,"position":"top-right","content":"0"},"1":{"draw":true,"position":"bottom-right","font":"FontAwesome","textColor":"#000","content":""}},"active":false,"color":"#420e00","icon":{"font":"FontAwesome","scale":1,"color":"#fff","content":""},"fa2_x":-47.745,"fa2_y":19.144,"colors":{"0":"#420e00"},"read_cam0:size":5,"read_cam0:x":-152.41070006043307,"read_cam0:y":-37.79619999886478,"renderer1:x":1054.672231307636,"renderer1:y":470.39753964005325,"renderer1:size":18.482131819340776},{"id":587887,"nodelink":{"x":-86.048,"y":-13.338,"fixed":true},"geo":{"latitudeDiff":0,"longitudeDiff":0},"data":{"properties":{"name":"MERIDIAN CORPORATE SERVICES","status":"ACTIVE","client_number":"26247","client_name":"MERIDIAN CORPORATE SERVICES","prospect_date":"","active_since":"18-FEB-2009","country":"SWITZERLAND","city":"GENEVE","former_name":"","cross_reference":"P.S.J. ALEXANDER & CO. LTD","activity":"ACCOUNTANT","classification":"Special rates","subclassification":"Professional Fees","region":"CHANNEL ISLANDS & ISLE OF MAN PROFESSIONAL CLIENTS","compliance_classification":"INTRODUCER"},"categories":{"0":"Client"},"statistics":{"digest":{"0":{"edgeType":"registered","nodeCategories":{"0":"Company"},"nodes":367,"edges":367}},"edgeCount":367,"visibleEdgeCount":9,"hiddenEdgeCount":358}},"label":"MERIDIAN CORPORATE SERVICES","x":-179.94303121009094,"y":-50.11567052773596,"fixed":true,"size":1,"glyphs":{"0":{"draw":true,"position":"top-right","content":"358"},"1":{"draw":true,"position":"bottom-right","font":"FontAwesome","textColor":"#000","content":""}},"active":false,"color":"#851d00","icon":{"font":"FontAwesome","scale":1,"color":"#fff","content":""},"fa2_x":-175.8962854852853,"fa2_y":-49.93573211664417,"colors":{"0":"#851d00"},"read_cam0:size":5,"read_cam0:x":-179.94303121009094,"read_cam0:y":-50.11567052773596,"renderer1:x":913.5580831985006,"renderer1:y":407.25535311805004,"renderer1:size":18.482131819340776},{"id":361640,"nodelink":{"x":4.022,"y":47.04,"fixed":true},"geo":{"latitudeDiff":0,"longitudeDiff":0},"data":{"properties":{"name":"HASMUKHRAI RAWAL","certificateNumber":"1","numbershares":"50,000","classofshares":"Ord","dateofissue":"10-06-2005","ceasedmembership":"","transferdate":"","sharestransferred":"","newcertificate":"","custodianname":"","custodianaddress":"","citizenship":"NO","pep":"NO","rst":"NOT NEGATIVE RESULT","registerlocation":"PLOT NO. 1   THIGIRI RIDGE ROAD   NEW MATHALGA   NAIROBI   KENYA"},"categories":{"0":"Officer"},"statistics":{"digest":{"0":{"edgeType":"registered address","nodeCategories":{"0":"Address"},"nodes":1,"edges":1},"1":{"edgeType":"is officer of","nodeCategories":{"0":"Company"},"nodes":2,"edges":2}},"edgeCount":3,"visibleEdgeCount":3,"hiddenEdgeCount":0}},"label":"HASMUKHRAI RAWAL","x":-98.70411084667603,"y":-24.750064967182922,"fixed":true,"size":1,"glyphs":{"0":{"draw":false,"position":"top-right","content":"0"},"1":{"draw":true,"position":"bottom-right","font":"FontAwesome","textColor":"#000","content":""}},"active":false,"color":"#be4400","icon":{"font":"FontAwesome","scale":1,"color":"#fff","content":""},"fa2_x":4.022,"fa2_y":47.04,"colors":{"0":"#be4400"},"read_cam0:size":5,"read_cam0:x":-98.70411084667603,"read_cam0:y":-24.750064967182922,"renderer1:x":1329.9398627897156,"renderer1:y":537.2641707693033,"renderer1:size":18.482131819340776},{"id":203035,"nodelink":{"x":-47.37,"y":46.745,"fixed":true},"geo":{"latitudeDiff":0,"longitudeDiff":0},"data":{"properties":{"file_number":"570594","jurisdiction":"BVI","name":"ARKLYN INTERNATIONAL LIMITED","status":"CAR","inactivationDate":"05-AUG-2011","struck_off_date":"31-OCT-2012","registrationDate":"12-MAY-2005"},"categories":{"0":"Company"},"statistics":{"digest":{"0":{"edgeType":"is officer of","nodeCategories":{"0":"Officer"},"nodes":1,"edges":1},"1":{"edgeType":"registered","nodeCategories":{"0":"Client"},"nodes":1,"edges":1}},"edgeCount":2,"visibleEdgeCount":2,"hiddenEdgeCount":0}},"label":"ARKLYN INTERNATIONAL LIMITED","x":-152.1932644765717,"y":-23.880322631737467,"fixed":true,"size":1,"glyphs":{"0":{"draw":false,"position":"top-right","content":"0"},"1":{"draw":true,"position":"bottom-right","font":"FontAwesome","textColor":"#000","content":""}},"active":false,"color":"#420e00","icon":{"font":"FontAwesome","scale":1,"color":"#fff","content":""},"fa2_x":-47.37,"fa2_y":46.745,"colors":{"0":"#420e00"},"read_cam0:size":5,"read_cam0:x":-152.1932644765717,"read_cam0:y":-23.880322631737467,"renderer1:x":1055.7866751597903,"renderer1:y":541.7219461779199,"renderer1:size":18.482131819340776},{"id":557550,"nodelink":{"x":22.837,"y":46.927,"fixed":true},"geo":{"latitudeDiff":0,"longitudeDiff":0},"data":{"properties":{"name":"PLOT NO. 1; THIGIRI RIDGE ROAD; NEW MATHALGA; NAIROBI; KENYA"},"categories":{"0":"Address"},"statistics":{"digest":{"0":{"edgeType":"registered address","nodeCategories":{"0":"Officer"},"nodes":1,"edges":1}},"edgeCount":1,"visibleEdgeCount":1,"hiddenEdgeCount":0}},"label":"PLOT NO. 1; THIGIRI RIDGE ROAD; NEW MATHALGA; NAIROBI; KENYA","x":-37.604711781632645,"y":-25.402371718767007,"fixed":true,"size":1,"glyphs":{"0":{"draw":false,"position":"top-right","content":"0"},"1":{"draw":true,"position":"bottom-right","font":"FontAwesome","textColor":"#000","content":""}},"active":false,"color":"#937c6f","icon":{"font":"FontAwesome","scale":1,"color":"#fff","content":""},"fa2_x":22.837,"fa2_y":46.927,"colors":{"0":"#937c6f"},"read_cam0:size":5,"read_cam0:x":-37.604711781632645,"read_cam0:y":-25.402371718767007,"renderer1:x":1643.0985852450367,"renderer1:y":533.9208392128409,"renderer1:size":18.482131819340776},{"id":320280,"nodelink":{"x":-3.922,"y":-7.838,"fixed":true},"geo":{"latitudeDiff":0,"longitudeDiff":0},"data":{"properties":{"name":"H K RAWAL","certificateNumber":"3","numbershares":"100","classofshares":"","dateofissue":"31-12-2009","ceasedmembership":"27-04-2011","transferdate":"27-04-2011","sharestransferred":"100.0","newcertificate":"4","custodianname":"","custodianaddress":"","citizenship":"NO","pep":"NO","rst":"NOT NEGATIVE RESULT","registerlocation":""},"categories":{"0":"Officer"},"statistics":{"digest":{"0":{"edgeType":"registered address","nodeCategories":{"0":"Address"},"nodes":1,"edges":1},"1":{"edgeType":"is officer of","nodeCategories":{"0":"Company"},"nodes":1,"edges":1}},"edgeCount":2,"visibleEdgeCount":2,"hiddenEdgeCount":0}},"label":"H K RAWAL","x":-96.74719059192375,"y":-76.49973392618763,"fixed":true,"size":1,"glyphs":{"0":{"draw":false,"position":"top-right","content":"0"},"1":{"draw":true,"position":"bottom-right","font":"FontAwesome","textColor":"#000","content":""}},"active":false,"color":"#be4400","icon":{"font":"FontAwesome","scale":1,"color":"#fff","content":""},"fa2_x":-3.922,"fa2_y":-7.838,"colors":{"0":"#be4400"},"read_cam0:size":5,"read_cam0:x":-96.74719059192375,"read_cam0:y":-76.49973392618763,"renderer1:x":1339.9698574591032,"renderer1:y":272.02653395661144,"renderer1:size":18.482131819340776},{"id":101476,"nodelink":{"x":-49.059,"y":-7.518,"fixed":true},"geo":{"latitudeDiff":0,"longitudeDiff":0},"data":{"properties":{"file_number":"533286","jurisdiction":"BVI","name":"INNOVATE GLOBAL LIMITED","status":"CAR","inactivationDate":"16-MAY-2011","struck_off_date":"30-APR-2012","registrationDate":"06-OCT-1999"},"categories":{"0":"Company"},"statistics":{"digest":{"0":{"edgeType":"is officer of","nodeCategories":{"0":"Officer"},"nodes":4,"edges":4},"1":{"edgeType":"registered","nodeCategories":{"0":"Client"},"nodes":1,"edges":1}},"edgeCount":5,"visibleEdgeCount":2,"hiddenEdgeCount":3}},"label":"INNOVATE GLOBAL LIMITED","x":-159.80350991171946,"y":-76.0648627584649,"fixed":true,"size":1,"glyphs":{"0":{"draw":true,"position":"top-right","content":"3"},"1":{"draw":true,"position":"bottom-right","font":"FontAwesome","textColor":"#000","content":""}},"active":false,"color":"#420e00","icon":{"font":"FontAwesome","scale":1,"color":"#fff","content":""},"fa2_x":-154.59251685212502,"fa2_y":-57.281859231527015,"colors":{"0":"#420e00"},"read_cam0:size":5,"read_cam0:x":-159.80350991171946,"read_cam0:y":-76.0648627584649,"renderer1:x":1016.7811403343943,"renderer1:y":274.2554216609198,"renderer1:size":18.482131819340776},{"id":558531,"nodelink":{"x":37.829,"y":-4.373,"fixed":true},"geo":{"latitudeDiff":0,"longitudeDiff":0},"data":{"properties":{"name":"P.O BOX 302240; NATROBI; KENYA"},"categories":{"0":"Address"},"statistics":{"digest":{"0":{"edgeType":"registered address","nodeCategories":{"0":"Officer"},"nodes":1,"edges":1}},"edgeCount":1,"visibleEdgeCount":1,"hiddenEdgeCount":0}},"label":"P.O BOX 302240; NATROBI; KENYA","x":-55.65186524212585,"y":-75.19512042301945,"fixed":true,"size":1,"glyphs":{"0":{"draw":false,"position":"top-right","content":"0"},"1":{"draw":true,"position":"bottom-right","font":"FontAwesome","textColor":"#000","content":""}},"active":false,"color":"#937c6f","icon":{"font":"FontAwesome","scale":1,"color":"#fff","content":""},"fa2_x":37.829,"fa2_y":-4.373,"colors":{"0":"#937c6f"},"read_cam0:size":5,"read_cam0:x":-55.65186524212585,"read_cam0:y":-75.19512042301945,"renderer1:x":1550.599745516241,"renderer1:y":278.7131970695364,"renderer1:size":18.482131819340776},{"id":309354,"nodelink":{"x":-2.464,"y":-3.132},"geo":{"latitudeDiff":0,"longitudeDiff":0},"data":{"properties":{"name":"MR. RAJESH KUMAR & MRS SHILPA RAJESH RAWAL","certificateNumber":"2","numbershares":"100","classofshares":"Ordinary","dateofissue":"25-05-2006","ceasedmembership":"","transferdate":"","sharestransferred":"","newcertificate":"","custodianname":"","custodianaddress":"","citizenship":"NO","pep":"NO","rst":"NOT NEGATIVE RESULT","registerlocation":"Mr. Prashant shethia   P.O. Box 309047 Dubai   2507 D   AL OWAIS Building   AL Nahda   Sharjah"},"categories":{"0":"Officer"},"statistics":{"digest":{"0":{"edgeType":"registered address","nodeCategories":{"0":"Address"},"nodes":1,"edges":1},"1":{"edgeType":"is officer of","nodeCategories":{"0":"Company"},"nodes":1,"edges":1}},"edgeCount":2,"visibleEdgeCount":2,"hiddenEdgeCount":0}},"label":"MR. RAJESH KUMAR & MRS SHILPA RAJESH RAWAL","x":-96.74719059192375,"y":-56.278224627080746,"fixed":true,"size":1,"glyphs":{"0":{"draw":false,"position":"top-right","content":"0"},"1":{"draw":true,"position":"bottom-right","font":"FontAwesome","textColor":"#000","content":""}},"active":false,"color":"#be4400","icon":{"font":"FontAwesome","scale":1,"color":"#fff","content":""},"fa2_x":0.8742877244949341,"fa2_y":0.6946194171905518,"colors":{"0":"#be4400"},"read_cam0:size":5,"read_cam0:x":-96.74719059192375,"read_cam0:y":-56.278224627080746,"renderer1:x":1339.9698574591032,"renderer1:y":375.669812206949,"renderer1:size":18.482131819340776},{"id":57733,"nodelink":{"x":-48.496,"y":1.87,"fixed":true},"geo":{"latitudeDiff":0,"longitudeDiff":0},"data":{"properties":{"file_number":"516618","jurisdiction":"BVI","name":"HENSON SERVICES LIMITED","status":"ACT","inactivationDate":"","struck_off_date":"","registrationDate":"07-FEB-1996"},"categories":{"0":"Company"},"statistics":{"digest":{"0":{"edgeType":"is officer of","nodeCategories":{"0":"Officer"},"nodes":2,"edges":2},"1":{"edgeType":"registered","nodeCategories":{"0":"Client"},"nodes":1,"edges":1}},"edgeCount":3,"visibleEdgeCount":2,"hiddenEdgeCount":1}},"label":"HENSON SERVICES LIMITED","x":-157.41171848924446,"y":-55.625917875496654,"fixed":true,"size":1,"glyphs":{"0":{"draw":true,"position":"top-right","content":"1"},"1":{"draw":true,"position":"bottom-right","font":"FontAwesome","textColor":"#000","content":""}},"active":false,"color":"#420e00","icon":{"font":"FontAwesome","scale":1,"color":"#fff","content":""},"fa2_x":-48.496,"fa2_y":1.87,"colors":{"0":"#420e00"},"read_cam0:size":5,"read_cam0:x":-157.41171848924446,"read_cam0:y":-55.625917875496654,"renderer1:x":1029.04002270809,"renderer1:y":379.0131437634115,"renderer1:size":18.482131819340776},{"id":557869,"nodelink":{"x":4.703,"y":9.508,"fixed":true},"geo":{"latitudeDiff":0,"longitudeDiff":0},"data":{"properties":{"name":"P.O. Box 1312-00606 Nairobi (Kenya )"},"categories":{"0":"Address"},"statistics":{"digest":{"0":{"edgeType":"registered address","nodeCategories":{"0":"Officer"},"nodes":1,"edges":1}},"edgeCount":1,"visibleEdgeCount":1,"hiddenEdgeCount":0}},"label":"P.O. Box 1312-00606 Nairobi (Kenya )","x":-36.73496944618714,"y":-57.365402546387564,"fixed":true,"size":1,"glyphs":{"0":{"draw":false,"position":"top-right","content":"0"},"1":{"draw":true,"position":"bottom-right","font":"FontAwesome","textColor":"#000","content":""}},"active":false,"color":"#937c6f","icon":{"font":"FontAwesome","scale":1,"color":"#fff","content":""},"fa2_x":4.703,"fa2_y":9.508,"colors":{"0":"#937c6f"},"read_cam0:size":5,"read_cam0:x":-36.73496944618714,"read_cam0:y":-57.365402546387564,"renderer1:x":1647.5563606536537,"renderer1:y":370.0975929461782,"renderer1:size":18.482131819340776},{"id":363928,"nodelink":{"x":16.656,"y":27.781,"fixed":true},"geo":{"latitudeDiff":0,"longitudeDiff":0},"data":{"properties":{"name":"HASMUKHARAI KARSANJI MAKANJI RAWAL","certificateNumber":"1","numbershares":"100","classofshares":"ordinary","dateofissue":"15-09-2005","ceasedmembership":"","transferdate":"","sharestransferred":"","newcertificate":"","custodianname":"","custodianaddress":"","citizenship":"NO","pep":"NO","rst":"NOT NEGATIVE RESULT","registerlocation":"Plot 1   Thigiri Road   New Muthaiga   Nairobi   Kenya"},"categories":{"0":"Officer"},"statistics":{"digest":{"0":{"edgeType":"registered address","nodeCategories":{"0":"Address"},"nodes":1,"edges":1},"1":{"edgeType":"is officer of","nodeCategories":{"0":"Company"},"nodes":2,"edges":2}},"edgeCount":3,"visibleEdgeCount":3,"hiddenEdgeCount":0}},"label":"HASMUKHARAI KARSANJI MAKANJI RAWAL","x":-98.26923967895331,"y":-17.792126283619265,"fixed":true,"size":1,"glyphs":{"0":{"draw":false,"position":"top-right","content":"0"},"1":{"draw":true,"position":"bottom-right","font":"FontAwesome","textColor":"#000","content":""}},"active":false,"color":"#be4400","icon":{"font":"FontAwesome","scale":1,"color":"#fff","content":""},"fa2_x":16.656,"fa2_y":27.781,"colors":{"0":"#be4400"},"read_cam0:size":5,"read_cam0:x":-98.26923967895331,"read_cam0:y":-17.792126283619265,"renderer1:x":1332.168750494024,"renderer1:y":572.9263740382366,"renderer1:size":18.482131819340776},{"id":31289,"nodelink":{"x":-48.121,"y":28.156,"fixed":true},"geo":{"latitudeDiff":0,"longitudeDiff":0},"data":{"properties":{"file_number":"572948","jurisdiction":"BVI","name":"WINDSOR LAND INVESTMENTS LIMITED","status":"ACT","inactivationDate":"","struck_off_date":"","registrationDate":"02-SEP-2005"},"categories":{"0":"Company"},"statistics":{"digest":{"0":{"edgeType":"is officer of","nodeCategories":{"0":"Officer"},"nodes":1,"edges":1},"1":{"edgeType":"registered","nodeCategories":{"0":"Client"},"nodes":1,"edges":1}},"edgeCount":2,"visibleEdgeCount":2,"hiddenEdgeCount":0}},"label":"WINDSOR LAND INVESTMENTS LIMITED","x":-152.62813564429445,"y":-30.62082573143976,"fixed":true,"size":1,"glyphs":{"0":{"draw":false,"position":"top-right","content":"0"},"1":{"draw":true,"position":"bottom-right","font":"FontAwesome","textColor":"#000","content":""}},"active":false,"color":"#420e00","icon":{"font":"FontAwesome","scale":1,"color":"#fff","content":""},"fa2_x":-48.121,"fa2_y":28.156,"colors":{"0":"#420e00"},"read_cam0:size":5,"read_cam0:x":-152.62813564429445,"read_cam0:y":-30.62082573143976,"renderer1:x":1053.5577874554817,"renderer1:y":507.17418676114073,"renderer1:size":18.482131819340776},{"id":557482,"nodelink":{"x":48.387,"y":28.907,"fixed":true},"geo":{"latitudeDiff":0,"longitudeDiff":0},"data":{"properties":{"name":"PLOT 1; THIGIRIRIDGE ROAD; NEW MATHAIGA; NAIROBI; KENYA"},"categories":{"0":"Address"},"statistics":{"digest":{"0":{"edgeType":"registered address","nodeCategories":{"0":"Officer"},"nodes":1,"edges":1}},"edgeCount":1,"visibleEdgeCount":1,"hiddenEdgeCount":0}},"label":"PLOT 1; THIGIRIRIDGE ROAD; NEW MATHAIGA; NAIROBI; KENYA","x":-39.561632036384935,"y":-16.704948364312425,"fixed":true,"size":1,"glyphs":{"0":{"draw":false,"position":"top-right","content":"0"},"1":{"draw":true,"position":"bottom-right","font":"FontAwesome","textColor":"#000","content":""}},"active":false,"color":"#937c6f","icon":{"font":"FontAwesome","scale":1,"color":"#fff","content":""},"fa2_x":48.387,"fa2_y":28.907,"colors":{"0":"#937c6f"},"read_cam0:size":5,"read_cam0:x":-39.561632036384935,"read_cam0:y":-16.704948364312425,"renderer1:x":1633.068590575649,"renderer1:y":578.4985932990076,"renderer1:size":18.482131819340776},{"id":357071,"nodelink":{"x":6.538,"y":-15.789,"fixed":true},"geo":{"latitudeDiff":0,"longitudeDiff":0},"data":{"properties":{"name":"HASMUKHRAI K RAWAL","certificateNumber":"1","numbershares":"50","classofshares":"","dateofissue":"03-07-2008","ceasedmembership":"","transferdate":"","sharestransferred":"","newcertificate":"","custodianname":"","custodianaddress":"","citizenship":"NO","pep":"NO","rst":"NOT NEGATIVE RESULT","registerlocation":"SE POSTALE  1507 2   RUE   D'THALBERG 1211 GENEVA 1 SWITZERLAND"},"categories":{"0":"Officer"},"statistics":{"digest":{"0":{"edgeType":"registered address","nodeCategories":{"0":"Address"},"nodes":1,"edges":1},"1":{"edgeType":"is officer of","nodeCategories":{"0":"Company"},"nodes":4,"edges":4}},"edgeCount":5,"visibleEdgeCount":5,"hiddenEdgeCount":0}},"label":"HASMUKHRAI K RAWAL","x":-96.74719059192375,"y":-83.89254377747402,"fixed":true,"size":1,"glyphs":{"0":{"draw":false,"position":"top-right","content":"0"},"1":{"draw":true,"position":"bottom-right","font":"FontAwesome","textColor":"#000","content":""}},"active":false,"color":"#be4400","icon":{"font":"FontAwesome","scale":1,"color":"#fff","content":""},"fa2_x":-115.90291404707531,"fa2_y":-69.52540442299843,"colors":{"0":"#be4400"},"read_cam0:size":5,"read_cam0:x":-96.74719059192375,"read_cam0:y":-83.89254377747402,"renderer1:x":1339.9698574591032,"renderer1:y":234.13544298336973,"renderer1:size":18.482131819340776},{"id":25048,"nodelink":{"x":-46.994,"y":38.483,"fixed":true},"geo":{"latitudeDiff":0,"longitudeDiff":0},"data":{"properties":{"file_number":"592155","jurisdiction":"BVI","name":"ACTARA INVESTMENTS LIMITED","status":"MOR","inactivationDate":"02-NOV-2009","struck_off_date":"31-OCT-2009","registrationDate":"02-JAN-2008"},"categories":{"0":"Company"},"statistics":{"digest":{"0":{"edgeType":"is officer of","nodeCategories":{"0":"Officer"},"nodes":1,"edges":1},"1":{"edgeType":"registered","nodeCategories":{"0":"Client"},"nodes":1,"edges":1}},"edgeCount":2,"visibleEdgeCount":2,"hiddenEdgeCount":0}},"label":"ACTARA INVESTMENTS LIMITED","x":-153.06300681201716,"y":-44.536703098567074,"fixed":true,"size":1,"glyphs":{"0":{"draw":false,"position":"top-right","content":"0"},"1":{"draw":true,"position":"bottom-right","font":"FontAwesome","textColor":"#000","content":""}},"active":false,"color":"#420e00","icon":{"font":"FontAwesome","scale":1,"color":"#fff","content":""},"fa2_x":-46.994,"fa2_y":38.483,"colors":{"0":"#420e00"},"read_cam0:size":5,"read_cam0:x":-153.06300681201716,"read_cam0:y":-44.536703098567074,"renderer1:x":1051.3288997511736,"renderer1:y":435.849780223274,"renderer1:size":18.482131819340776},{"id":179891,"nodelink":{"x":-49.059,"y":-17.657,"fixed":true},"geo":{"latitudeDiff":0,"longitudeDiff":0},"data":{"properties":{"file_number":"595762","jurisdiction":"BVI","name":"QUINTESSA QUELLA HOLDINGS LIMITED","status":"MOR","inactivationDate":"","struck_off_date":"31-OCT-2015","registrationDate":"14-MAY-2008"},"categories":{"0":"Company"},"statistics":{"digest":{"0":{"edgeType":"is officer of","nodeCategories":{"0":"Officer"},"nodes":2,"edges":2},"1":{"edgeType":"registered","nodeCategories":{"0":"Client"},"nodes":1,"edges":1}},"edgeCount":3,"visibleEdgeCount":3,"hiddenEdgeCount":0}},"label":"QUINTESSA QUELLA HOLDINGS LIMITED","x":-162.41273691805583,"y":-100.41764815093771,"fixed":true,"size":1,"glyphs":{"0":{"draw":false,"position":"top-right","content":"0"},"1":{"draw":true,"position":"bottom-right","font":"FontAwesome","textColor":"#000","content":""}},"active":false,"color":"#420e00","icon":{"font":"FontAwesome","scale":1,"color":"#fff","content":""},"fa2_x":-161.448902159349,"fa2_y":-88.62533492169388,"colors":{"0":"#420e00"},"read_cam0:size":5,"read_cam0:x":-162.41273691805583,"read_cam0:y":-100.41764815093771,"renderer1:x":1003.4078141085442,"renderer1:y":149.437710219653,"renderer1:size":18.482131819340776},{"id":259557,"nodelink":{"x":-48.496,"y":11.07,"fixed":true},"geo":{"latitudeDiff":0,"longitudeDiff":0},"data":{"properties":{"file_number":"566099","jurisdiction":"BVI","name":"WINDSOR REAL ESTATE PARTNERS SA","status":"ACT","inactivationDate":"","struck_off_date":"","registrationDate":"23-NOV-2004"},"categories":{"0":"Company"},"statistics":{"digest":{"0":{"edgeType":"is officer of","nodeCategories":{"0":"Officer"},"nodes":1,"edges":1},"1":{"edgeType":"registered","nodeCategories":{"0":"Client"},"nodes":1,"edges":1}},"edgeCount":2,"visibleEdgeCount":2,"hiddenEdgeCount":0}},"label":"WINDSOR REAL ESTATE PARTNERS SA","x":-158.2814608246899,"y":-63.2361633106444,"fixed":true,"size":1,"glyphs":{"0":{"draw":false,"position":"top-right","content":"0"},"1":{"draw":true,"position":"bottom-right","font":"FontAwesome","textColor":"#000","content":""}},"active":false,"color":"#420e00","icon":{"font":"FontAwesome","scale":1,"color":"#fff","content":""},"fa2_x":-48.496,"fa2_y":11.07,"colors":{"0":"#420e00"},"read_cam0:size":5,"read_cam0:x":-158.2814608246899,"read_cam0:y":-63.2361633106444,"renderer1:x":1024.5822472994735,"renderer1:y":340.00760893801566,"renderer1:size":18.482131819340776},{"id":557481,"nodelink":{"x":41.64,"y":-13.881,"fixed":true},"geo":{"latitudeDiff":0,"longitudeDiff":0},"data":{"properties":{"name":"PLOT 1 THIGIRI RIDGE ROAD; CORNER PEPONI ROAD; NAIROBI; KENYA"},"categories":{"0":"Address"},"statistics":{"digest":{"0":{"edgeType":"registered address","nodeCategories":{"0":"Officer"},"nodes":1,"edges":1}},"edgeCount":1,"visibleEdgeCount":1,"hiddenEdgeCount":0}},"label":"PLOT 1 THIGIRI RIDGE ROAD; CORNER PEPONI ROAD; NAIROBI; KENYA","x":-54.99955849054176,"y":-83.67510819361264,"fixed":true,"size":1,"glyphs":{"0":{"draw":false,"position":"top-right","content":"0"},"1":{"draw":true,"position":"bottom-right","font":"FontAwesome","textColor":"#000","content":""}},"active":false,"color":"#937c6f","icon":{"font":"FontAwesome","scale":1,"color":"#fff","content":""},"fa2_x":41.64,"fa2_y":-13.881,"colors":{"0":"#937c6f"},"read_cam0:size":5,"read_cam0:x":-54.99955849054176,"read_cam0:y":-83.67510819361264,"renderer1:x":1553.9430770727035,"renderer1:y":235.24988683552397,"renderer1:size":18.482131819340776},{"id":331503,"nodelink":{"x":3.138,"y":-67.225,"fixed":true},"geo":{"latitudeDiff":0,"longitudeDiff":0},"data":{"properties":{"name":"Mr Hashmukhrai Karsanji Makanji Rawal","certificateNumber":"2","numbershares":"100","classofshares":"","dateofissue":"14-11-2011","ceasedmembership":"25-03-2014","transferdate":"","sharestransferred":"","newcertificate":"","custodianname":"","custodianaddress":"","citizenship":"NO","pep":"NO","rst":"NOT NEGATIVE RESULT","registerlocation":"Esentai Tower  77/7 Al-Farabi Ave. Almaty  Kazakhstan 050040"},"categories":{"0":"Officer"},"statistics":{"digest":{"0":{"edgeType":"registered address","nodeCategories":{"0":"Address"},"nodes":1,"edges":1},"1":{"edgeType":"is officer of","nodeCategories":{"0":"Company"},"nodes":2,"edges":2}},"edgeCount":3,"visibleEdgeCount":3,"hiddenEdgeCount":0}},"label":"Mr Hashmukhrai Karsanji Makanji Rawal","x":-96.31231942420104,"y":-103.02687515727408,"fixed":true,"size":1,"glyphs":{"0":{"draw":false,"position":"top-right","content":"0"},"1":{"draw":true,"position":"bottom-right","font":"FontAwesome","textColor":"#000","content":""}},"active":false,"color":"#be4400","icon":{"font":"FontAwesome","scale":1,"color":"#fff","content":""},"fa2_x":-74.51973129990189,"fa2_y":-97.93042926721216,"colors":{"0":"#be4400"},"read_cam0:size":5,"read_cam0:x":-96.31231942420104,"read_cam0:y":-103.02687515727408,"renderer1:x":1342.1987451634113,"renderer1:y":136.06438399380295,"renderer1:size":18.482131819340776},{"id":65174,"nodelink":{"x":-60.513,"y":-33.804,"fixed":true},"geo":{"latitudeDiff":0,"longitudeDiff":0},"data":{"properties":{"file_number":"544786","jurisdiction":"BVI","name":"FORRELL REAL ESTATE INC.","status":"ACT","inactivationDate":"","struck_off_date":"","registrationDate":"07-SEP-2001"},"categories":{"0":"Company"},"statistics":{"digest":{"0":{"edgeType":"is officer of","nodeCategories":{"0":"Officer"},"nodes":6,"edges":6},"1":{"edgeType":"registered","nodeCategories":{"0":"Client"},"nodes":1,"edges":1}},"edgeCount":7,"visibleEdgeCount":2,"hiddenEdgeCount":5}},"label":"FORRELL REAL ESTATE INC.","x":-164.38735300530215,"y":-112.86755440080731,"fixed":true,"size":1,"glyphs":{"0":{"draw":true,"position":"top-right","content":"5"},"1":{"draw":true,"position":"bottom-right","font":"FontAwesome","textColor":"#000","content":""}},"active":false,"color":"#420e00","icon":{"font":"FontAwesome","scale":1,"color":"#fff","content":""},"fa2_x":-164.38735300530215,"fa2_y":-112.86755440080731,"colors":{"0":"#420e00"},"read_cam0:size":5,"read_cam0:x":-164.38735300530215,"read_cam0:y":-112.86755440080731,"renderer1:x":993.2871212591187,"renderer1:y":85.62698874680814,"renderer1:size":18.482131819340776},{"id":537456,"nodelink":{"x":47.261,"y":-58.776,"fixed":true},"geo":{"latitudeDiff":0,"longitudeDiff":0},"data":{"properties":{"name":"Flat 35; Albert Court; 2 Palgrave Gardens; London NW1 6EN; United Kingdom"},"categories":{"0":"Address"},"statistics":{"digest":{"0":{"edgeType":"registered address","nodeCategories":{"0":"Officer"},"nodes":2,"edges":2}},"edgeCount":2,"visibleEdgeCount":1,"hiddenEdgeCount":1}},"label":"Flat 35; Albert Court; 2 Palgrave Gardens; London NW1 6EN; United Kingdom","x":-45.785275967629175,"y":-103.1699529899089,"fixed":true,"size":1,"glyphs":{"0":{"draw":true,"position":"top-right","content":"1"},"1":{"draw":true,"position":"bottom-right","font":"FontAwesome","textColor":"#000","content":""}},"active":true,"color":"#937c6f","icon":{"font":"FontAwesome","scale":1,"color":"#fff","content":""},"fa2_x":47.261,"fa2_y":-58.776,"colors":{"0":"#937c6f"},"read_cam0:size":5,"read_cam0:x":-45.785275967629175,"read_cam0:y":-103.1699529899089,"renderer1:x":1601.1699399776219,"renderer1:y":135.33105319243293,"renderer1:size":18.482131819340776},{"id":16616,"nodelink":{"x":-49.247,"y":67.961,"fixed":true},"geo":{"latitudeDiff":0,"longitudeDiff":0},"data":{"properties":{"file_number":"512237","jurisdiction":"BVI","name":"UBIQUE SERVICES LIMITED","status":"MOR","inactivationDate":"06-JUL-2001","struck_off_date":"30-APR-2002","registrationDate":"14-OCT-1994"},"categories":{"0":"Company"},"statistics":{"digest":{"0":{"edgeType":"is officer of","nodeCategories":{"0":"Officer"},"nodes":5,"edges":5},"1":{"edgeType":"registered","nodeCategories":{"0":"Client"},"nodes":1,"edges":1}},"edgeCount":6,"visibleEdgeCount":6,"hiddenEdgeCount":0}},"label":"UBIQUE SERVICES LIMITED","x":-153.63332556286588,"y":-6.193682587740376,"fixed":true,"size":1,"glyphs":{"0":{"draw":false,"position":"top-right","content":"0"},"1":{"draw":true,"position":"bottom-right","font":"FontAwesome","textColor":"#000","content":""}},"active":false,"color":"#420e00","icon":{"font":"FontAwesome","scale":1,"color":"#fff","content":""},"fa2_x":-49.247,"fa2_y":67.961,"colors":{"0":"#420e00"},"read_cam0:size":5,"read_cam0:x":-153.63332556286588,"read_cam0:y":-6.193682587740376,"renderer1:x":1048.405789309155,"renderer1:y":632.3730112531919,"renderer1:size":18.482131819340776},{"id":583530,"nodelink":{"x":-86.236,"y":61.39,"fixed":true},"geo":{"latitudeDiff":0,"longitudeDiff":0},"data":{"properties":{"name":"QUORUM TRUST GROUP","status":"SUSPENDED","client_number":"1230","client_name":"QUORUM TRUST GROUP","prospect_date":"","active_since":"","country":"UNITED KINGDOM","city":"ST. HELIER","former_name":"HILGROVE TRUST LIMITED","cross_reference":"SALAMANCA GROUP TRUST JERSEY LTD","activity":"TRUST CO.","classification":"Professional","subclassification":"Professional Fees","region":"CHANNEL ISLANDS & ISLE OF MAN PROFESSIONAL CLIENTS","compliance_classification":"INTERMEDIARY"},"categories":{"0":"Client"},"statistics":{"digest":{"0":{"edgeType":"registered","nodeCategories":{"0":"Company"},"nodes":70,"edges":70}},"edgeCount":70,"visibleEdgeCount":1,"hiddenEdgeCount":69}},"label":"QUORUM TRUST GROUP","x":-180.1604667939523,"y":-14.673670358333585,"fixed":true,"size":1,"glyphs":{"0":{"draw":true,"position":"top-right","content":"69"},"1":{"draw":true,"position":"bottom-right","font":"FontAwesome","textColor":"#000","content":""}},"active":false,"color":"#851d00","icon":{"font":"FontAwesome","scale":1,"color":"#fff","content":""},"fa2_x":-86.236,"fa2_y":61.39,"colors":{"0":"#851d00"},"read_cam0:size":5,"read_cam0:x":-180.1604667939523,"read_cam0:y":-14.673670358333585,"renderer1:x":912.4436393463463,"renderer1:y":588.9097010191792,"renderer1:size":18.482131819340776},{"id":497505,"nodelink":{"x":-4.083,"y":19.639,"fixed":true},"geo":{"latitudeDiff":0,"longitudeDiff":0},"data":{"properties":{"name":"MR. HASMUKHRAI K. RAWAL","certificateNumber":"1","numbershares":"100","classofshares":"","dateofissue":"30-03-2004","ceasedmembership":"","transferdate":"","sharestransferred":"","newcertificate":"","custodianname":"","custodianaddress":"","citizenship":"NO","pep":"NO","rst":"NOT NEGATIVE RESULT","registerlocation":""},"categories":{"0":"Officer"},"statistics":{"digest":{"0":{"edgeType":"is officer of","nodeCategories":{"0":"Company"},"nodes":2,"edges":2}},"edgeCount":2,"visibleEdgeCount":2,"hiddenEdgeCount":0}},"label":"MR. HASMUKHRAI K. RAWAL","x":-100.87846668528968,"y":-38.44850675044887,"fixed":true,"size":1,"glyphs":{"0":{"draw":false,"position":"top-right","content":"0"},"1":{"draw":true,"position":"bottom-right","font":"FontAwesome","textColor":"#000","content":""}},"active":false,"color":"#be4400","icon":{"font":"FontAwesome","scale":1,"color":"#fff","content":""},"fa2_x":-4.083,"fa2_y":19.639,"colors":{"0":"#be4400"},"read_cam0:size":5,"read_cam0:x":-100.87846668528968,"read_cam0:y":-38.44850675044887,"renderer1:x":1318.795424268174,"renderer1:y":467.05420808359077,"renderer1:size":18.482131819340776},{"id":383392,"nodelink":{"x":6.592,"y":-22.724,"fixed":true},"geo":{"latitudeDiff":0,"longitudeDiff":0},"data":{"properties":{"name":"VINAYAK K RADIA","certificateNumber":"2","numbershares":"50","classofshares":"","dateofissue":"03-07-2008","ceasedmembership":"","transferdate":"","sharestransferred":"","newcertificate":"","custodianname":"","custodianaddress":"","citizenship":"NO","pep":"NO","rst":"NOT NEGATIVE RESULT","registerlocation":"SE POSTALE  1507 2   RUE   D'THALBERG 1211 GENEVA 1 SWITZERLAND"},"categories":{"0":"Officer"},"statistics":{"digest":{"0":{"edgeType":"registered address","nodeCategories":{"0":"Address"},"nodes":1,"edges":1},"1":{"edgeType":"is officer of","nodeCategories":{"0":"Company"},"nodes":1,"edges":1}},"edgeCount":2,"visibleEdgeCount":2,"hiddenEdgeCount":0}},"label":"VINAYAK K RADIA","x":-96.96462617578511,"y":-91.50278921262176,"fixed":true,"size":1,"glyphs":{"0":{"draw":false,"position":"top-right","content":"0"},"1":{"draw":true,"position":"bottom-right","font":"FontAwesome","textColor":"#000","content":""}},"active":false,"color":"#be4400","icon":{"font":"FontAwesome","scale":1,"color":"#fff","content":""},"fa2_x":-116.63752675856358,"fa2_y":-76.62666063405189,"colors":{"0":"#be4400"},"read_cam0:size":5,"read_cam0:x":-96.96462617578511,"read_cam0:y":-91.50278921262176,"renderer1:x":1338.855413606949,"renderer1:y":195.1299081579739,"renderer1:size":18.482131819340776},{"id":559232,"nodelink":{"x":42.57,"y":-22.214,"fixed":true},"geo":{"latitudeDiff":0,"longitudeDiff":0},"data":{"properties":{"name":"PO Box 49473; Nairobi; Kenya"},"categories":{"0":"Address"},"statistics":{"digest":{"0":{"edgeType":"registered address","nodeCategories":{"0":"Officer"},"nodes":1,"edges":1}},"edgeCount":1,"visibleEdgeCount":1,"hiddenEdgeCount":0}},"label":"PO Box 49473; Nairobi; Kenya","x":-49.12879772628493,"y":-91.50278921262176,"fixed":true,"size":1,"glyphs":{"0":{"draw":false,"position":"top-right","content":"0"},"1":{"draw":true,"position":"bottom-right","font":"FontAwesome","textColor":"#000","content":""}},"active":false,"color":"#937c6f","icon":{"font":"FontAwesome","scale":1,"color":"#fff","content":""},"fa2_x":42.57,"fa2_y":-22.214,"colors":{"0":"#937c6f"},"read_cam0:size":5,"read_cam0:x":-49.12879772628493,"read_cam0:y":-91.50278921262176,"renderer1:x":1584.033061080866,"renderer1:y":195.1299081579739,"renderer1:size":18.482131819340776}],"edges":[{"id":270975,"source":331503,"target":537456,"data":{"properties":{},"type":"registered address"},"label":"registered address","size":1,"active":false,"color":"#baaba3","hover":false,"read_cam0:size":2,"renderer1:size":7.392852727736311},{"id":676347,"source":587887,"target":57733,"data":{"properties":{},"type":"registered"},"label":"registered","size":1,"active":false,"color":"#8a6960","hover":false,"read_cam0:size":2,"renderer1:size":7.392852727736311},{"id":694194,"source":587887,"target":101476,"data":{"properties":{},"type":"registered"},"label":"registered","size":1,"active":false,"color":"#8a6960","hover":false,"read_cam0:size":2,"renderer1:size":7.392852727736311},{"id":694736,"source":587887,"target":65174,"data":{"properties":{},"type":"registered"},"label":"registered","size":1,"active":false,"color":"#8a6960","hover":false,"read_cam0:size":2,"renderer1:size":7.392852727736311},{"id":708883,"source":587887,"target":92277,"data":{"properties":{},"type":"registered"},"label":"registered","size":1,"active":false,"color":"#8a6960","hover":false,"read_cam0:size":2,"renderer1:size":7.392852727736311},{"id":715958,"source":587887,"target":203035,"data":{"properties":{},"type":"registered"},"label":"registered","size":1,"active":false,"color":"#8a6960","hover":false,"read_cam0:size":2,"renderer1:size":7.392852727736311},{"id":727752,"source":587887,"target":31289,"data":{"properties":{},"type":"registered"},"label":"registered","size":1,"active":false,"color":"#8a6960","hover":false,"read_cam0:size":2,"renderer1:size":7.392852727736311},{"id":729287,"source":587887,"target":25048,"data":{"properties":{},"type":"registered"},"label":"registered","size":1,"active":false,"color":"#8a6960","hover":false,"read_cam0:size":2,"renderer1:size":7.392852727736311},{"id":733334,"source":587887,"target":179891,"data":{"properties":{},"type":"registered"},"label":"registered","size":1,"active":false,"color":"#8a6960","hover":false,"read_cam0:size":2,"renderer1:size":7.392852727736311},{"id":805912,"source":587887,"target":259557,"data":{"properties":{},"type":"registered"},"label":"registered","size":1,"active":false,"color":"#8a6960","hover":false,"read_cam0:size":2,"renderer1:size":7.392852727736311},{"id":665886,"source":583530,"target":16616,"data":{"properties":{},"type":"registered"},"label":"registered","size":1,"active":false,"color":"#8a6960","hover":false,"read_cam0:size":2,"renderer1:size":7.392852727736311},{"id":831502,"source":363928,"target":557482,"data":{"properties":{},"type":"registered address"},"label":"registered address","size":1,"active":false,"color":"#baaba3","hover":false,"read_cam0:size":2,"renderer1:size":7.392852727736311},{"id":293517,"source":309354,"target":557869,"data":{"properties":{},"type":"registered address"},"label":"registered address","size":1,"active":false,"color":"#baaba3","hover":false,"read_cam0:size":2,"renderer1:size":7.392852727736311},{"id":827970,"source":357071,"target":557481,"data":{"properties":{},"type":"registered address"},"label":"registered address","size":1,"active":false,"color":"#baaba3","hover":false,"read_cam0:size":2,"renderer1:size":7.392852727736311},{"id":866344,"source":361640,"target":557550,"data":{"properties":{},"type":"registered address"},"label":"registered address","size":1,"active":false,"color":"#baaba3","hover":false,"read_cam0:size":2,"renderer1:size":7.392852727736311},{"id":286856,"source":320280,"target":558531,"data":{"properties":{},"type":"registered address"},"label":"registered address","size":1,"active":false,"color":"#baaba3","hover":false,"read_cam0:size":2,"renderer1:size":7.392852727736311},{"id":319024,"source":383392,"target":559232,"data":{"properties":{},"type":"registered address"},"label":"registered address","size":1,"active":false,"color":"#baaba3","hover":false,"read_cam0:size":2,"renderer1:size":7.392852727736311},{"id":68527,"source":331503,"target":16616,"data":{"properties":{"name":"Director / Shareholder"},"type":"is officer of"},"label":"Director / Shareholder","size":1,"color":"#d48a60","active":false,"hover":false,"read_cam0:size":2,"renderer1:size":7.392852727736311},{"id":406180,"source":331503,"target":65174,"data":{"properties":{"name":"Shareholder"},"type":"is officer of"},"label":"Shareholder","size":1,"color":"#d48a60","active":false,"hover":false,"read_cam0:size":2,"renderer1:size":7.392852727736311},{"id":68524,"source":357071,"target":16616,"data":{"properties":{"name":"Director / Shareholder"},"type":"is officer of"},"label":"Director / Shareholder","size":1,"color":"#d48a60","active":false,"hover":false,"read_cam0:size":2,"renderer1:size":7.392852727736311},{"id":395415,"source":383392,"target":179891,"data":{"properties":{"name":"Shareholder"},"type":"is officer of"},"label":"Shareholder","size":1,"color":"#d48a60","active":false,"hover":false,"read_cam0:size":2,"renderer1:size":7.392852727736311},{"id":395416,"source":357071,"target":179891,"data":{"properties":{"name":"Shareholder"},"type":"is officer of"},"label":"Shareholder","size":1,"color":"#d48a60","active":false,"hover":false,"read_cam0:size":2,"renderer1:size":7.392852727736311},{"id":526490,"source":357071,"target":259557,"data":{"properties":{"name":"Shareholder"},"type":"is officer of"},"label":"Shareholder","size":1,"color":"#d48a60","active":false,"hover":false,"read_cam0:size":2,"renderer1:size":7.392852727736311},{"id":543832,"source":357071,"target":25048,"data":{"properties":{"name":"Shareholder"},"type":"is officer of"},"label":"Shareholder","size":1,"color":"#d48a60","active":false,"hover":false,"read_cam0:size":2,"renderer1:size":7.392852727736311},{"id":417834,"source":320280,"target":101476,"data":{"properties":{"name":"Shareholder"},"type":"is officer of"},"label":"Shareholder","size":1,"color":"#d48a60","active":false,"hover":false,"read_cam0:size":2,"renderer1:size":7.392852727736311},{"id":437376,"source":309354,"target":57733,"data":{"properties":{"name":"Shareholder"},"type":"is officer of"},"label":"Shareholder","size":1,"color":"#d48a60","active":false,"hover":false,"read_cam0:size":2,"renderer1:size":7.392852727736311},{"id":68528,"source":497505,"target":16616,"data":{"properties":{"name":"Director / Shareholder"},"type":"is officer of"},"label":"Director / Shareholder","size":1,"color":"#d48a60","active":false,"hover":false,"read_cam0:size":2,"renderer1:size":7.392852727736311},{"id":461163,"source":497505,"target":92277,"data":{"properties":{"name":"Shareholder"},"type":"is officer of"},"label":"Shareholder","size":1,"color":"#d48a60","active":false,"hover":false,"read_cam0:size":2,"renderer1:size":7.392852727736311},{"id":68525,"source":363928,"target":16616,"data":{"properties":{"name":"Director / Shareholder"},"type":"is officer of"},"label":"Director / Shareholder","size":1,"color":"#d48a60","active":false,"hover":false,"read_cam0:size":2,"renderer1:size":7.392852727736311},{"id":433982,"source":363928,"target":31289,"data":{"properties":{"name":"Shareholder"},"type":"is officer of"},"label":"Shareholder","size":1,"color":"#d48a60","active":false,"hover":false,"read_cam0:size":2,"renderer1:size":7.392852727736311},{"id":68526,"source":361640,"target":16616,"data":{"properties":{"name":"Director / Shareholder"},"type":"is officer of"},"label":"Director / Shareholder","size":1,"color":"#d48a60","active":false,"hover":false,"read_cam0:size":2,"renderer1:size":7.392852727736311},{"id":535778,"source":361640,"target":203035,"data":{"properties":{"name":"Shareholder"},"type":"is officer of"},"label":"Shareholder","size":1,"color":"#d48a60","active":false,"hover":false,"read_cam0:size":2,"renderer1:size":7.392852727736311}]}