{"nodes":[{"id":259905,"nodelink":{"x":-35.744,"y":-43.773,"fixed":true},"geo":{"latitudeDiff":0,"longitudeDiff":0},"data":{"properties":{"file_number":"595252","jurisdiction":"BVI","name":"BALTIMORE ALLIANCE INC.","status":"MOR","inactivationDate":"06-NOV-2014","struck_off_date":"31-OCT-2014","registrationDate":"07-JAN-2008"},"categories":{"0":"Company"},"statistics":{"digest":{"0":{"edgeType":"is officer of","nodeCategories":{"0":"Officer"},"nodes":6,"edges":7},"1":{"edgeType":"registered","nodeCategories":{"0":"Client"},"nodes":1,"edges":1}},"edgeCount":8,"visibleEdgeCount":4,"hiddenEdgeCount":4}},"label":"BALTIMORE ALLIANCE INC.","x":-50.578458208789066,"y":34.95111709724595,"fixed":true,"size":1,"glyphs":{"0":{"draw":true,"position":"top-right","content":"4"},"1":{"draw":true,"position":"bottom-right","font":"FontAwesome","textColor":"#000","content":""}},"color":"#420e00","icon":{"font":"FontAwesome","scale":1,"color":"#fff","content":""},"active":true,"fa2_x":-66.50987870561359,"fa2_y":-55.10301703453227,"colors":{"0":"#420e00"},"read_cam0:size":5,"read_cam0:x":-50.578458208789066,"read_cam0:y":34.95111709724595,"renderer1:x":1015.5655724421133,"renderer1:y":432.75381993111137,"renderer1:size":23.48058991876637},{"id":382984,"nodelink":{"x":48.559,"y":16.278,"fixed":true},"geo":{"latitudeDiff":0,"longitudeDiff":0},"data":{"properties":{"name":"Nurali Aliyev","certificateNumber":"5","numbershares":"1,000","classofshares":"","dateofissue":"11-06-2008","ceasedmembership":"11-02-2009","transferdate":"","sharestransferred":"","newcertificate":"","custodianname":"","custodianaddress":"","citizenship":"NO","pep":"NO","rst":"NOT NEGATIVE RESULT","registerlocation":"BCP ABOGADOS & SOLICITORS AVD. RICARDO SORIANO  12  EDIF. MARQUÉS DE SALAMANCA 1º 1    MARBELLA   ANDALUCIA ESPAÑA"},"categories":{"0":"Officer"},"statistics":{"digest":{"0":{"edgeType":"has similar name and address as","nodeCategories":{"0":"Officer"},"nodes":1,"edges":1},"1":{"edgeType":"registered address","nodeCategories":{"0":"Address"},"nodes":1,"edges":1},"2":{"edgeType":"is officer of","nodeCategories":{"0":"Company"},"nodes":2,"edges":3}},"edgeCount":5,"visibleEdgeCount":5,"hiddenEdgeCount":0}},"label":"Nurali Aliyev","x":6.668127996483804,"y":37.29302289655257,"fixed":true,"size":1,"glyphs":{"0":{"draw":false,"position":"top-right","content":"0"},"1":{"draw":true,"position":"bottom-right","font":"FontAwesome","textColor":"#000","content":""}},"color":"#be4400","icon":{"font":"FontAwesome","scale":1,"color":"#fff","content":""},"fa2_x":2.829743870804762,"fa2_y":-35.78835893525141,"active":false,"colors":{"0":"#be4400"},"read_cam0:size":5,"read_cam0:x":6.668127996483804,"read_cam0:y":37.29302289655257,"renderer1:x":1411.317776950515,"renderer1:y":448.94368284281876,"renderer1:size":23.48058991876637},{"id":382986,"nodelink":{"x":46.692,"y":-5.191,"fixed":true},"geo":{"latitudeDiff":0,"longitudeDiff":0},"data":{"properties":{"name":"Greatex Trade & Invest Corp","certificateNumber":"7","numbershares":"10,111","classofshares":"","dateofissue":"11-02-2009","ceasedmembership":"25-07-2011","transferdate":"","sharestransferred":"","newcertificate":"","custodianname":"","custodianaddress":"","citizenship":"NO","pep":"NO","rst":"NOT NEGATIVE RESULT","registerlocation":"BCP ABOGADOS & SOLICITORS AVD. RICARDO SORIANO  12  EDIF. MARQUÉS DE SALAMANCA 1º 1    MARBELLA   ANDALUCIA ESPAÑA"},"categories":{"0":"Officer"},"statistics":{"digest":{"0":{"edgeType":"registered address","nodeCategories":{"0":"Address"},"nodes":1,"edges":1},"1":{"edgeType":"is officer of","nodeCategories":{"0":"Company"},"nodes":1,"edges":1}},"edgeCount":2,"visibleEdgeCount":2,"hiddenEdgeCount":0}},"label":"Greatex Trade & Invest Corp","x":-44.07316432182624,"y":62.01313966701137,"fixed":true,"size":1,"glyphs":{"0":{"draw":false,"position":"top-right","content":"0"},"1":{"draw":true,"position":"bottom-right","font":"FontAwesome","textColor":"#000","content":""}},"color":"#be4400","icon":{"font":"FontAwesome","scale":1,"color":"#fff","content":""},"fa2_x":2.636597289811945,"fa2_y":-42.548489269999706,"active":false,"colors":{"0":"#be4400"},"read_cam0:size":5,"read_cam0:x":-44.07316432182624,"read_cam0:y":62.01313966701137,"renderer1:x":1060.5374138635225,"renderer1:y":619.8366802441744,"renderer1:size":23.48058991876637},{"id":586036,"nodelink":{"x":-76.69,"y":-62.01,"fixed":true},"geo":{"latitudeDiff":0,"longitudeDiff":0},"data":{"properties":{"name":"BCP ABOGADOS & SOLICITORS","status":"SUSPENDED","client_number":"18026","client_name":"BCP ABOGADOS & SOLICITORS","prospect_date":"","active_since":"","country":"SPAIN","city":"MARBELLA","former_name":"CUATRO PUERTOS ABOGADOS S.L.U.P.","cross_reference":"","activity":"LAW FIRM","classification":"Special rates","subclassification":"","region":"PROFESSIONAL CLIENTS","compliance_classification":"INTRODUCER"},"categories":{"0":"Client"},"statistics":{"digest":{"0":{"edgeType":"registered","nodeCategories":{"0":"Company"},"nodes":1,"edges":1}},"edgeCount":1,"visibleEdgeCount":1,"hiddenEdgeCount":0}},"label":"BCP ABOGADOS & SOLICITORS","x":-78.68132780046847,"y":24.282435122626886,"fixed":true,"size":1,"glyphs":{"0":{"draw":false,"position":"top-right","content":"0"},"1":{"draw":true,"position":"bottom-right","font":"FontAwesome","textColor":"#000","content":""}},"color":"#851d00","icon":{"font":"FontAwesome","scale":1,"color":"#fff","content":""},"fa2_x":-76.69,"fa2_y":-62.01,"active":false,"colors":{"0":"#851d00"},"read_cam0:size":5,"read_cam0:x":-78.68132780046847,"read_cam0:y":24.282435122626886,"renderer1:x":821.2872175016252,"renderer1:y":359,"renderer1:size":23.48058991876637},{"id":500833,"nodelink":{"x":111.409,"y":22.189,"fixed":true},"geo":{"latitudeDiff":0,"longitudeDiff":0},"data":{"properties":{"name":"105A Luganskogo str, Almaty Kazakhstan"},"categories":{"0":"Address"},"statistics":{"digest":{"0":{"edgeType":"registered address","nodeCategories":{"0":"Officer"},"nodes":2,"edges":2}},"edgeCount":2,"visibleEdgeCount":2,"hiddenEdgeCount":0}},"label":"105A Luganskogo str, Almaty Kazakhstan","x":54.026667493573186,"y":20.3792587904492,"fixed":true,"size":1,"glyphs":{"0":{"draw":false,"position":"top-right","content":"0"},"1":{"draw":true,"position":"bottom-right","font":"FontAwesome","textColor":"#000","content":""}},"color":"#937c6f","icon":{"font":"FontAwesome","scale":1,"color":"#fff","content":""},"fa2_x":51.69582886198536,"fa2_y":-7.202664948315729,"active":false,"colors":{"0":"#937c6f"},"read_cam0:size":5,"read_cam0:x":54.026667493573186,"read_cam0:y":20.3792587904492,"renderer1:x":1738.7127824983747,"renderer1:y":332.01689514715446,"renderer1:size":23.48058991876637},{"id":164376,"nodelink":{"x":-27.486,"y":50.162,"fixed":true},"geo":{"latitudeDiff":0,"longitudeDiff":0},"data":{"properties":{"file_number":"6041727","jurisdiction":"BVI","name":"Alba International Holdings Ltd.","status":"ACT","inactivationDate":"","struck_off_date":"","registrationDate":"04-SEP-2014"},"categories":{"0":"Company"},"statistics":{"digest":{"0":{"edgeType":"is officer of","nodeCategories":{"0":"Officer"},"nodes":4,"edges":4},"1":{"edgeType":"registered","nodeCategories":{"0":"Client"},"nodes":1,"edges":1}},"edgeCount":5,"visibleEdgeCount":5,"hiddenEdgeCount":0}},"label":"Alba International Holdings Ltd.","x":-50.285565902217655,"y":-5.6574923003732565,"fixed":true,"size":1,"glyphs":{"0":{"draw":false,"position":"top-right","content":"0"},"1":{"draw":true,"position":"bottom-right","font":"FontAwesome","textColor":"#000","content":""}},"color":"#420e00","icon":{"font":"FontAwesome","scale":1,"color":"#fff","content":""},"fa2_x":-50.285565902217655,"fa2_y":-5.6574923003732565,"active":false,"colors":{"0":"#420e00"},"read_cam0:size":5,"read_cam0:x":-50.285565902217655,"read_cam0:y":-5.6574923003732565,"renderer1:x":1017.5903704902196,"renderer1:y":152.0218539497384,"renderer1:size":23.48058991876637},{"id":419470,"nodelink":{"x":49.804,"y":47.703,"fixed":true},"geo":{"latitudeDiff":0,"longitudeDiff":0},"data":{"properties":{"name":"INVIGORATE GROUP LTD","certificateNumber":"1","numbershares":"1","classofshares":"ordinary","dateofissue":"15-09-2014","ceasedmembership":"","transferdate":"","sharestransferred":"","newcertificate":"","custodianname":"","custodianaddress":"","citizenship":"YES","pep":"NO","rst":"NOT NEGATIVE RESULT(SEARCHES CONDUCTED)","registerlocation":"25-28 Old Burlington Street   London   W1 S 3AN   United Kingdom"},"categories":{"0":"Officer"},"statistics":{"digest":{"0":{"edgeType":"registered address","nodeCategories":{"0":"Address"},"nodes":1,"edges":1},"1":{"edgeType":"is officer of","nodeCategories":{"0":"Company"},"nodes":1,"edges":1}},"edgeCount":2,"visibleEdgeCount":2,"hiddenEdgeCount":0}},"label":"INVIGORATE GROUP LTD","x":5.34064942371127,"y":4.772423073238407,"fixed":true,"size":1,"glyphs":{"0":{"draw":false,"position":"top-right","content":"0"},"1":{"draw":true,"position":"bottom-right","font":"FontAwesome","textColor":"#000","content":""}},"color":"#be4400","icon":{"font":"FontAwesome","scale":1,"color":"#fff","content":""},"fa2_x":5.34064942371127,"fa2_y":4.772423073238407,"active":false,"colors":{"0":"#be4400"},"read_cam0:size":5,"read_cam0:x":5.34064942371127,"read_cam0:y":4.772423073238407,"renderer1:x":1402.1407655960106,"renderer1:y":224.12505303207416,"renderer1:size":23.48058991876637},{"id":590963,"nodelink":{"x":-76.69,"y":31.237,"fixed":true},"geo":{"latitudeDiff":0,"longitudeDiff":0},"data":{"properties":{"name":"MOSSACK FONSECA & CO. (U.K.) LIMITED","status":"ACTIVE","client_number":"6517","client_name":"MOSSACK FONSECA & CO. (U.K.) LIMITED","prospect_date":"","active_since":"25-SEP-1992","country":"UNITED KINGDOM","city":"LONDON","former_name":"RM COMPANY SERVICES LIMITED","cross_reference":"A & S TEST CLIENT","activity":"CO. FORMATION SERVICE","classification":"Special rates","subclassification":"Representative","region":"REPRESENTATIVE CLIENTS","compliance_classification":"INTRODUCER"},"categories":{"0":"Client"},"statistics":{"digest":{"0":{"edgeType":"registered","nodeCategories":{"0":"Company"},"nodes":2538,"edges":2538}},"edgeCount":2538,"visibleEdgeCount":1,"hiddenEdgeCount":2537}},"label":"MOSSACK FONSECA & CO. (U.K.) LIMITED","x":-75.55878673472631,"y":-13.968692932714625,"fixed":true,"size":1,"glyphs":{"0":{"draw":true,"position":"top-right","content":"2.537k"},"1":{"draw":true,"position":"bottom-right","font":"FontAwesome","textColor":"#000","content":""}},"color":"#851d00","icon":{"font":"FontAwesome","scale":1,"color":"#fff","content":""},"fa2_x":-76.16720775525403,"fa2_y":-33.277453382344895,"active":false,"colors":{"0":"#851d00"},"read_cam0:size":5,"read_cam0:x":-75.55878673472631,"read_cam0:y":-13.968692932714625,"renderer1:x":842.8737013839017,"renderer1:y":94.56557244211272,"renderer1:size":23.48058991876637},{"id":525046,"nodelink":{"x":114.832,"y":46.458,"fixed":true},"geo":{"latitudeDiff":0,"longitudeDiff":0},"data":{"properties":{"name":"Aleman; Cordero; Galindo & Lee Trust (BVI) Limited; P.O. Box 3175; Road Town; Tortola; British Virgin Islands"},"categories":{"0":"Address"},"statistics":{"digest":{"0":{"edgeType":"registered address","nodeCategories":{"0":"Officer"},"nodes":6,"edges":6}},"edgeCount":6,"visibleEdgeCount":1,"hiddenEdgeCount":5}},"label":"Aleman; Cordero; Galindo & Lee Trust (BVI) Limited; P.O. Box 3175; Road Town; Tortola; British Virgin Islands","x":52.275268604963784,"y":4.579276492245597,"fixed":true,"size":1,"glyphs":{"0":{"draw":true,"position":"top-right","content":"5"},"1":{"draw":true,"position":"bottom-right","font":"FontAwesome","textColor":"#000","content":""}},"color":"#937c6f","icon":{"font":"FontAwesome","scale":1,"color":"#fff","content":""},"fa2_x":52.275268604963784,"fa2_y":4.579276492245597,"active":false,"colors":{"0":"#937c6f"},"read_cam0:size":5,"read_cam0:x":52.275268604963784,"read_cam0:y":4.579276492245597,"renderer1:x":1726.6051614665218,"renderer1:y":222.7898086046235,"renderer1:size":23.48058991876637},{"id":651513,"nodelink":{"x":49.493,"y":36.191,"fixed":true},"geo":{"latitudeDiff":0,"longitudeDiff":0},"data":{"properties":{"name":"NURALI ALIYEV","citizenship":"YES","pep":"YES","passport_copy":"Y"},"categories":{"0":"Officer"},"statistics":{"digest":{"0":{"edgeType":"has similar name and address as","nodeCategories":{"0":"Officer"},"nodes":1,"edges":1},"1":{"edgeType":"registered address","nodeCategories":{"0":"Address"},"nodes":1,"edges":1},"2":{"edgeType":"is officer of","nodeCategories":{"0":"Company"},"nodes":1,"edges":1}},"edgeCount":3,"visibleEdgeCount":3,"hiddenEdgeCount":0}},"label":"NURALI ALIYEV","x":5.627280974569743,"y":19.858835279492183,"fixed":true,"size":1,"glyphs":{"0":{"draw":false,"position":"top-right","content":"0"},"1":{"draw":true,"position":"bottom-right","font":"FontAwesome","textColor":"#000","content":""}},"color":"#be4400","icon":{"font":"FontAwesome","scale":1,"color":"#fff","content":""},"fa2_x":4.374916518747227,"fa2_y":-21.88180510376919,"active":false,"colors":{"0":"#be4400"},"read_cam0:size":5,"read_cam0:x":5.627280974569743,"read_cam0:y":19.858835279492183,"renderer1:x":1404.1222823230894,"renderer1:y":328.4191478334418,"renderer1:size":23.48058991876637},{"id":659264,"nodelink":{"x":50.426,"y":62.637,"fixed":true},"geo":{"latitudeDiff":0,"longitudeDiff":0},"data":{"properties":{"name":"ASKAR TARABAYEV","citizenship":"YES","pep":"NO","passport_copy":"Y"},"categories":{"0":"Officer"},"statistics":{"digest":{"0":{"edgeType":"registered address","nodeCategories":{"0":"Address"},"nodes":1,"edges":1},"1":{"edgeType":"is officer of","nodeCategories":{"0":"Company"},"nodes":1,"edges":1}},"edgeCount":2,"visibleEdgeCount":1,"hiddenEdgeCount":1}},"label":"ASKAR TARABAYEV","x":5.147502842718453,"y":12.498286312950754,"fixed":true,"size":1,"glyphs":{"0":{"draw":true,"position":"top-right","content":"1"},"1":{"draw":true,"position":"bottom-right","font":"FontAwesome","textColor":"#000","content":""}},"color":"#be4400","icon":{"font":"FontAwesome","scale":1,"color":"#fff","content":""},"fa2_x":5.147502842718453,"fa2_y":12.498286312950754,"active":false,"colors":{"0":"#be4400"},"read_cam0:size":5,"read_cam0:x":5.147502842718453,"read_cam0:y":12.498286312950754,"renderer1:x":1400.80552116856,"renderer1:y":277.53483013010066,"renderer1:size":23.48058991876637},{"id":572674,"data":{"properties":{"name":"Sea Meadow House; Blackburne Highway (P.O. 116) Road Town; Tortola; BVI"},"categories":{"0":"Address"},"statistics":{"digest":{"0":{"edgeType":"registered address","nodeCategories":{"0":"Officer"},"nodes":2,"edges":2}},"edgeCount":2,"visibleEdgeCount":1,"hiddenEdgeCount":1}},"x":21.23998630328054,"y":62.533563177968404,"label":"Sea Meadow House; Blackburne Highway (P.O. 116) Road Town; Tortola; BVI","size":1,"glyphs":{"0":{"draw":true,"position":"top-right","content":"1"},"1":{"draw":true,"position":"bottom-right","font":"FontAwesome","textColor":"#000","content":""}},"color":"#937c6f","icon":{"font":"FontAwesome","scale":1,"color":"#fff","content":""},"fa2_x":51.88897544297818,"fa2_y":-50.66064567169767,"fixed":true,"active":false,"colors":{"0":"#937c6f"},"read_cam0:size":5,"read_cam0:x":21.23998630328054,"read_cam0:y":62.533563177968404,"renderer1:x":1512.0547017344718,"renderer1:y":623.4344275578873,"renderer1:size":23.48058991876637}],"edges":[{"id":248898,"source":382984,"target":500833,"data":{"properties":{},"type":"registered address"},"label":"registered address","size":1,"color":"#baaba3","active":false,"hover":false,"read_cam0:size":2,"renderer1:size":9.392235967506547},{"id":737411,"source":586036,"target":259905,"data":{"properties":{},"type":"registered"},"label":"registered","size":1,"color":"#8a6960","active":false,"hover":false,"read_cam0:size":2,"renderer1:size":9.392235967506547},{"id":287992,"source":419470,"target":525046,"data":{"properties":{},"type":"registered address"},"label":"registered address","size":1,"color":"#baaba3","active":false,"hover":false,"read_cam0:size":2,"renderer1:size":9.392235967506547},{"id":328471,"source":651513,"target":500833,"data":{"properties":{},"type":"registered address"},"label":"registered address","size":1,"color":"#baaba3","active":false,"hover":false,"read_cam0:size":2,"renderer1:size":9.392235967506547},{"id":764600,"source":590963,"target":164376,"data":{"properties":{},"type":"registered"},"label":"registered","size":1,"color":"#8a6960","active":false,"hover":false,"read_cam0:size":2,"renderer1:size":9.392235967506547},{"id":841894,"source":382984,"target":651513,"data":{"properties":{"simil":1},"type":"has similar name and address as"},"label":"has similar name and address as","size":1,"color":"#d48a60","active":false,"hover":false,"read_cam0:size":2,"renderer1:size":9.392235967506547},{"id":68543,"source":382984,"target":259905,"data":{"properties":{"name":"Member / Shareholder"},"type":"is officer of"},"label":"Member / Shareholder","size":1,"type":"curvedArrow","cc":{"y":null},"color":"#d48a60","active":false,"hover":false,"read_cam0:size":2,"renderer1:size":9.392235967506547},{"id":68544,"source":382984,"target":164376,"data":{"properties":{"name":"Owner"},"type":"is officer of"},"label":"Owner","size":1,"color":"#d48a60","active":false,"hover":false,"read_cam0:size":2,"renderer1:size":9.392235967506547},{"id":467466,"source":382986,"target":259905,"data":{"properties":{"name":"Shareholder"},"type":"is officer of"},"label":"Shareholder","size":1,"color":"#d48a60","active":false,"hover":false,"read_cam0:size":2,"renderer1:size":9.392235967506547},{"id":467468,"source":382984,"target":259905,"data":{"properties":{"name":"Shareholder"},"type":"is officer of"},"label":"Shareholder","size":1,"type":"curvedArrow","cc":{"y":2},"color":"#d48a60","active":false,"hover":false,"read_cam0:size":2,"renderer1:size":9.392235967506547},{"id":52017,"source":651513,"target":164376,"data":{"properties":{"name":"Beneficiay"},"type":"is officer of"},"label":"Beneficiay","size":1,"color":"#d48a60","active":false,"hover":false,"read_cam0:size":2,"renderer1:size":9.392235967506547},{"id":60928,"source":659264,"target":164376,"data":{"properties":{"name":"Beneficiay"},"type":"is officer of"},"label":"Beneficiay","size":1,"color":"#d48a60","active":false,"hover":false,"read_cam0:size":2,"renderer1:size":9.392235967506547},{"id":587793,"source":419470,"target":164376,"data":{"properties":{"name":"Shareholder"},"type":"is officer of"},"label":"Shareholder","size":1,"color":"#d48a60","active":false,"hover":false,"read_cam0:size":2,"renderer1:size":9.392235967506547},{"id":287424,"source":382986,"target":572674,"data":{"properties":{},"type":"registered address"},"label":"registered address","size":1,"color":"#baaba3","hover":false,"active":false,"read_cam0:size":2,"renderer1:size":9.392235967506547}]}