{"nodes":[{"id":4264,"nodelink":{"x":1.886,"y":-1.128},"geo":{"latitudeDiff":0,"longitudeDiff":0},"selected":true,"data":{"properties":{"file_number":"204300","jurisdiction":"SEY","name":"CADLEY HOUSE LTD.","status":"ACT","inactivationDate":"","struck_off_date":"","registrationDate":"01-FEB-2006"},"categories":{"0":"Company"},"statistics":{"digest":{"0":{"edgeType":"is officer of","nodeCategories":{"0":"Officer"},"nodes":5,"edges":5},"1":{"edgeType":"registered","nodeCategories":{"0":"Client"},"nodes":1,"edges":1}},"edgeCount":6,"visibleEdgeCount":6,"hiddenEdgeCount":0}},"label":"CADLEY HOUSE LTD.","x":-12.576130294799807,"y":27.364114093780515,"fixed":true,"size":1,"glyphs":{"0":{"draw":false,"position":"top-right","content":"0"},"1":{"draw":true,"position":"bottom-right","font":"FontAwesome","textColor":"#000","content":""}},"active":true,"color":"#420e00","icon":{"font":"FontAwesome","scale":1,"color":"#fff","content":""},"fa2_x":-24.403835582733162,"fa2_y":17.112459230422978,"colors":{"0":"#420e00"},"read_cam0:size":5,"read_cam0:x":-12.576130294799807,"read_cam0:y":27.364114093780515,"renderer1:x":1174.6202901146319,"renderer1:y":508.7194385974065,"renderer1:size":30.706789007091878},{"id":484390,"nodelink":{"x":-5.468,"y":-20.407},"geo":{"latitudeDiff":0,"longitudeDiff":0},"data":{"properties":{"name":"THE BEARER","certificateNumber":"1","numbershares":"1","classofshares":"","dateofissue":"01-02-2006","ceasedmembership":"","transferdate":"","sharestransferred":"","newcertificate":"","custodianname":"","custodianaddress":"","citizenship":"NO","pep":"NO","rst":"NOT NEGATIVE RESULT","registerlocation":""},"categories":{"0":"Officer"},"statistics":{"digest":{"0":{"edgeType":"registered address","nodeCategories":{"0":"Address"},"nodes":1,"edges":1},"1":{"edgeType":"is officer of","nodeCategories":{"0":"Company"},"nodes":1,"edges":1}},"edgeCount":2,"visibleEdgeCount":2,"hiddenEdgeCount":0}},"label":"THE BEARER","x":-11.866386413574219,"y":6.397098064422607,"size":1,"glyphs":{"0":{"draw":false,"position":"top-right","content":"0"}},"active":false,"color":"#be4400","icon":{"font":"FontAwesome","scale":1,"color":"#fff","content":""},"fa2_x":-11.866386413574219,"fa2_y":6.397098064422607,"colors":{"0":"#be4400"},"read_cam0:size":5,"read_cam0:x":-11.866386413574219,"read_cam0:y":6.397098064422607,"renderer1:x":1181.4819969308217,"renderer1:y":306.0131939794618,"renderer1:size":30.706789007091878},{"id":484391,"nodelink":{"x":4.656,"y":18.781},"geo":{"latitudeDiff":0,"longitudeDiff":0},"data":{"properties":{"name":"THE BEARER","certificateNumber":"2","numbershares":"1","classofshares":"","dateofissue":"01-02-2006","ceasedmembership":"","transferdate":"","sharestransferred":"","newcertificate":"","custodianname":"","custodianaddress":"","citizenship":"NO","pep":"NO","rst":"NOT NEGATIVE RESULT","registerlocation":""},"categories":{"0":"Officer"},"statistics":{"digest":{"0":{"edgeType":"registered address","nodeCategories":{"0":"Address"},"nodes":1,"edges":1},"1":{"edgeType":"is officer of","nodeCategories":{"0":"Company"},"nodes":1,"edges":1}},"edgeCount":2,"visibleEdgeCount":2,"hiddenEdgeCount":0}},"label":"THE BEARER","x":8.51412582397461,"y":0.09266695380210876,"size":1,"glyphs":{"0":{"draw":false,"position":"top-right","content":"0"}},"active":false,"color":"#be4400","icon":{"font":"FontAwesome","scale":1,"color":"#fff","content":""},"fa2_x":8.51412582397461,"fa2_y":0.09266695380210876,"colors":{"0":"#be4400"},"read_cam0:size":5,"read_cam0:x":8.51412582397461,"read_cam0:y":0.09266695380210876,"renderer1:x":1378.5180030691783,"renderer1:y":245.06281586666577,"renderer1:size":30.706789007091878},{"id":484392,"nodelink":{"x":-14.721,"y":-1.656},"geo":{"latitudeDiff":0,"longitudeDiff":0},"data":{"properties":{"name":"THE BEARER","certificateNumber":"3","numbershares":"1","classofshares":"","dateofissue":"01-02-2006","ceasedmembership":"","transferdate":"","sharestransferred":"","newcertificate":"","custodianname":"","custodianaddress":"","citizenship":"NO","pep":"NO","rst":"NOT NEGATIVE RESULT","registerlocation":""},"categories":{"0":"Officer"},"statistics":{"digest":{"0":{"edgeType":"registered address","nodeCategories":{"0":"Address"},"nodes":1,"edges":1},"1":{"edgeType":"is officer of","nodeCategories":{"0":"Company"},"nodes":1,"edges":1}},"edgeCount":2,"visibleEdgeCount":2,"hiddenEdgeCount":0}},"label":"THE BEARER","x":-32.24689865112305,"y":12.701529502868652,"size":1,"glyphs":{"0":{"draw":false,"position":"top-right","content":"0"}},"active":false,"color":"#be4400","icon":{"font":"FontAwesome","scale":1,"color":"#fff","content":""},"fa2_x":-32.24689865112305,"fa2_y":12.701529502868652,"colors":{"0":"#be4400"},"read_cam0:size":5,"read_cam0:x":-32.24689865112305,"read_cam0:y":12.701529502868652,"renderer1:x":984.4459907924648,"renderer1:y":366.9635752616304,"renderer1:size":30.706789007091878},{"id":484393,"nodelink":{"x":18.649,"y":-0.095},"geo":{"latitudeDiff":0,"longitudeDiff":0},"data":{"properties":{"name":"THE BEARER","certificateNumber":"4","numbershares":"1","classofshares":"","dateofissue":"01-02-2006","ceasedmembership":"","transferdate":"","sharestransferred":"","newcertificate":"","custodianname":"","custodianaddress":"","citizenship":"NO","pep":"NO","rst":"NOT NEGATIVE RESULT","registerlocation":""},"categories":{"0":"Officer"},"statistics":{"digest":{"0":{"edgeType":"registered address","nodeCategories":{"0":"Address"},"nodes":1,"edges":1},"1":{"edgeType":"is officer of","nodeCategories":{"0":"Company"},"nodes":1,"edges":1}},"edgeCount":2,"visibleEdgeCount":2,"hiddenEdgeCount":0}},"label":"THE BEARER","x":28.894638061523438,"y":-6.211764335632324,"size":1,"glyphs":{"0":{"draw":false,"position":"top-right","content":"0"}},"active":false,"color":"#be4400","icon":{"font":"FontAwesome","scale":1,"color":"#fff","content":""},"fa2_x":28.894638061523438,"fa2_y":-6.211764335632324,"colors":{"0":"#be4400"},"read_cam0:size":5,"read_cam0:x":28.894638061523438,"read_cam0:y":-6.211764335632324,"renderer1:x":1575.554009207535,"renderer1:y":184.11243602512104,"renderer1:size":30.706789007091878},{"id":586280,"nodelink":{"x":-7.29,"y":10.018},"geo":{"latitudeDiff":0,"longitudeDiff":0},"data":{"properties":{"name":"(GVA) BANQUE PASCHE CM-CIC PRIVATE BANKING","status":"ACTIVE","client_number":"29018","client_name":"(GVA) BANQUE PASCHE CM-CIC PRIVATE BANKING","prospect_date":"","active_since":"12-APR-2010","country":"MONACO","city":"MONTE CARLO","former_name":"","cross_reference":"","activity":"BANK, COMPANY & TRUST ADMINISTRATION","classification":"Special rates","subclassification":"","region":"GENEVA OFFICE PROFESSIONAL CLIENTS","compliance_classification":"INTRODUCER"},"categories":{"0":"Client"},"statistics":{"digest":{"0":{"edgeType":"registered","nodeCategories":{"0":"Company"},"nodes":1,"edges":1}},"edgeCount":1,"visibleEdgeCount":1,"hiddenEdgeCount":0}},"label":"(GVA) BANQUE PASCHE CM-CIC PRIVATE BANKING","x":-28.947473526000977,"y":37.80501937866211,"size":1,"glyphs":{"0":{"draw":false,"position":"top-right","content":"0"}},"active":false,"color":"#851d00","icon":{"font":"FontAwesome","scale":1,"color":"#fff","content":""},"fa2_x":-28.947473526000977,"fa2_y":37.80501937866211,"colors":{"0":"#851d00"},"read_cam0:size":5,"read_cam0:x":-28.947473526000977,"read_cam0:y":37.80501937866211,"renderer1:x":1016.3443818451124,"renderer1:y":609.660683538822,"renderer1:size":30.706789007091878},{"id":500243,"data":{"properties":{"name":"01 BP 2926; Abidjan 01; Cote d'Ivoire"},"categories":{"0":"Address"},"statistics":{"digest":{"0":{"edgeType":"registered address","nodeCategories":{"0":"Officer"},"nodes":4,"edges":4}},"edgeCount":4,"visibleEdgeCount":4,"hiddenEdgeCount":0}},"x":2.39074444770813,"y":-14.049392700195312,"label":"01 BP 2926; Abidjan 01; Cote d'Ivoire","size":1,"glyphs":{"0":{"draw":false,"position":"top-right","content":"0"}},"color":"#937c6f","icon":{"font":"FontAwesome","scale":1,"color":"#fff","content":""},"fa2_x":2.39074444770813,"fa2_y":-14.049392700195312,"active":false,"colors":{"0":"#937c6f"},"read_cam0:size":5,"read_cam0:x":2.39074444770813,"read_cam0:y":-14.049392700195312,"renderer1:x":1319.3179890372126,"renderer1:y":108.33931646117802,"renderer1:size":30.706789007091878},{"id":667775,"data":{"properties":{"name":"Jean-Claude N’Da Ametchi"},"categories":{"0":"Officer"},"statistics":{"digest":{"0":{"edgeType":"is officer of","nodeCategories":{"0":"Company"},"nodes":1,"edges":1}},"edgeCount":1,"visibleEdgeCount":1,"hiddenEdgeCount":0}},"x":10.923869705200186,"y":34.464114093780516,"label":"Jean-Claude N’Da Ametchi","size":1,"glyphs":{"0":{"draw":false,"position":"top-right","content":"0"},"1":{"draw":true,"position":"bottom-right","font":"FontAwesome","textColor":"#000","content":""}},"colors":{"0":"#be4400"},"color":"#be4400","icon":{"font":"FontAwesome","scale":1,"color":"#fff","content":""},"fa2_x":6.1533708572387695,"fa2_y":45.83999252319336,"fixed":true,"read_cam0:size":5,"read_cam0:x":10.923869705200186,"read_cam0:y":34.464114093780516,"renderer1:x":1401.8150774821684,"renderer1:y":577.3612679722793,"renderer1:size":30.706789007091878}],"edges":[{"id":622545,"source":586280,"target":4264,"data":{"properties":{},"type":"registered"},"label":"registered","size":1,"active":false,"color":"#8a6960","hover":false,"read_cam0:size":2,"renderer1:size":12.28271560283675},{"id":301758,"source":484393,"target":500243,"data":{"properties":{},"type":"registered address"},"label":"registered address","size":1,"color":"#baaba3","active":false,"read_cam0:size":2,"renderer1:size":12.28271560283675},{"id":440857,"source":484392,"target":4264,"data":{"properties":{"name":"Shareholder"},"type":"is officer of"},"label":"Shareholder","size":1,"color":"#d48a60","hover":false,"active":false,"read_cam0:size":2,"renderer1:size":12.28271560283675},{"id":440858,"source":484391,"target":4264,"data":{"properties":{"name":"Shareholder"},"type":"is officer of"},"label":"Shareholder","size":1,"color":"#d48a60","active":false,"hover":false,"read_cam0:size":2,"renderer1:size":12.28271560283675},{"id":440859,"source":484390,"target":4264,"data":{"properties":{"name":"Shareholder"},"type":"is officer of"},"label":"Shareholder","size":1,"color":"#d48a60","active":false,"hover":false,"read_cam0:size":2,"renderer1:size":12.28271560283675},{"id":440860,"source":484393,"target":4264,"data":{"properties":{"name":"Shareholder"},"type":"is officer of"},"label":"Shareholder","size":1,"color":"#d48a60","active":false,"hover":false,"read_cam0:size":2,"renderer1:size":12.28271560283675},{"id":816665,"source":484391,"target":500243,"data":{"properties":{},"type":"registered address"},"label":"registered address","size":1,"color":"#baaba3","active":false,"read_cam0:size":2,"renderer1:size":12.28271560283675},{"id":829387,"source":484390,"target":500243,"data":{"properties":{},"type":"registered address"},"label":"registered address","size":1,"color":"#baaba3","active":false,"read_cam0:size":2,"renderer1:size":12.28271560283675},{"id":868116,"source":484392,"target":500243,"data":{"properties":{},"type":"registered address"},"label":"registered address","size":1,"color":"#baaba3","active":false,"read_cam0:size":2,"renderer1:size":12.28271560283675},{"id":69556,"source":667775,"target":4264,"data":{"properties":{"name":"Owner","date_start":"01/02/2006","date_end":""},"type":"is officer of"},"label":"Owner","size":1,"color":"#d48a60","hover":false,"read_cam0:size":2,"renderer1:size":12.28271560283675}]}