{"nodes":[{"id":653905,"nodelink":{"x":-3.942,"y":20.488},"geo":{"latitudeDiff":0,"longitudeDiff":0},"data":{"properties":{"name":"Sheikh Hamad Bibkhalifa Binhamad Al-Thani","citizenship":"NO","pep":"NO","passport_copy":"N"},"categories":{"0":"Officer"},"statistics":{"digest":{"0":{"edgeType":"has similar name and address as","nodeCategories":{"0":"Officer"},"nodes":1,"edges":1},"1":{"edgeType":"registered address","nodeCategories":{"0":"Address"},"nodes":1,"edges":1},"2":{"edgeType":"is officer of","nodeCategories":{"0":"Company"},"nodes":1,"edges":1}},"edgeCount":3,"visibleEdgeCount":3,"hiddenEdgeCount":0}},"label":"Sheikh Hamad Bibkhalifa Binhamad Al-Thani","x":-76.04173683941649,"y":-26.451250169647217,"fixed":true,"size":1,"glyphs":{"0":{"draw":false,"position":"top-right","content":"0"},"1":{"draw":true,"position":"bottom-right","font":"FontAwesome","textColor":"#000","content":""}},"active":false,"color":"#be4400","icon":{"font":"FontAwesome","scale":1,"color":"#fff","content":""},"fa2_x":-76.04173683941649,"fa2_y":-26.451250169647217,"colors":{"0":"#be4400"},"read_cam0:size":5,"read_cam0:x":-76.04173683941649,"read_cam0:y":-26.451250169647217,"renderer1:x":1081.972465069273,"renderer1:y":455.1081556192535,"renderer1:size":12.91721905707306},{"id":226781,"nodelink":{"x":-24.446,"y":-15.767,"fixed":true},"geo":{"latitudeDiff":0,"longitudeDiff":0},"data":{"properties":{"file_number":"64160","jurisdiction":"PMA","name":"YALIS S.A.","status":"ACT","inactivationDate":"","struck_off_date":"","registrationDate":"30-SEP-2011"},"categories":{"0":"Company"},"statistics":{"digest":{"0":{"edgeType":"is officer of","nodeCategories":{"0":"Officer"},"nodes":9,"edges":11},"1":{"edgeType":"registered","nodeCategories":{"0":"Client"},"nodes":1,"edges":1}},"edgeCount":12,"visibleEdgeCount":12,"hiddenEdgeCount":0}},"label":"YALIS S.A.","x":-74.15905800109692,"y":-101.96176838472852,"fixed":true,"size":1,"glyphs":{"0":{"draw":false,"position":"top-right","content":"0"},"1":{"draw":true,"position":"bottom-right","font":"FontAwesome","textColor":"#000","content":""}},"active":true,"color":"#420e00","icon":{"font":"FontAwesome","scale":1,"color":"#fff","content":""},"fa2_x":-42.971858839416505,"fa2_y":-44.81941216964723,"colors":{"0":"#420e00"},"read_cam0:size":5,"read_cam0:x":-74.15905800109692,"read_cam0:y":-101.96176838472852,"renderer1:x":1088.1387702723412,"renderer1:y":207.7898706951886,"renderer1:size":12.91721905707306},{"id":464828,"nodelink":{"x":7.854,"y":-20.067,"fixed":true},"geo":{"latitudeDiff":0,"longitudeDiff":0},"data":{"properties":{"name":"Sheikh Hamad Bibkhalifa Binhamad Al-Thani","certificateNumber":"5","numbershares":"75","classofshares":"","dateofissue":"16-09-2013","ceasedmembership":"","transferdate":"","sharestransferred":"","newcertificate":"","custodianname":"","custodianaddress":"","citizenship":"NO","pep":"NO","rst":"NOT NEGATIVE RESULT(SEARCHES CONDUCTED)","registerlocation":""},"categories":{"0":"Officer"},"statistics":{"digest":{"0":{"edgeType":"has similar name and address as","nodeCategories":{"0":"Officer"},"nodes":1,"edges":1},"1":{"edgeType":"registered address","nodeCategories":{"0":"Address"},"nodes":1,"edges":1},"2":{"edgeType":"is officer of","nodeCategories":{"0":"Company"},"nodes":3,"edges":5}},"edgeCount":7,"visibleEdgeCount":7,"hiddenEdgeCount":0}},"label":"Sheikh Hamad Bibkhalifa Binhamad Al-Thani","x":61.81090554767327,"y":-57.27187848582976,"fixed":true,"size":1,"glyphs":{"0":{"draw":false,"position":"top-right","content":"0"},"1":{"draw":true,"position":"bottom-right","font":"FontAwesome","textColor":"#000","content":""}},"active":false,"color":"#be4400","icon":{"font":"FontAwesome","scale":1,"color":"#fff","content":""},"fa2_x":49.44026996058348,"fa2_y":-63.3127833696472,"colors":{"0":"#be4400"},"read_cam0:size":5,"read_cam0:x":61.81090554767327,"read_cam0:y":-57.27187848582976,"renderer1:x":1533.4788233002537,"renderer1:y":354.16188858757084,"renderer1:size":12.91721905707306},{"id":535279,"nodelink":{"x":-36.995,"y":9.562,"fixed":true},"geo":{"latitudeDiff":0,"longitudeDiff":0},"data":{"properties":{"name":"Doha<br/>Al Wajba Palace<br/>Qatar"},"categories":{"0":"Address"},"statistics":{"digest":{"0":{"edgeType":"registered address","nodeCategories":{"0":"Officer"},"nodes":4,"edges":4}},"edgeCount":4,"visibleEdgeCount":4,"hiddenEdgeCount":0}},"label":"Doha<br/>Al Wajba Palace<br/>Qatar","x":-60.314481910932784,"y":-2.162372167461452,"fixed":true,"size":1,"glyphs":{"0":{"draw":false,"position":"top-right","content":"0"},"1":{"draw":true,"position":"bottom-right","font":"FontAwesome","textColor":"#000","content":""}},"active":false,"color":"#937c6f","icon":{"font":"FontAwesome","scale":1,"color":"#fff","content":""},"fa2_x":-42.448517678833014,"fa2_y":-4.603539736938481,"colors":{"0":"#937c6f"},"read_cam0:size":5,"read_cam0:x":-60.314481910932784,"read_cam0:y":-2.162372167461452,"renderer1:x":1133.4836691693038,"renderer1:y":534.6610946299497,"renderer1:size":12.91721905707306},{"id":190927,"nodelink":{"x":20.534,"y":-13.148},"geo":{"latitudeDiff":0,"longitudeDiff":0},"data":{"properties":{"file_number":"63890","jurisdiction":"PMA","name":"RIENNE S.A.","status":"ACT","inactivationDate":"","struck_off_date":"","registrationDate":"12-SEP-2011"},"categories":{"0":"Company"},"statistics":{"digest":{"0":{"edgeType":"is officer of","nodeCategories":{"0":"Officer"},"nodes":7,"edges":9},"1":{"edgeType":"registered","nodeCategories":{"0":"Client"},"nodes":1,"edges":1}},"edgeCount":10,"visibleEdgeCount":10,"hiddenEdgeCount":0}},"label":"RIENNE S.A.","x":56.7938343957333,"y":-142.0845530852611,"fixed":true,"size":1,"glyphs":{"0":{"draw":false,"position":"top-right","content":"0"},"1":{"draw":true,"position":"bottom-right","font":"FontAwesome","textColor":"#000","content":""}},"active":false,"color":"#420e00","icon":{"font":"FontAwesome","scale":1,"color":"#fff","content":""},"fa2_x":46.95736876058349,"fa2_y":8.30936663035277,"colors":{"0":"#420e00"},"read_cam0:size":5,"read_cam0:x":56.7938343957333,"read_cam0:y":-142.0845530852611,"renderer1:x":1517.0464975531902,"renderer1:y":76.37641290049237,"renderer1:size":12.91721905707306},{"id":181835,"nodelink":{"x":-23.726,"y":-45.256},"geo":{"latitudeDiff":0,"longitudeDiff":0},"data":{"properties":{"file_number":"6038694","jurisdiction":"BVI","name":"AFRODILLE S.A.","status":"ACT","inactivationDate":"","struck_off_date":"","registrationDate":"02-JAN-2014"},"categories":{"0":"Company"},"statistics":{"digest":{"0":{"edgeType":"is officer of","nodeCategories":{"0":"Officer"},"nodes":3,"edges":4},"1":{"edgeType":"registered","nodeCategories":{"0":"Client"},"nodes":1,"edges":1}},"edgeCount":5,"visibleEdgeCount":5,"hiddenEdgeCount":0}},"label":"AFRODILLE S.A.","x":-8.606796970241646,"y":-123.60739535053236,"fixed":true,"size":1,"glyphs":{"0":{"draw":false,"position":"top-right","content":"0"},"1":{"draw":true,"position":"bottom-right","font":"FontAwesome","textColor":"#000","content":""}},"active":false,"color":"#420e00","icon":{"font":"FontAwesome","scale":1,"color":"#fff","content":""},"fa2_x":1.501177560583498,"fa2_y":-114.68973896964718,"colors":{"0":"#420e00"},"read_cam0:size":5,"read_cam0:x":-8.606796970241646,"read_cam0:y":-123.60739535053236,"renderer1:x":1302.84094891277,"renderer1:y":136.89432575878135,"renderer1:size":12.91721905707306},{"id":417090,"nodelink":{"x":-3.55,"y":-67.278,"fixed":true},"geo":{"latitudeDiff":0,"longitudeDiff":0},"data":{"properties":{"name":"HH Sheikh Hamad Bin Khalifa Bin Hamad al Thani","certificateNumber":"1","numbershares":"1","classofshares":"ORDINARY","dateofissue":"02-01-2014","ceasedmembership":"","transferdate":"","sharestransferred":"","newcertificate":"","custodianname":"","custodianaddress":"","citizenship":"NO","pep":"NO","rst":"NOT NEGATIVE RESULT(SEARCHES CONDUCTED)","registerlocation":"L 2320 Luxembourg   67   boulevard de la Petrusse"},"categories":{"0":"Officer"},"statistics":{"digest":{"0":{"edgeType":"registered address","nodeCategories":{"0":"Address"},"nodes":1,"edges":1},"1":{"edgeType":"is officer of","nodeCategories":{"0":"Company"},"nodes":3,"edges":4}},"edgeCount":5,"visibleEdgeCount":5,"hiddenEdgeCount":0}},"label":"HH Sheikh Hamad Bin Khalifa Bin Hamad al Thani","x":-75.14366621460692,"y":-133.2230791636711,"fixed":true,"size":1,"glyphs":{"0":{"draw":false,"position":"top-right","content":"0"},"1":{"draw":true,"position":"bottom-right","font":"FontAwesome","textColor":"#000","content":""}},"active":false,"color":"#be4400","icon":{"font":"FontAwesome","scale":1,"color":"#fff","content":""},"fa2_x":-40.5171504394165,"fa2_y":-102.27523296964718,"colors":{"0":"#be4400"},"read_cam0:size":5,"read_cam0:x":-75.14366621460692,"read_cam0:y":-133.2230791636711,"renderer1:x":1084.91390014241,"renderer1:y":105.40024406987311,"renderer1:size":12.91721905707306},{"id":586404,"nodelink":{"x":14.001,"y":-43.645,"fixed":true},"geo":{"latitudeDiff":0,"longitudeDiff":0},"data":{"properties":{"name":"WILDGEN & PARTNERS","status":"ACTIVE","client_number":"28369","client_name":"WILDGEN & PARTNERS","prospect_date":"","active_since":"22-FEB-2010","country":"LUXEMBOURG","city":"LUXEMBOURG CITY","former_name":"","cross_reference":"WILDGEN & PARTNERS (FORMER REP OFFICE CLIENT)","activity":"","classification":"","subclassification":"","region":"","compliance_classification":""},"categories":{"0":"Client"},"statistics":{"digest":{"0":{"edgeType":"registered","nodeCategories":{"0":"Company"},"nodes":74,"edges":74}},"edgeCount":74,"visibleEdgeCount":3,"hiddenEdgeCount":71}},"label":"WILDGEN & PARTNERS","x":-126.99018091340295,"y":-35.84040380646431,"fixed":true,"size":1,"glyphs":{"0":{"draw":true,"position":"top-right","content":"71"},"1":{"draw":true,"position":"bottom-right","font":"FontAwesome","textColor":"#000","content":""}},"active":false,"color":"#851d00","icon":{"font":"FontAwesome","scale":1,"color":"#fff","content":""},"fa2_x":-88.26525043941649,"fa2_y":-51.853239369647206,"colors":{"0":"#851d00"},"read_cam0:size":5,"read_cam0:x":-126.99018091340295,"read_cam0:y":-35.84040380646431,"renderer1:x":915.1019137106234,"renderer1:y":424.3560242707182,"renderer1:size":12.91721905707306},{"id":651507,"nodelink":{"x":-38.056,"y":-51.407},"geo":{"latitudeDiff":0,"longitudeDiff":0},"selected":true,"data":{"properties":{"name":"HH Sheikh Hamad Bin Khalifa Bin Hamad al Thani","citizenship":"YES","pep":"NO","passport_copy":"Y"},"categories":{"0":"Officer"},"statistics":{"digest":{"0":{"edgeType":"registered address","nodeCategories":{"0":"Address"},"nodes":1,"edges":1},"1":{"edgeType":"is officer of","nodeCategories":{"0":"Company"},"nodes":1,"edges":1}},"edgeCount":2,"visibleEdgeCount":2,"hiddenEdgeCount":0}},"label":"HH Sheikh Hamad Bin Khalifa Bin Hamad al Thani","x":11.463949158052941,"y":-95.03209577804509,"fixed":true,"size":1,"glyphs":{"0":{"draw":false,"position":"top-right","content":"0"},"1":{"draw":true,"position":"bottom-right","font":"FontAwesome","textColor":"#000","content":""}},"active":false,"color":"#be4400","icon":{"font":"FontAwesome","scale":1,"color":"#fff","content":""},"fa2_x":-48.667517678833,"fa2_y":-57.81053973693851,"colors":{"0":"#be4400"},"read_cam0:size":5,"read_cam0:x":11.463949158052941,"read_cam0:y":-95.03209577804509,"renderer1:x":1368.5783140763524,"renderer1:y":230.48650666964448,"renderer1:size":12.91721905707306},{"id":667158,"data":{"properties":{"name":"Residing in Doha"},"categories":{"0":"Address"},"statistics":{"digest":{"0":{"edgeType":"registered address","nodeCategories":{"0":"Officer"},"nodes":1,"edges":1}},"edgeCount":1,"visibleEdgeCount":1,"hiddenEdgeCount":0}},"x":-8.320797601816437,"y":-70.6239724416472,"label":"Residing in Doha","size":1,"glyphs":{"0":{"draw":false,"position":"top-right","content":"0"},"1":{"draw":true,"position":"bottom-right","font":"FontAwesome","textColor":"#000","content":""}},"color":"#937c6f","icon":{"font":"FontAwesome","scale":1,"color":"#fff","content":""},"fa2_x":-8.320797601816437,"fa2_y":-70.6239724416472,"active":false,"fixed":true,"colors":{"0":"#937c6f"},"read_cam0:size":5,"read_cam0:x":-8.320797601816437,"read_cam0:y":-70.6239724416472,"renderer1:x":1303.7776776620922,"renderer1:y":310.4300078462437,"renderer1:size":12.91721905707306},{"id":525319,"data":{"properties":{"name":"Al Wajba Palace; Doha; Qatar"},"categories":{"0":"Address"},"statistics":{"digest":{"0":{"edgeType":"registered address","nodeCategories":{"0":"Officer"},"nodes":1,"edges":1}},"edgeCount":1,"visibleEdgeCount":1,"hiddenEdgeCount":0}},"x":18.257082321166987,"y":-76.3993397369385,"label":"Al Wajba Palace; Doha; Qatar","size":1,"glyphs":{"0":{"draw":false,"position":"top-right","content":"0"},"1":{"draw":true,"position":"bottom-right","font":"FontAwesome","textColor":"#000","content":""}},"color":"#937c6f","icon":{"font":"FontAwesome","scale":1,"color":"#fff","content":""},"fa2_x":18.257082321166987,"fa2_y":-76.3993397369385,"fixed":true,"active":false,"colors":{"0":"#937c6f"},"read_cam0:size":5,"read_cam0:x":18.257082321166987,"read_cam0:y":-76.3993397369385,"renderer1:x":1390.827744789789,"renderer1:y":291.51404795030567,"renderer1:size":12.91721905707306},{"id":464829,"data":{"properties":{"name":"Sheikh Hamad Jassim J.M. Al-Thani","certificateNumber":"6","numbershares":"25","classofshares":"","dateofissue":"16-09-2013","ceasedmembership":"","transferdate":"","sharestransferred":"","newcertificate":"","custodianname":"","custodianaddress":"","citizenship":"NO","pep":"NO","rst":"NOT NEGATIVE RESULT(SEARCHES CONDUCTED)","registerlocation":""},"categories":{"0":"Officer"},"statistics":{"digest":{"0":{"edgeType":"has similar name and address as","nodeCategories":{"0":"Officer"},"nodes":1,"edges":1},"1":{"edgeType":"registered address","nodeCategories":{"0":"Address"},"nodes":1,"edges":1},"2":{"edgeType":"is officer of","nodeCategories":{"0":"Company"},"nodes":8,"edges":10}},"edgeCount":12,"visibleEdgeCount":6,"hiddenEdgeCount":6}},"x":-58.95375335986197,"y":30.49511305823829,"label":"Sheikh Hamad Jassim J.M. Al-Thani","size":1,"glyphs":{"0":{"draw":true,"position":"top-right","content":"6"},"1":{"draw":true,"position":"bottom-right","font":"FontAwesome","textColor":"#000","content":""}},"color":"#be4400","icon":{"font":"FontAwesome","scale":1,"color":"#fff","content":""},"fa2_x":-23.1368420394165,"fa2_y":35.430287430352756,"fixed":true,"active":false,"colors":{"0":"#be4400"},"read_cam0:size":5,"read_cam0:x":-58.95375335986197,"read_cam0:y":30.49511305823829,"renderer1:x":1137.9404396888685,"renderer1:y":641.6235870995076,"renderer1:size":12.91721905707306},{"id":652036,"data":{"properties":{"name":"Sheikh Hamad Jassim J.M. Al-Thani","citizenship":"NO","pep":"NO","passport_copy":"N"},"categories":{"0":"Officer"},"statistics":{"digest":{"0":{"edgeType":"has similar name and address as","nodeCategories":{"0":"Officer"},"nodes":1,"edges":1},"1":{"edgeType":"registered address","nodeCategories":{"0":"Address"},"nodes":1,"edges":1},"2":{"edgeType":"is officer of","nodeCategories":{"0":"Company"},"nodes":1,"edges":1}},"edgeCount":3,"visibleEdgeCount":3,"hiddenEdgeCount":0}},"x":-0.442425663816735,"y":18.928920374136297,"label":"Sheikh Hamad Jassim J.M. Al-Thani","size":1,"glyphs":{"0":{"draw":false,"position":"top-right","content":"0"},"1":{"draw":true,"position":"bottom-right","font":"FontAwesome","textColor":"#000","content":""}},"color":"#be4400","icon":{"font":"FontAwesome","scale":1,"color":"#fff","content":""},"fa2_x":-18.246809005737305,"fa2_y":39.655086517333984,"active":false,"colors":{"0":"#be4400"},"fixed":true,"read_cam0:size":5,"read_cam0:x":-0.442425663816735,"read_cam0:y":18.928920374136297,"renderer1:x":1329.5815720301594,"renderer1:y":603.741037683206,"renderer1:size":12.91721905707306},{"id":464824,"data":{"properties":{"name":"THE BEARER","certificateNumber":"1","numbershares":"1","classofshares":"","dateofissue":"13-09-2011","ceasedmembership":"16-09-2013","transferdate":"","sharestransferred":"","newcertificate":"","custodianname":"","custodianaddress":"","citizenship":"NO","pep":"NO","rst":"NOT NEGATIVE RESULT","registerlocation":""},"categories":{"0":"Officer"},"statistics":{"digest":{"0":{"edgeType":"is officer of","nodeCategories":{"0":"Company"},"nodes":1,"edges":1}},"edgeCount":1,"visibleEdgeCount":1,"hiddenEdgeCount":0}},"x":86.98438374248344,"y":-111.70102052866267,"label":"THE BEARER","size":1,"glyphs":{"0":{"draw":false,"position":"top-right","content":"0"},"1":{"draw":true,"position":"bottom-right","font":"FontAwesome","textColor":"#000","content":""}},"color":"#be4400","icon":{"font":"FontAwesome","scale":1,"color":"#fff","content":""},"fa2_x":72.20980072021484,"fa2_y":39.315914154052734,"active":false,"colors":{"0":"#be4400"},"fixed":true,"read_cam0:size":5,"read_cam0:x":86.98438374248344,"read_cam0:y":-111.70102052866267,"renderer1:x":1615.9290779122045,"renderer1:y":175.89106780497428,"renderer1:size":12.91721905707306},{"id":464825,"data":{"properties":{"name":"THE BEARER","certificateNumber":"2","numbershares":"1","classofshares":"","dateofissue":"13-09-2011","ceasedmembership":"16-09-2013","transferdate":"","sharestransferred":"","newcertificate":"","custodianname":"","custodianaddress":"","citizenship":"NO","pep":"NO","rst":"NOT NEGATIVE RESULT","registerlocation":""},"categories":{"0":"Officer"},"statistics":{"digest":{"0":{"edgeType":"is officer of","nodeCategories":{"0":"Company"},"nodes":1,"edges":1}},"edgeCount":1,"visibleEdgeCount":1,"hiddenEdgeCount":0}},"x":74.73782678284606,"y":-107.27865273768248,"label":"THE BEARER","size":1,"glyphs":{"0":{"draw":false,"position":"top-right","content":"0"},"1":{"draw":true,"position":"bottom-right","font":"FontAwesome","textColor":"#000","content":""}},"color":"#be4400","icon":{"font":"FontAwesome","scale":1,"color":"#fff","content":""},"fa2_x":53.27398681640625,"fa2_y":32.40281677246094,"active":false,"colors":{"0":"#be4400"},"fixed":true,"read_cam0:size":5,"read_cam0:x":74.73782678284606,"read_cam0:y":-107.27865273768248,"renderer1:x":1575.8181432361202,"renderer1:y":190.3755719935603,"renderer1:size":12.91721905707306},{"id":464826,"data":{"properties":{"name":"THE BEARER","certificateNumber":"3","numbershares":"1","classofshares":"","dateofissue":"13-09-2011","ceasedmembership":"16-09-2013","transferdate":"","sharestransferred":"","newcertificate":"","custodianname":"","custodianaddress":"","citizenship":"NO","pep":"NO","rst":"NOT NEGATIVE RESULT","registerlocation":""},"categories":{"0":"Officer"},"statistics":{"digest":{"0":{"edgeType":"is officer of","nodeCategories":{"0":"Company"},"nodes":1,"edges":1}},"edgeCount":1,"visibleEdgeCount":1,"hiddenEdgeCount":0}},"x":95.82911932444377,"y":-123.60739535053236,"label":"THE BEARER","size":1,"glyphs":{"0":{"draw":false,"position":"top-right","content":"0"},"1":{"draw":true,"position":"bottom-right","font":"FontAwesome","textColor":"#000","content":""}},"color":"#be4400","icon":{"font":"FontAwesome","scale":1,"color":"#fff","content":""},"fa2_x":82.08072662353516,"fa2_y":18.964040756225586,"active":false,"colors":{"0":"#be4400"},"fixed":true,"read_cam0:size":5,"read_cam0:x":95.82911932444377,"read_cam0:y":-123.60739535053236,"renderer1:x":1644.8980862893764,"renderer1:y":136.89432575878135,"renderer1:size":12.91721905707306},{"id":464827,"data":{"properties":{"name":"THE BEARER","certificateNumber":"4","numbershares":"1","classofshares":"","dateofissue":"13-09-2011","ceasedmembership":"16-09-2013","transferdate":"","sharestransferred":"","newcertificate":"","custodianname":"","custodianaddress":"","citizenship":"NO","pep":"NO","rst":"NOT NEGATIVE RESULT","registerlocation":""},"categories":{"0":"Officer"},"statistics":{"digest":{"0":{"edgeType":"is officer of","nodeCategories":{"0":"Company"},"nodes":1,"edges":1}},"edgeCount":1,"visibleEdgeCount":1,"hiddenEdgeCount":0}},"x":65.89309120088573,"y":-103.53664922223771,"label":"THE BEARER","size":1,"glyphs":{"0":{"draw":false,"position":"top-right","content":"0"},"1":{"draw":true,"position":"bottom-right","font":"FontAwesome","textColor":"#000","content":""}},"color":"#be4400","icon":{"font":"FontAwesome","scale":1,"color":"#fff","content":""},"fa2_x":39.904598236083984,"fa2_y":15.960270881652832,"active":false,"colors":{"0":"#be4400"},"fixed":true,"read_cam0:size":5,"read_cam0:x":65.89309120088573,"read_cam0:y":-103.53664922223771,"renderer1:x":1546.8491348589484,"renderer1:y":202.63169092236382,"renderer1:size":12.91721905707306},{"id":465033,"data":{"properties":{"name":"THE BEARER","certificateNumber":"1","numbershares":"1","classofshares":"","dateofissue":"01-10-2011","ceasedmembership":"26-07-2013","transferdate":"","sharestransferred":"","newcertificate":"","custodianname":"","custodianaddress":"","citizenship":"NO","pep":"NO","rst":"NOT NEGATIVE RESULT","registerlocation":""},"categories":{"0":"Officer"},"statistics":{"digest":{"0":{"edgeType":"is officer of","nodeCategories":{"0":"Company"},"nodes":1,"edges":1}},"edgeCount":1,"visibleEdgeCount":1,"hiddenEdgeCount":0}},"x":-35.821367991658036,"y":-15.769657678169677,"label":"THE BEARER","size":1,"glyphs":{"0":{"draw":false,"position":"top-right","content":"0"},"1":{"draw":true,"position":"bottom-right","font":"FontAwesome","textColor":"#000","content":""}},"colors":{"0":"#be4400"},"color":"#be4400","icon":{"font":"FontAwesome","scale":1,"color":"#fff","content":""},"fa2_x":-16.520830154418945,"fa2_y":-22.165592193603516,"fixed":true,"read_cam0:size":5,"read_cam0:x":-35.821367991658036,"read_cam0:y":-15.769657678169677,"renderer1:x":1213.705538521472,"renderer1:y":490.09338943430066,"renderer1:size":12.91721905707306},{"id":465034,"data":{"properties":{"name":"THE BEARER","certificateNumber":"2","numbershares":"1","classofshares":"","dateofissue":"01-10-2011","ceasedmembership":"26-07-2013","transferdate":"","sharestransferred":"","newcertificate":"","custodianname":"","custodianaddress":"","citizenship":"NO","pep":"NO","rst":"NOT NEGATIVE RESULT","registerlocation":""},"categories":{"0":"Officer"},"statistics":{"digest":{"0":{"edgeType":"is officer of","nodeCategories":{"0":"Company"},"nodes":1,"edges":1}},"edgeCount":1,"visibleEdgeCount":1,"hiddenEdgeCount":0}},"x":-4.184429179261485,"y":-14.068746989331148,"label":"THE BEARER","size":1,"glyphs":{"0":{"draw":false,"position":"top-right","content":"0"},"1":{"draw":true,"position":"bottom-right","font":"FontAwesome","textColor":"#000","content":""}},"colors":{"0":"#be4400"},"color":"#be4400","icon":{"font":"FontAwesome","scale":1,"color":"#fff","content":""},"fa2_x":-6.8154296875,"fa2_y":-6.970695972442627,"fixed":true,"read_cam0:size":5,"read_cam0:x":-4.184429179261485,"read_cam0:y":-14.068746989331148,"renderer1:x":1317.325453101356,"renderer1:y":495.6643525837568,"renderer1:size":12.91721905707306},{"id":465035,"data":{"properties":{"name":"THE BEARER","certificateNumber":"3","numbershares":"1","classofshares":"","dateofissue":"01-10-2011","ceasedmembership":"26-07-2013","transferdate":"","sharestransferred":"","newcertificate":"","custodianname":"","custodianaddress":"","citizenship":"NO","pep":"NO","rst":"NOT NEGATIVE RESULT","registerlocation":""},"categories":{"0":"Officer"},"statistics":{"digest":{"0":{"edgeType":"is officer of","nodeCategories":{"0":"Company"},"nodes":1,"edges":1}},"edgeCount":1,"visibleEdgeCount":1,"hiddenEdgeCount":0}},"x":22.689959704387206,"y":-14.74911126486656,"label":"THE BEARER","size":1,"glyphs":{"0":{"draw":false,"position":"top-right","content":"0"},"1":{"draw":true,"position":"bottom-right","font":"FontAwesome","textColor":"#000","content":""}},"colors":{"0":"#be4400"},"color":"#be4400","icon":{"font":"FontAwesome","scale":1,"color":"#fff","content":""},"fa2_x":1.2408409118652344,"fa2_y":-0.2745152711868286,"fixed":true,"read_cam0:size":5,"read_cam0:x":22.689959704387206,"read_cam0:y":-14.74911126486656,"renderer1:x":1405.3466708627627,"renderer1:y":493.4359673239743,"renderer1:size":12.91721905707306},{"id":465036,"data":{"properties":{"name":"THE BEARER","certificateNumber":"4","numbershares":"1","classofshares":"","dateofissue":"01-10-2011","ceasedmembership":"26-07-2013","transferdate":"","sharestransferred":"","newcertificate":"","custodianname":"","custodianaddress":"","citizenship":"NO","pep":"NO","rst":"NOT NEGATIVE RESULT","registerlocation":""},"categories":{"0":"Officer"},"statistics":{"digest":{"0":{"edgeType":"is officer of","nodeCategories":{"0":"Company"},"nodes":1,"edges":1}},"edgeCount":1,"visibleEdgeCount":1,"hiddenEdgeCount":0}},"x":-107.59979906064376,"y":-16.10983981593738,"label":"THE BEARER","size":1,"glyphs":{"0":{"draw":false,"position":"top-right","content":"0"},"1":{"draw":true,"position":"bottom-right","font":"FontAwesome","textColor":"#000","content":""}},"colors":{"0":"#be4400"},"color":"#be4400","icon":{"font":"FontAwesome","scale":1,"color":"#fff","content":""},"fa2_x":-52.983123779296875,"fa2_y":-26.267711639404297,"fixed":true,"read_cam0:size":5,"read_cam0:x":-107.59979906064376,"read_cam0:y":-16.10983981593738,"renderer1:x":978.6108936144234,"renderer1:y":488.9791968044094,"renderer1:size":12.91721905707306}],"edges":[{"id":330718,"source":653905,"target":535279,"data":{"properties":{},"type":"registered address"},"label":"registered address","size":1,"active":false,"color":"#baaba3","hover":false,"read_cam0:size":2,"renderer1:size":5.166887622829225},{"id":826955,"source":464828,"target":535279,"data":{"properties":{},"type":"registered address"},"label":"registered address","size":1,"active":false,"color":"#baaba3","hover":false,"read_cam0:size":2,"renderer1:size":5.166887622829225},{"id":879410,"source":464828,"target":653905,"data":{"properties":{"simil":1},"type":"has similar name and address as"},"label":"has similar name and address as","size":1,"active":false,"color":"#d48a60","hover":false,"read_cam0:size":2,"renderer1:size":5.166887622829225},{"id":763379,"source":586404,"target":226781,"data":{"properties":{},"type":"registered"},"label":"registered","size":1,"active":false,"color":"#8a6960","hover":false,"read_cam0:size":2,"renderer1:size":5.166887622829225},{"id":763754,"source":586404,"target":181835,"data":{"properties":{},"type":"registered"},"label":"registered","size":1,"active":false,"color":"#8a6960","hover":false,"read_cam0:size":2,"renderer1:size":5.166887622829225},{"id":764892,"source":586404,"target":190927,"data":{"properties":{},"type":"registered"},"label":"registered","size":1,"active":false,"color":"#8a6960","hover":false,"read_cam0:size":2,"renderer1:size":5.166887622829225},{"id":54813,"source":653905,"target":226781,"data":{"properties":{"name":"Beneficiay"},"type":"is officer of"},"label":"Beneficiay","size":1,"color":"#d48a60","hover":false,"active":false,"read_cam0:size":2,"renderer1:size":5.166887622829225},{"id":68569,"source":464828,"target":181835,"data":{"properties":{"name":"Owner"},"type":"is officer of"},"label":"Owner","size":1,"color":"#d48a60","active":false,"hover":false,"read_cam0:size":2,"renderer1:size":5.166887622829225},{"id":68570,"source":464828,"target":190927,"data":{"properties":{"name":"Owner"},"type":"is officer of"},"label":"Owner","size":1,"type":"curvedArrow","cc":{"y":null},"color":"#d48a60","active":false,"hover":false,"read_cam0:size":2,"renderer1:size":5.166887622829225},{"id":68571,"source":464828,"target":226781,"data":{"properties":{"name":"Owner"},"type":"is officer of"},"label":"Owner","size":1,"type":"curvedArrow","cc":{"y":null},"color":"#d48a60","active":false,"hover":false,"read_cam0:size":2,"renderer1:size":5.166887622829225},{"id":68574,"source":417090,"target":226781,"data":{"properties":{"name":"Owner"},"type":"is officer of"},"label":"Owner","size":1,"color":"#d48a60","active":false,"hover":false,"read_cam0:size":2,"renderer1:size":5.166887622829225},{"id":450557,"source":464828,"target":190927,"data":{"properties":{"name":"Shareholder"},"type":"is officer of"},"label":"Shareholder","size":1,"type":"curvedArrow","cc":{"y":2},"color":"#d48a60","active":false,"hover":false,"read_cam0:size":2,"renderer1:size":5.166887622829225},{"id":602503,"source":464828,"target":226781,"data":{"properties":{"name":"Shareholder"},"type":"is officer of"},"label":"Shareholder","size":1,"type":"curvedArrow","cc":{"y":2},"color":"#d48a60","active":false,"hover":false,"read_cam0:size":2,"renderer1:size":5.166887622829225},{"id":53073,"source":651507,"target":181835,"data":{"properties":{"name":"Beneficiay"},"type":"is officer of"},"label":"Beneficiay","size":1,"color":"#d48a60","hover":false,"active":false,"read_cam0:size":2,"renderer1:size":5.166887622829225},{"id":68572,"source":417090,"target":181835,"data":{"properties":{"name":"Owner"},"type":"is officer of"},"label":"Owner","size":1,"type":"curvedArrow","cc":{"y":null},"color":"#d48a60","active":false,"hover":false,"read_cam0:size":2,"renderer1:size":5.166887622829225},{"id":329304,"source":651507,"target":667158,"data":{"properties":{},"type":"registered address"},"label":"registered address","size":1,"color":"#baaba3","active":false,"hover":false,"read_cam0:size":2,"renderer1:size":5.166887622829225},{"id":583235,"source":417090,"target":181835,"data":{"properties":{"name":"Shareholder"},"type":"is officer of"},"label":"Shareholder","size":1,"type":"curvedArrow","cc":{"y":2},"color":"#d48a60","active":false,"hover":false,"read_cam0:size":2,"renderer1:size":5.166887622829225},{"id":68573,"source":417090,"target":190927,"data":{"properties":{"name":"Owner"},"type":"is officer of"},"label":"Owner","size":1,"color":"#d48a60","hover":false,"active":false,"read_cam0:size":2,"renderer1:size":5.166887622829225},{"id":869678,"source":417090,"target":525319,"data":{"properties":{},"type":"registered address"},"label":"registered address","size":1,"color":"#baaba3","active":false,"hover":false,"read_cam0:size":2,"renderer1:size":5.166887622829225},{"id":51088,"source":652036,"target":226781,"data":{"properties":{"name":"Beneficiay"},"type":"is officer of"},"label":"Beneficiay","size":1,"color":"#d48a60","hover":false,"active":false,"read_cam0:size":2,"renderer1:size":5.166887622829225},{"id":68492,"source":464829,"target":190927,"data":{"properties":{"name":"Power of Attorney"},"type":"is officer of"},"label":"Power of Attorney","size":1,"type":"curvedArrow","cc":{"y":null},"color":"#d48a60","hover":false,"active":false,"read_cam0:size":2,"renderer1:size":5.166887622829225},{"id":68494,"source":464829,"target":226781,"data":{"properties":{"name":"Power of Attorney / Shareholder"},"type":"is officer of"},"label":"Power of Attorney / Shareholder","size":1,"type":"curvedArrow","cc":{"y":null},"color":"#d48a60","hover":false,"active":false,"read_cam0:size":2,"renderer1:size":5.166887622829225},{"id":241640,"source":464829,"target":535279,"data":{"properties":{},"type":"registered address"},"label":"registered address","size":1,"color":"#baaba3","hover":false,"active":false,"read_cam0:size":2,"renderer1:size":5.166887622829225},{"id":327779,"source":652036,"target":535279,"data":{"properties":{},"type":"registered address"},"label":"registered address","size":1,"color":"#baaba3","active":false,"hover":false,"read_cam0:size":2,"renderer1:size":5.166887622829225},{"id":450561,"source":464829,"target":190927,"data":{"properties":{"name":"Shareholder"},"type":"is officer of"},"label":"Shareholder","size":1,"type":"curvedArrow","cc":{"y":2},"color":"#d48a60","hover":false,"active":false,"read_cam0:size":2,"renderer1:size":5.166887622829225},{"id":602504,"source":464829,"target":226781,"data":{"properties":{"name":"Shareholder"},"type":"is officer of"},"label":"Shareholder","size":1,"type":"curvedArrow","cc":{"y":2},"color":"#d48a60","hover":false,"active":false,"read_cam0:size":2,"renderer1:size":5.166887622829225},{"id":841342,"source":464829,"target":652036,"data":{"properties":{"simil":1},"type":"has similar name and address as"},"label":"has similar name and address as","size":1,"color":"#d48a60","hover":false,"active":false,"read_cam0:size":2,"renderer1:size":5.166887622829225},{"id":450558,"source":464824,"target":190927,"data":{"properties":{"name":"Shareholder"},"type":"is officer of"},"label":"Shareholder","size":1,"color":"#d48a60","active":false,"hover":false,"read_cam0:size":2,"renderer1:size":5.166887622829225},{"id":450559,"source":464827,"target":190927,"data":{"properties":{"name":"Shareholder"},"type":"is officer of"},"label":"Shareholder","size":1,"color":"#d48a60","active":false,"hover":false,"read_cam0:size":2,"renderer1:size":5.166887622829225},{"id":450560,"source":464826,"target":190927,"data":{"properties":{"name":"Shareholder"},"type":"is officer of"},"label":"Shareholder","size":1,"color":"#d48a60","active":false,"hover":false,"read_cam0:size":2,"renderer1:size":5.166887622829225},{"id":450562,"source":464825,"target":190927,"data":{"properties":{"name":"Shareholder"},"type":"is officer of"},"label":"Shareholder","size":1,"color":"#d48a60","active":false,"hover":false,"read_cam0:size":2,"renderer1:size":5.166887622829225},{"id":602505,"source":465036,"target":226781,"data":{"properties":{"name":"Shareholder"},"type":"is officer of"},"label":"Shareholder","size":1,"color":"#d48a60","hover":false,"read_cam0:size":2,"renderer1:size":5.166887622829225},{"id":602506,"source":465033,"target":226781,"data":{"properties":{"name":"Shareholder"},"type":"is officer of"},"label":"Shareholder","size":1,"color":"#d48a60","hover":false,"read_cam0:size":2,"renderer1:size":5.166887622829225},{"id":602507,"source":465035,"target":226781,"data":{"properties":{"name":"Shareholder"},"type":"is officer of"},"label":"Shareholder","size":1,"color":"#d48a60","hover":false,"read_cam0:size":2,"renderer1:size":5.166887622829225},{"id":602508,"source":465034,"target":226781,"data":{"properties":{"name":"Shareholder"},"type":"is officer of"},"label":"Shareholder","size":1,"color":"#d48a60","hover":false,"read_cam0:size":2,"renderer1:size":5.166887622829225}]}