{"nodes":[{"id":13923,"nodelink":{"x":"0.37","y":"-0.19"},"geo":{},"data":{"properties":{"file_number":"6004610","jurisdiction":"BVI","name":"HARVEST SUN TRADING LIMITED","status":"ACT","inactivationDate":"","struck_off_date":"","registrationDate":"02-JUL-2009"},"categories":{"0":"Company"},"statistics":{"digest":{"0":{"edgeType":"is officer of","nodeCategories":{"0":"Officer"},"nodes":2,"edges":3},"1":{"edgeType":"registered","nodeCategories":{"0":"Client"},"nodes":1,"edges":1}},"edgeCount":4,"visibleEdgeCount":4,"hiddenEdgeCount":0}},"label":"HARVEST SUN TRADING LIMITED","x":-8.103684997558586,"y":-10.926185035705567,"fixed":true,"size":1,"glyphs":{"0":{"draw":false,"position":"top-right","content":"0"},"1":{"draw":true,"position":"bottom-right","font":"FontAwesome","textColor":"#000","content":""}},"color":"#420e00","icon":{"font":"FontAwesome","scale":1,"color":"#fff","content":""},"active":true,"colors":{"0":"#420e00"},"fa2_x":-3.4346137046813965,"fa2_y":-3.612560749053955,"read_cam0:size":5,"read_cam0:x":-8.103684997558586,"read_cam0:y":-10.926185035705567,"renderer1:x":1262.8609046936035,"renderer1:y":282,"renderer1:size":31.547867224009664},{"id":389453,"nodelink":{"x":"-15.08","y":"25.78"},"geo":{},"data":{"properties":{"name":"CHEUNG YU PING","certificateNumber":"1","numbershares":"1","classofshares":"","dateofissue":"13-11-2009","ceasedmembership":"16-12-2010","transferdate":"","sharestransferred":"","newcertificate":"","custodianname":"","custodianaddress":"","citizenship":"NO","pep":"NO","rst":"NOT NEGATIVE RESULT","registerlocation":"UNIT 201   2/F.   MALAYSIA BUILDING   50 GLOUCESTER ROAD   WANCHAI   HONG KONG"},"categories":{"0":"Officer"},"statistics":{"digest":{"0":{"edgeType":"registered address","nodeCategories":{"0":"Address"},"nodes":1,"edges":1},"1":{"edgeType":"is officer of","nodeCategories":{"0":"Company"},"nodes":1,"edges":1}},"edgeCount":2,"visibleEdgeCount":2,"hiddenEdgeCount":0}},"label":"CHEUNG YU PING","x":-22.30368499755858,"y":-20.026185035705563,"fixed":true,"size":1,"glyphs":{"0":{"draw":false,"position":"top-right","content":"0"},"1":{"draw":true,"position":"bottom-right","font":"FontAwesome","textColor":"#000","content":""}},"color":"#be4400","icon":{"font":"FontAwesome","scale":1,"color":"#fff","content":""},"colors":{"0":"#be4400"},"fa2_x":-17.84495735168457,"fa2_y":-13.468059539794922,"read_cam0:size":5,"read_cam0:x":-22.30368499755858,"read_cam0:y":-20.026185035705563,"renderer1:x":1120.8609046936037,"renderer1:y":191.00000000000003,"renderer1:size":31.547867224009664},{"id":389454,"nodelink":{"x":"-14.18","y":"-19.87"},"geo":{},"data":{"properties":{"name":"LI Jasmine","certificateNumber":"2","numbershares":"1","classofshares":"","dateofissue":"16-12-2010","ceasedmembership":"","transferdate":"","sharestransferred":"","newcertificate":"","custodianname":"","custodianaddress":"","citizenship":"NO","pep":"NO","rst":"NOT NEGATIVE RESULT","registerlocation":"UNIT 201   2/F.   MALAYSIA BUILDING   50 GLOUCESTER ROAD   WANCHAI   HONG KONG"},"categories":{"0":"Officer"},"statistics":{"digest":{"0":{"edgeType":"registered address","nodeCategories":{"0":"Address"},"nodes":1,"edges":1},"1":{"edgeType":"is officer of","nodeCategories":{"0":"Company"},"nodes":1,"edges":2}},"edgeCount":3,"visibleEdgeCount":3,"hiddenEdgeCount":0}},"label":"LI Jasmine","x":14.337587356567383,"y":8.45919418334961,"size":1,"glyphs":{"0":{"draw":false,"position":"top-right","content":"0"}},"color":"#be4400","icon":{"font":"FontAwesome","scale":1,"color":"#fff","content":""},"colors":{"0":"#be4400"},"fa2_x":14.337587356567383,"fa2_y":8.45919418334961,"read_cam0:size":5,"read_cam0:x":14.337587356567383,"read_cam0:y":8.45919418334961,"renderer1:x":1487.2736282348633,"renderer1:y":475.85379219055176,"renderer1:size":31.547867224009664},{"id":581038,"nodelink":{"x":"26.84","y":"-9.25"},"geo":{},"data":{"properties":{"name":"P & P SECRETARIAL MANAGEMENT LIMITED","status":"ACTIVE","client_number":"12496","client_name":"P & P SECRETARIAL MANAGEMENT LIMITED","prospect_date":"","active_since":"05-JUN-2001","country":"HONG KONG S.A.R.","city":"WANCHAI","former_name":"P & P MANAGEMENT SERVICES LIMITED","cross_reference":"P & B SERVICES LIMITED","activity":"ACCOUNTANT","classification":"Special rates","subclassification":"","region":"HONG KONG PROFESSIONAL CLIENTS","compliance_classification":"INTRODUCER"},"categories":{"0":"Client"},"statistics":{"digest":{"0":{"edgeType":"registered","nodeCategories":{"0":"Company"},"nodes":111,"edges":111}},"edgeCount":111,"visibleEdgeCount":1,"hiddenEdgeCount":110}},"label":"P & P SECRETARIAL MANAGEMENT LIMITED","x":-26.303684997558594,"y":13.573814964294435,"fixed":true,"size":1,"glyphs":{"0":{"draw":true,"position":"top-right","content":"110"},"1":{"draw":true,"position":"bottom-right","font":"FontAwesome","textColor":"#000","content":""}},"color":"#851d00","icon":{"font":"FontAwesome","scale":1,"color":"#fff","content":""},"colors":{"0":"#851d00"},"fa2_x":-2.094611883163452,"fa2_y":13.915689468383789,"read_cam0:size":5,"read_cam0:x":-26.303684997558594,"read_cam0:y":13.573814964294435,"renderer1:x":1080.8609046936035,"renderer1:y":527,"renderer1:size":31.547867224009664},{"id":537152,"nodelink":{"x":"-30.11","y":"2.15"},"geo":{},"data":{"properties":{"name":"Flat 19E; No. 10 Jing Da Guo Ji Gong Yu; 11 Chaoyang Gong Yuan Xi Road; Chaoyang District; Beijing; P.R.C."},"categories":{"0":"Address"},"statistics":{"digest":{"0":{"edgeType":"registered address","nodeCategories":{"0":"Officer"},"nodes":1,"edges":1}},"edgeCount":1,"visibleEdgeCount":1,"hiddenEdgeCount":0}},"label":"Flat 19E; No. 10 Jing Da Guo Ji Gong Yu; 11 Chaoyang Gong Yuan Xi Road; Chaoyang District; Beijing; P.R.C.","x":26.124134063720703,"y":-4.841791152954102,"size":1,"glyphs":{"0":{"draw":false,"position":"top-right","content":"0"}},"color":"#937c6f","icon":{"font":"FontAwesome","scale":1,"color":"#fff","content":""},"colors":{"0":"#937c6f"},"fa2_x":26.124134063720703,"fa2_y":-4.841791152954102,"read_cam0:size":5,"read_cam0:x":26.124134063720703,"read_cam0:y":-4.841791152954102,"renderer1:x":1605.1390953063965,"renderer1:y":342.84393882751465,"renderer1:size":31.547867224009664},{"id":553679,"nodelink":{"x":"11.92","y":"32.33"},"geo":{},"data":{"properties":{"name":"No. 521; 451NONG LONG DONG DA ROAD; SHANGAIN DISTRICT; CHINA"},"categories":{"0":"Address"},"statistics":{"digest":{"0":{"edgeType":"registered address","nodeCategories":{"0":"Officer"},"nodes":1,"edges":1}},"edgeCount":1,"visibleEdgeCount":1,"hiddenEdgeCount":0}},"label":"No. 521; 451NONG LONG DONG DA ROAD; SHANGAIN DISTRICT; CHINA","x":-38.9036849975586,"y":-1.7261850357055664,"fixed":true,"size":1,"glyphs":{"0":{"draw":false,"position":"top-right","content":"0"},"1":{"draw":true,"position":"bottom-right","font":"FontAwesome","textColor":"#000","content":""}},"color":"#937c6f","icon":{"font":"FontAwesome","scale":1,"color":"#fff","content":""},"colors":{"0":"#937c6f"},"fa2_x":-31.675445556640625,"fa2_y":-4.043017387390137,"read_cam0:size":5,"read_cam0:x":-38.9036849975586,"read_cam0:y":-1.7261850357055664,"renderer1:x":954.8609046936035,"renderer1:y":374,"renderer1:size":31.547867224009664}],"edges":[{"id":27500,"source":389453,"target":13923,"data":{"properties":{"name":"Shareholder"},"type":"is officer of"},"label":"Shareholder","size":1,"color":"#d48a60","hover":false,"read_cam0:size":2,"renderer1:size":12.619146889603865},{"id":27501,"source":389454,"target":13923,"data":{"properties":{"name":"Shareholder"},"type":"is officer of"},"label":"Shareholder","size":1,"type":"curvedArrow","cc":{"y":null},"color":"#d48a60","hover":false,"read_cam0:size":2,"renderer1:size":12.619146889603865},{"id":68523,"source":389454,"target":13923,"data":{"properties":{"name":"Shareholder"},"type":"is officer of"},"label":"Shareholder","size":1,"type":"curvedArrow","cc":{"y":2},"color":"#d48a60","read_cam0:size":2,"renderer1:size":12.619146889603865},{"id":256070,"source":389454,"target":537152,"data":{"properties":{},"type":"registered address"},"label":"registered address","size":1,"color":"#baaba3","hover":false,"read_cam0:size":2,"renderer1:size":12.619146889603865},{"id":737655,"source":581038,"target":13923,"data":{"properties":{},"type":"registered"},"label":"registered","size":1,"color":"#8a6960","hover":false,"read_cam0:size":2,"renderer1:size":12.619146889603865},{"id":830115,"source":389453,"target":553679,"data":{"properties":{},"type":"registered address"},"label":"registered address","size":1,"color":"#baaba3","read_cam0:size":2,"renderer1:size":12.619146889603865}]}