{"nodes":[{"id":587362,"nodelink":{"x":-1.802,"y":0.853},"geo":{"latitudeDiff":0,"longitudeDiff":0},"selected":true,"data":{"properties":{"name":"TRENACO COLOMBIA","status":"ACTIVE","client_number":"37363","client_name":"TRENACO COLOMBIA","prospect_date":"20-JUN-2013","active_since":"21-JUN-2013","country":"COLOMBIA","city":"BOGOTA","former_name":"","cross_reference":"MARIA MERCEDES BERMUDEZ TAMAYO","activity":"LAW FIRM","classification":"Special rates","subclassification":"","region":"LATINAMERICAN PROFESSIONAL CLIENTS","compliance_classification":"INTRODUCER"},"categories":{"0":"Client"},"statistics":{"digest":{"0":{"edgeType":"registered","nodeCategories":{"0":"Company"},"nodes":15,"edges":15}},"edgeCount":15,"visibleEdgeCount":15,"hiddenEdgeCount":0}},"label":"TRENACO COLOMBIA","x":-49.091335923759075,"y":-8.762827225130868,"fixed":true,"size":1,"glyphs":{"0":{"draw":false,"position":"top-right","content":"0"},"1":{"draw":true,"position":"bottom-right","font":"FontAwesome","textColor":"#000","content":""}},"active":false,"color":"#851d00","icon":{"font":"FontAwesome","scale":1,"color":"#fff","content":""},"fa2_x":-49.091335923759075,"fa2_y":-8.762827225130868,"colors":{"0":"#851d00"},"read_cam0:size":5,"read_cam0:x":-49.091335923759075,"read_cam0:y":-8.762827225130868,"renderer1:x":1016.245746869816,"renderer1:y":368.9098498987891,"renderer1:size":14.895527870487141},{"id":3562,"nodelink":{"x":18.849,"y":-4.493},"geo":{"latitudeDiff":0,"longitudeDiff":0},"data":{"properties":{"file_number":"704566","jurisdiction":"PMA","name":"PENGROVE FOUNDATION","status":"REN","inactivationDate":"04-AUG-2014","struck_off_date":"15-JUL-2016","registrationDate":"19-JUN-2012"},"categories":{"0":"Company"},"statistics":{"digest":{"0":{"edgeType":"is officer of","nodeCategories":{"0":"Officer"},"nodes":4,"edges":4},"1":{"edgeType":"registered","nodeCategories":{"0":"Client"},"nodes":1,"edges":1}},"edgeCount":5,"visibleEdgeCount":3,"hiddenEdgeCount":2}},"label":"PENGROVE FOUNDATION","x":13.20000000000001,"y":21.900000000000006,"fixed":true,"size":1,"glyphs":{"0":{"draw":true,"position":"top-right","content":"2"},"1":{"draw":true,"position":"bottom-right","font":"FontAwesome","textColor":"#000","content":""}},"active":false,"color":"#420e00","icon":{"font":"FontAwesome","scale":1,"color":"#fff","content":""},"fa2_x":13.20000000000001,"fa2_y":21.900000000000006,"colors":{"0":"#420e00"},"read_cam0:size":5,"read_cam0:x":13.20000000000001,"read_cam0:y":21.900000000000006,"renderer1:x":1260.0464830279025,"renderer1:y":488.9204378772656,"renderer1:size":14.895527870487141},{"id":5603,"nodelink":{"x":-22.298,"y":-0.843},"geo":{"latitudeDiff":0,"longitudeDiff":0},"data":{"properties":{"file_number":"704054","jurisdiction":"PMA","name":"KENFORD FOUNDATION","status":"REN","inactivationDate":"04-AUG-2014","struck_off_date":"15-JUL-2016","registrationDate":"04-JAN-2011"},"categories":{"0":"Company"},"statistics":{"digest":{"0":{"edgeType":"registered","nodeCategories":{"0":"Client"},"nodes":1,"edges":1}},"edgeCount":1,"visibleEdgeCount":1,"hiddenEdgeCount":0}},"label":"KENFORD FOUNDATION","x":15,"y":-0.7000000000000002,"fixed":true,"size":1,"glyphs":{"0":{"draw":false,"position":"top-right","content":"0"},"1":{"draw":true,"position":"bottom-right","font":"FontAwesome","textColor":"#000","content":""}},"active":false,"color":"#420e00","icon":{"font":"FontAwesome","scale":1,"color":"#fff","content":""},"fa2_x":15,"fa2_y":-0.7000000000000002,"colors":{"0":"#420e00"},"read_cam0:size":5,"read_cam0:x":15,"read_cam0:y":-0.7000000000000002,"renderer1:x":1267.0914647830164,"renderer1:y":400.46677806305735,"renderer1:size":14.895527870487141},{"id":47850,"nodelink":{"x":-23.574,"y":9.845},"geo":{"latitudeDiff":0,"longitudeDiff":0},"data":{"properties":{"file_number":"71711","jurisdiction":"PMA","name":"ELFERS UNITED INC.","status":"REN","inactivationDate":"11-AUG-2014","struck_off_date":"15-JUL-2016","registrationDate":"05-JAN-2007"},"categories":{"0":"Company"},"statistics":{"digest":{"0":{"edgeType":"is officer of","nodeCategories":{"0":"Officer"},"nodes":5,"edges":6},"1":{"edgeType":"registered","nodeCategories":{"0":"Client"},"nodes":1,"edges":1}},"edgeCount":7,"visibleEdgeCount":3,"hiddenEdgeCount":4}},"label":"ELFERS UNITED INC.","x":18.80000000000001,"y":60.10000000000002,"fixed":true,"size":1,"glyphs":{"0":{"draw":true,"position":"top-right","content":"4"},"1":{"draw":true,"position":"bottom-right","font":"FontAwesome","textColor":"#000","content":""}},"active":false,"color":"#420e00","icon":{"font":"FontAwesome","scale":1,"color":"#fff","content":""},"fa2_x":18.80000000000001,"fa2_y":60.10000000000002,"colors":{"0":"#420e00"},"read_cam0:size":5,"read_cam0:x":18.80000000000001,"read_cam0:y":60.10000000000002,"renderer1:x":1281.9642040438125,"renderer1:y":638.4306062357946,"renderer1:size":14.895527870487141},{"id":52240,"nodelink":{"x":28.873,"y":18.253},"geo":{"latitudeDiff":0,"longitudeDiff":0},"data":{"properties":{"file_number":"72015","jurisdiction":"PMA","name":"CLAREVILLE CONSULTING INC.","status":"REN","inactivationDate":"04-AUG-2014","struck_off_date":"15-JUL-2016","registrationDate":"27-MAY-2013"},"categories":{"0":"Company"},"statistics":{"digest":{"0":{"edgeType":"is officer of","nodeCategories":{"0":"Officer"},"nodes":7,"edges":7},"1":{"edgeType":"registered","nodeCategories":{"0":"Client"},"nodes":1,"edges":1}},"edgeCount":8,"visibleEdgeCount":3,"hiddenEdgeCount":5}},"label":"CLAREVILLE CONSULTING INC.","x":14.400000000000006,"y":14.700000000000001,"fixed":true,"size":1,"glyphs":{"0":{"draw":true,"position":"top-right","content":"5"},"1":{"draw":true,"position":"bottom-right","font":"FontAwesome","textColor":"#000","content":""}},"active":false,"color":"#420e00","icon":{"font":"FontAwesome","scale":1,"color":"#fff","content":""},"fa2_x":14.400000000000006,"fa2_y":14.700000000000001,"colors":{"0":"#420e00"},"read_cam0:size":5,"read_cam0:x":14.400000000000006,"read_cam0:y":14.700000000000001,"renderer1:x":1264.7431375313117,"renderer1:y":460.74051085680986,"renderer1:size":14.895527870487141},{"id":74678,"nodelink":{"x":13.63,"y":23.019},"geo":{"latitudeDiff":0,"longitudeDiff":0},"data":{"properties":{"file_number":"6029527","jurisdiction":"BVI","name":"GREENEAGLES ENTERPRISES INC.","status":"PXC","inactivationDate":"","struck_off_date":"31-OCT-2015","registrationDate":"29-MAY-2012"},"categories":{"0":"Company"},"statistics":{"digest":{"0":{"edgeType":"is officer of","nodeCategories":{"0":"Officer"},"nodes":9,"edges":10},"1":{"edgeType":"registered","nodeCategories":{"0":"Client"},"nodes":1,"edges":1}},"edgeCount":11,"visibleEdgeCount":5,"hiddenEdgeCount":6}},"label":"GREENEAGLES ENTERPRISES INC.","x":14.600000000000001,"y":30.30000000000001,"fixed":true,"size":1,"glyphs":{"0":{"draw":true,"position":"top-right","content":"6"},"1":{"draw":true,"position":"bottom-right","font":"FontAwesome","textColor":"#000","content":""}},"active":false,"color":"#420e00","icon":{"font":"FontAwesome","scale":1,"color":"#fff","content":""},"fa2_x":14.600000000000001,"fa2_y":30.30000000000001,"colors":{"0":"#420e00"},"read_cam0:size":5,"read_cam0:x":14.600000000000001,"read_cam0:y":30.30000000000001,"renderer1:x":1265.52591328188,"renderer1:y":521.7970194011307,"renderer1:size":14.895527870487141},{"id":97508,"nodelink":{"x":-8.901,"y":-24.723},"geo":{"latitudeDiff":0,"longitudeDiff":0},"data":{"properties":{"file_number":"6018863","jurisdiction":"BVI","name":"CORAL TRADING GLOBAL INC.","status":"PXC","inactivationDate":"","struck_off_date":"31-OCT-2015","registrationDate":"15-FEB-2011"},"categories":{"0":"Company"},"statistics":{"digest":{"0":{"edgeType":"is officer of","nodeCategories":{"0":"Officer"},"nodes":9,"edges":9},"1":{"edgeType":"registered","nodeCategories":{"0":"Client"},"nodes":1,"edges":1}},"edgeCount":10,"visibleEdgeCount":4,"hiddenEdgeCount":6}},"label":"CORAL TRADING GLOBAL INC.","x":12.400000000000006,"y":-55.69999999999996,"fixed":true,"size":1,"glyphs":{"0":{"draw":true,"position":"top-right","content":"6"},"1":{"draw":true,"position":"bottom-right","font":"FontAwesome","textColor":"#000","content":""}},"active":false,"color":"#420e00","icon":{"font":"FontAwesome","scale":1,"color":"#fff","content":""},"fa2_x":12.400000000000006,"fa2_y":-55.69999999999996,"colors":{"0":"#420e00"},"read_cam0:size":5,"read_cam0:x":12.400000000000006,"read_cam0:y":-55.69999999999996,"renderer1:x":1256.9153800256297,"renderer1:y":185.20344665679852,"renderer1:size":14.895527870487141},{"id":148374,"nodelink":{"x":-10.17,"y":13.603},"geo":{"latitudeDiff":0,"longitudeDiff":0},"data":{"properties":{"file_number":"6036338","jurisdiction":"BVI","name":"LASTING IMPACT INC.","status":"PXC","inactivationDate":"","struck_off_date":"31-OCT-2015","registrationDate":"24-JUN-2013"},"categories":{"0":"Company"},"statistics":{"digest":{"0":{"edgeType":"is officer of","nodeCategories":{"0":"Officer"},"nodes":2,"edges":2},"1":{"edgeType":"registered","nodeCategories":{"0":"Client"},"nodes":1,"edges":1}},"edgeCount":3,"visibleEdgeCount":1,"hiddenEdgeCount":2}},"label":"LASTING IMPACT INC.","x":15.600000000000009,"y":37.90000000000001,"fixed":true,"size":1,"glyphs":{"0":{"draw":true,"position":"top-right","content":"2"},"1":{"draw":true,"position":"bottom-right","font":"FontAwesome","textColor":"#000","content":""}},"active":false,"color":"#420e00","icon":{"font":"FontAwesome","scale":1,"color":"#fff","content":""},"fa2_x":15.600000000000009,"fa2_y":37.90000000000001,"colors":{"0":"#420e00"},"read_cam0:size":5,"read_cam0:x":15.600000000000009,"read_cam0:y":37.90000000000001,"renderer1:x":1269.439792034721,"renderer1:y":551.5424979227228,"renderer1:size":14.895527870487141},{"id":153699,"nodelink":{"x":-10.671,"y":31.963},"geo":{"latitudeDiff":0,"longitudeDiff":0},"data":{"properties":{"file_number":"74696","jurisdiction":"PMA","name":"CRAWLEY PORTFOLIO INC.","status":"REN","inactivationDate":"04-AUG-2014","struck_off_date":"15-JUL-2016","registrationDate":"14-MAR-2014"},"categories":{"0":"Company"},"statistics":{"digest":{"0":{"edgeType":"is officer of","nodeCategories":{"0":"Officer"},"nodes":5,"edges":5},"1":{"edgeType":"registered","nodeCategories":{"0":"Client"},"nodes":1,"edges":1}},"edgeCount":6,"visibleEdgeCount":3,"hiddenEdgeCount":3}},"label":"CRAWLEY PORTFOLIO INC.","x":17.60000000000001,"y":45.30000000000001,"fixed":true,"size":1,"glyphs":{"0":{"draw":true,"position":"top-right","content":"3"},"1":{"draw":true,"position":"bottom-right","font":"FontAwesome","textColor":"#000","content":""}},"active":false,"color":"#420e00","icon":{"font":"FontAwesome","scale":1,"color":"#fff","content":""},"fa2_x":17.60000000000001,"fa2_y":45.30000000000001,"colors":{"0":"#420e00"},"read_cam0:size":5,"read_cam0:x":17.60000000000001,"read_cam0:y":45.30000000000001,"renderer1:x":1277.2675495404033,"renderer1:y":580.5052006937467,"renderer1:size":14.895527870487141},{"id":167964,"nodelink":{"x":-15.694,"y":-13.16},"geo":{"latitudeDiff":0,"longitudeDiff":0},"data":{"properties":{"file_number":"6034194","jurisdiction":"BVI","name":"CLOVER PALAIS MANAGEMENT LTD.","status":"PXC","inactivationDate":"","struck_off_date":"31-OCT-2015","registrationDate":"01-FEB-2013"},"categories":{"0":"Company"},"statistics":{"digest":{"0":{"edgeType":"is officer of","nodeCategories":{"0":"Officer"},"nodes":8,"edges":8},"1":{"edgeType":"registered","nodeCategories":{"0":"Client"},"nodes":1,"edges":1}},"edgeCount":9,"visibleEdgeCount":4,"hiddenEdgeCount":5}},"label":"CLOVER PALAIS MANAGEMENT LTD.","x":15.799999999999997,"y":-9.100000000000003,"fixed":true,"size":1,"glyphs":{"0":{"draw":true,"position":"top-right","content":"5"},"1":{"draw":true,"position":"bottom-right","font":"FontAwesome","textColor":"#000","content":""}},"active":false,"color":"#420e00","icon":{"font":"FontAwesome","scale":1,"color":"#fff","content":""},"fa2_x":15.799999999999997,"fa2_y":-9.100000000000003,"colors":{"0":"#420e00"},"read_cam0:size":5,"read_cam0:x":15.799999999999997,"read_cam0:y":-9.100000000000003,"renderer1:x":1270.2225677852894,"renderer1:y":367.59019653919233,"renderer1:size":14.895527870487141},{"id":177696,"nodelink":{"x":26.77,"y":-18.244},"geo":{"latitudeDiff":0,"longitudeDiff":0},"data":{"properties":{"file_number":"6010773","jurisdiction":"BVI","name":"LINSTON PERFECT INVESTMENT LTD.","status":"CAR","inactivationDate":"30-OCT-2014","struck_off_date":"31-OCT-2015","registrationDate":"12-MAR-2010"},"categories":{"0":"Company"},"statistics":{"digest":{"0":{"edgeType":"is officer of","nodeCategories":{"0":"Officer"},"nodes":8,"edges":8},"1":{"edgeType":"registered","nodeCategories":{"0":"Client"},"nodes":1,"edges":1}},"edgeCount":9,"visibleEdgeCount":4,"hiddenEdgeCount":5}},"label":"LINSTON PERFECT INVESTMENT LTD.","x":15,"y":-17.900000000000006,"fixed":true,"size":1,"glyphs":{"0":{"draw":true,"position":"top-right","content":"5"},"1":{"draw":true,"position":"bottom-right","font":"FontAwesome","textColor":"#000","content":""}},"active":false,"color":"#420e00","icon":{"font":"FontAwesome","scale":1,"color":"#fff","content":""},"fa2_x":15,"fa2_y":-17.900000000000006,"colors":{"0":"#420e00"},"read_cam0:size":5,"read_cam0:x":15,"read_cam0:y":-17.900000000000006,"renderer1:x":1267.0914647830164,"renderer1:y":333.1480635141909,"renderer1:size":14.895527870487141},{"id":200179,"nodelink":{"x":-28.356,"y":-18.342},"geo":{"latitudeDiff":0,"longitudeDiff":0},"data":{"properties":{"file_number":"704846","jurisdiction":"PMA","name":"TANBURY FOUNDATION","status":"REN","inactivationDate":"04-AUG-2014","struck_off_date":"15-JUL-2016","registrationDate":"24-APR-2013"},"categories":{"0":"Company"},"statistics":{"digest":{"0":{"edgeType":"registered","nodeCategories":{"0":"Client"},"nodes":1,"edges":1}},"edgeCount":1,"visibleEdgeCount":1,"hiddenEdgeCount":0}},"label":"TANBURY FOUNDATION","x":12.000000000000007,"y":-46.29999999999997,"fixed":true,"size":1,"glyphs":{"0":{"draw":false,"position":"top-right","content":"0"},"1":{"draw":true,"position":"bottom-right","font":"FontAwesome","textColor":"#000","content":""}},"active":false,"color":"#420e00","icon":{"font":"FontAwesome","scale":1,"color":"#fff","content":""},"fa2_x":12.000000000000007,"fa2_y":-46.29999999999997,"colors":{"0":"#420e00"},"read_cam0:size":5,"read_cam0:x":12.000000000000007,"read_cam0:y":-46.29999999999997,"renderer1:x":1255.3498285244932,"renderer1:y":221.99390693350458,"renderer1:size":14.895527870487141},{"id":205152,"nodelink":{"x":2,"y":19.962},"geo":{"latitudeDiff":0,"longitudeDiff":0},"data":{"properties":{"file_number":"74697","jurisdiction":"PMA","name":"DANE TRADING INC.","status":"REN","inactivationDate":"04-AUG-2014","struck_off_date":"15-JUL-2016","registrationDate":"17-MAR-2014"},"categories":{"0":"Company"},"statistics":{"digest":{"0":{"edgeType":"is officer of","nodeCategories":{"0":"Officer"},"nodes":5,"edges":5},"1":{"edgeType":"registered","nodeCategories":{"0":"Client"},"nodes":1,"edges":1}},"edgeCount":6,"visibleEdgeCount":3,"hiddenEdgeCount":3}},"label":"DANE TRADING INC.","x":18.200000000000017,"y":53.100000000000016,"fixed":true,"size":1,"glyphs":{"0":{"draw":true,"position":"top-right","content":"3"},"1":{"draw":true,"position":"bottom-right","font":"FontAwesome","textColor":"#000","content":""}},"active":false,"color":"#420e00","icon":{"font":"FontAwesome","scale":1,"color":"#fff","content":""},"fa2_x":18.200000000000017,"fa2_y":53.100000000000016,"colors":{"0":"#420e00"},"read_cam0:size":5,"read_cam0:x":18.200000000000017,"read_cam0:y":53.100000000000016,"renderer1:x":1279.6158767921079,"renderer1:y":611.0334549659071,"renderer1:size":14.895527870487141},{"id":238872,"nodelink":{"x":4.904,"y":-31.933},"geo":{"latitudeDiff":0,"longitudeDiff":0},"data":{"properties":{"file_number":"6036005","jurisdiction":"BVI","name":"GALAXY NIGHT WORLDWIDE INC.","status":"PXC","inactivationDate":"","struck_off_date":"31-OCT-2015","registrationDate":"30-MAY-2013"},"categories":{"0":"Company"},"statistics":{"digest":{"0":{"edgeType":"is officer of","nodeCategories":{"0":"Officer"},"nodes":6,"edges":6},"1":{"edgeType":"registered","nodeCategories":{"0":"Client"},"nodes":1,"edges":1}},"edgeCount":7,"visibleEdgeCount":4,"hiddenEdgeCount":3}},"label":"GALAXY NIGHT WORLDWIDE INC.","x":12.800000000000004,"y":-36.09999999999998,"fixed":true,"size":1,"glyphs":{"0":{"draw":true,"position":"top-right","content":"3"},"1":{"draw":true,"position":"bottom-right","font":"FontAwesome","textColor":"#000","content":""}},"active":false,"color":"#420e00","icon":{"font":"FontAwesome","scale":1,"color":"#fff","content":""},"fa2_x":12.800000000000004,"fa2_y":-36.09999999999998,"colors":{"0":"#420e00"},"read_cam0:size":5,"read_cam0:x":12.800000000000004,"read_cam0:y":-36.09999999999998,"renderer1:x":1258.4809315267662,"renderer1:y":261.91547021248346,"renderer1:size":14.895527870487141},{"id":249058,"nodelink":{"x":19.236,"y":9.225},"geo":{"latitudeDiff":0,"longitudeDiff":0},"data":{"properties":{"file_number":"6026479","jurisdiction":"BVI","name":"Speedfast Services Capital Limited","status":"PXC","inactivationDate":"","struck_off_date":"31-OCT-2015","registrationDate":"30-JAN-2012"},"categories":{"0":"Company"},"statistics":{"digest":{"0":{"edgeType":"is officer of","nodeCategories":{"0":"Officer"},"nodes":8,"edges":9},"1":{"edgeType":"registered","nodeCategories":{"0":"Client"},"nodes":1,"edges":1}},"edgeCount":10,"visibleEdgeCount":5,"hiddenEdgeCount":5}},"label":"Speedfast Services Capital Limited","x":14.600000000000001,"y":6.9,"fixed":true,"size":1,"glyphs":{"0":{"draw":true,"position":"top-right","content":"5"},"1":{"draw":true,"position":"bottom-right","font":"FontAwesome","textColor":"#000","content":""}},"active":false,"color":"#420e00","icon":{"font":"FontAwesome","scale":1,"color":"#fff","content":""},"fa2_x":14.600000000000001,"fa2_y":6.9,"colors":{"0":"#420e00"},"read_cam0:size":5,"read_cam0:x":14.600000000000001,"read_cam0:y":6.9,"renderer1:x":1265.52591328188,"renderer1:y":430.2122565846495,"renderer1:size":14.895527870487141},{"id":265251,"nodelink":{"x":4.465,"y":-17.901},"geo":{"latitudeDiff":0,"longitudeDiff":0},"data":{"properties":{"file_number":"6026785","jurisdiction":"BVI","name":"BURNSWICK HOLDINGS CORPORATION","status":"PXC","inactivationDate":"","struck_off_date":"31-OCT-2015","registrationDate":"13-FEB-2012"},"categories":{"0":"Company"},"statistics":{"digest":{"0":{"edgeType":"is officer of","nodeCategories":{"0":"Officer"},"nodes":11,"edges":12},"1":{"edgeType":"registered","nodeCategories":{"0":"Client"},"nodes":1,"edges":1}},"edgeCount":13,"visibleEdgeCount":4,"hiddenEdgeCount":9}},"label":"BURNSWICK HOLDINGS CORPORATION","x":13.399999999999991,"y":-28.1,"fixed":true,"size":1,"glyphs":{"0":{"draw":true,"position":"top-right","content":"9"},"1":{"draw":true,"position":"bottom-right","font":"FontAwesome","textColor":"#000","content":""}},"active":false,"color":"#420e00","icon":{"font":"FontAwesome","scale":1,"color":"#fff","content":""},"fa2_x":13.399999999999991,"fa2_y":-28.1,"colors":{"0":"#420e00"},"read_cam0:size":5,"read_cam0:x":13.399999999999991,"read_cam0:y":-28.1,"renderer1:x":1260.8292587784706,"renderer1:y":293.226500235212,"renderer1:size":14.895527870487141},{"id":661272,"data":{"properties":{"name":"CARLOS ALBERTO GUTIERREZ ROBAYO","citizenship":"NO","pep":"YES","passport_copy":"Y"},"categories":{"0":"Officer"},"statistics":{"digest":{"0":{"edgeType":"registered address","nodeCategories":{"0":"Address"},"nodes":1,"edges":1},"1":{"edgeType":"is officer of","nodeCategories":{"0":"Company"},"nodes":1,"edges":1}},"edgeCount":2,"visibleEdgeCount":1,"hiddenEdgeCount":1}},"label":"CARLOS ALBERTO GUTIERREZ ROBAYO","x":99.37303096129982,"y":47.53630017452012,"size":1,"glyphs":{"0":{"draw":true,"position":"top-right","content":"1"},"1":{"draw":true,"position":"bottom-right","font":"FontAwesome","textColor":"#000","content":""}},"color":"#be4400","icon":{"font":"FontAwesome","scale":1,"color":"#fff","content":""},"active":false,"fa2_x":99.37303096129982,"fa2_y":47.53630017452012,"fixed":true,"colors":{"0":"#be4400"},"read_cam0:size":5,"read_cam0:x":99.37303096129982,"read_cam0:y":47.53630017452012,"renderer1:x":1597.31727797525,"renderer1:y":589.2578084317757,"renderer1:size":14.895527870487141},{"id":651505,"data":{"properties":{"name":"CARLOS ALBERTO GUTIERREZ ROBAYO","citizenship":"NO","pep":"YES","passport_copy":"Y"},"categories":{"0":"Officer"},"statistics":{"digest":{"0":{"edgeType":"registered address","nodeCategories":{"0":"Address"},"nodes":1,"edges":1},"1":{"edgeType":"is officer of","nodeCategories":{"0":"Company"},"nodes":6,"edges":6}},"edgeCount":7,"visibleEdgeCount":6,"hiddenEdgeCount":1}},"label":"CARLOS ALBERTO GUTIERREZ ROBAYO","x":-69.58267690348039,"y":51.914569508897465,"size":1,"glyphs":{"0":{"draw":true,"position":"top-right","content":"1"},"1":{"draw":true,"position":"bottom-right","font":"FontAwesome","textColor":"#000","content":""}},"color":"#be4400","icon":{"font":"FontAwesome","scale":1,"color":"#fff","content":""},"active":false,"fa2_x":-57.20392231119363,"fa2_y":52.37509947643979,"fixed":true,"colors":{"0":"#be4400"},"read_cam0:size":5,"read_cam0:x":-69.58267690348039,"read_cam0:y":51.914569508897465,"renderer1:x":936.0451227920632,"renderer1:y":606.3938237538109,"renderer1:size":14.895527870487141},{"id":410006,"data":{"properties":{"name":"CARLOS ALBERTO GUTIERREZ ROBAYO","certificateNumber":"1","numbershares":"50","classofshares":"","dateofissue":"29-05-2012","ceasedmembership":"16-08-2013","transferdate":"","sharestransferred":"","newcertificate":"","custodianname":"","custodianaddress":"","citizenship":"NO","pep":"NO","rst":"PEP","registerlocation":"TRENACO   CARRERA 11 NO. 82-01 PISO 10   BOGOTA   COLOMBIA."},"categories":{"0":"Officer"},"statistics":{"digest":{"0":{"edgeType":"registered address","nodeCategories":{"0":"Address"},"nodes":1,"edges":1},"1":{"edgeType":"is officer of","nodeCategories":{"0":"Company"},"nodes":12,"edges":13}},"edgeCount":14,"visibleEdgeCount":13,"hiddenEdgeCount":1}},"label":"CARLOS ALBERTO GUTIERREZ ROBAYO","x":106.1789646436733,"y":-10.423909249563664,"size":1,"glyphs":{"0":{"draw":true,"position":"top-right","content":"1"},"1":{"draw":true,"position":"bottom-right","font":"FontAwesome","textColor":"#000","content":""}},"color":"#be4400","icon":{"font":"FontAwesome","scale":1,"color":"#fff","content":""},"active":false,"fa2_x":106.1789646436733,"fa2_y":-10.423909249563664,"fixed":true,"colors":{"0":"#be4400"},"read_cam0:size":5,"read_cam0:x":106.1789646436733,"read_cam0:y":-10.423909249563664,"renderer1:x":1623.9548772079368,"renderer1:y":362.40857625663534,"renderer1:size":14.895527870487141},{"id":407761,"data":{"properties":{"name":"CARLOS ALBERTO GUTIERREZ ROBAYO","certificateNumber":"1","numbershares":"25,000","classofshares":"","dateofissue":"30-01-2012","ceasedmembership":"23-08-2013","transferdate":"","sharestransferred":"","newcertificate":"","custodianname":"","custodianaddress":"","citizenship":"NO","pep":"NO","rst":"NOT NEGATIVE RESULT(SEARCHES CONDUCTED)","registerlocation":"TRENACO   CARRERA 11 NO. 82-01 PISO 10   BOGOTA   COLOMBIA"},"categories":{"0":"Officer"},"statistics":{"digest":{"0":{"edgeType":"registered address","nodeCategories":{"0":"Address"},"nodes":1,"edges":1},"1":{"edgeType":"is officer of","nodeCategories":{"0":"Company"},"nodes":12,"edges":13}},"edgeCount":14,"visibleEdgeCount":13,"hiddenEdgeCount":1}},"label":"CARLOS ALBERTO GUTIERREZ ROBAYO","x":-50.97884750602281,"y":-82.68960789623684,"size":1,"glyphs":{"0":{"draw":true,"position":"top-right","content":"1"},"1":{"draw":true,"position":"bottom-right","font":"FontAwesome","textColor":"#000","content":""}},"color":"#be4400","icon":{"font":"FontAwesome","scale":1,"color":"#fff","content":""},"active":false,"fa2_x":-64.72958679875781,"fa2_y":-50.600872600349,"fixed":true,"colors":{"0":"#be4400"},"read_cam0:size":5,"read_cam0:x":-50.97884750602281,"read_cam0:y":-82.68960789623684,"renderer1:x":1008.8582553922525,"renderer1:y":79.56939376420536,"renderer1:size":14.895527870487141}],"edges":[{"id":745062,"source":587362,"target":177696,"data":{"properties":{},"type":"registered"},"label":"registered","size":1,"active":false,"color":"#8a6960","hover":false,"read_cam0:size":2,"renderer1:size":5.958211148194857},{"id":748119,"source":587362,"target":249058,"data":{"properties":{},"type":"registered"},"label":"registered","size":1,"active":false,"color":"#8a6960","hover":false,"read_cam0:size":2,"renderer1:size":5.958211148194857},{"id":749010,"source":587362,"target":97508,"data":{"properties":{},"type":"registered"},"label":"registered","size":1,"active":false,"color":"#8a6960","hover":false,"read_cam0:size":2,"renderer1:size":5.958211148194857},{"id":753768,"source":587362,"target":265251,"data":{"properties":{},"type":"registered"},"label":"registered","size":1,"active":false,"color":"#8a6960","hover":false,"read_cam0:size":2,"renderer1:size":5.958211148194857},{"id":755353,"source":587362,"target":74678,"data":{"properties":{},"type":"registered"},"label":"registered","size":1,"active":false,"color":"#8a6960","hover":false,"read_cam0:size":2,"renderer1:size":5.958211148194857},{"id":755541,"source":587362,"target":167964,"data":{"properties":{},"type":"registered"},"label":"registered","size":1,"active":false,"color":"#8a6960","hover":false,"read_cam0:size":2,"renderer1:size":5.958211148194857},{"id":757307,"source":587362,"target":148374,"data":{"properties":{},"type":"registered"},"label":"registered","size":1,"active":false,"color":"#8a6960","hover":false,"read_cam0:size":2,"renderer1:size":5.958211148194857},{"id":757818,"source":587362,"target":238872,"data":{"properties":{},"type":"registered"},"label":"registered","size":1,"active":false,"color":"#8a6960","hover":false,"read_cam0:size":2,"renderer1:size":5.958211148194857},{"id":768505,"source":587362,"target":3562,"data":{"properties":{},"type":"registered"},"label":"registered","size":1,"active":false,"color":"#8a6960","hover":false,"read_cam0:size":2,"renderer1:size":5.958211148194857},{"id":771616,"source":587362,"target":47850,"data":{"properties":{},"type":"registered"},"label":"registered","size":1,"active":false,"color":"#8a6960","hover":false,"read_cam0:size":2,"renderer1:size":5.958211148194857},{"id":772031,"source":587362,"target":5603,"data":{"properties":{},"type":"registered"},"label":"registered","size":1,"active":false,"color":"#8a6960","hover":false,"read_cam0:size":2,"renderer1:size":5.958211148194857},{"id":772453,"source":587362,"target":52240,"data":{"properties":{},"type":"registered"},"label":"registered","size":1,"active":false,"color":"#8a6960","hover":false,"read_cam0:size":2,"renderer1:size":5.958211148194857},{"id":773266,"source":587362,"target":200179,"data":{"properties":{},"type":"registered"},"label":"registered","size":1,"active":false,"color":"#8a6960","hover":false,"read_cam0:size":2,"renderer1:size":5.958211148194857},{"id":779394,"source":587362,"target":205152,"data":{"properties":{},"type":"registered"},"label":"registered","size":1,"active":false,"color":"#8a6960","hover":false,"read_cam0:size":2,"renderer1:size":5.958211148194857},{"id":814060,"source":587362,"target":153699,"data":{"properties":{},"type":"registered"},"label":"registered","size":1,"active":false,"color":"#8a6960","hover":false,"read_cam0:size":2,"renderer1:size":5.958211148194857},{"id":61100,"source":661272,"target":249058,"data":{"properties":{"name":"Beneficiay"},"type":"is officer of"},"label":"Beneficiay","size":1,"color":"#d48a60","active":false,"hover":false,"read_cam0:size":2,"renderer1:size":5.958211148194857},{"id":53058,"source":651505,"target":265251,"data":{"properties":{"name":"Beneficiay"},"type":"is officer of"},"label":"Beneficiay","size":1,"color":"#d48a60","active":false,"hover":false,"read_cam0:size":2,"renderer1:size":5.958211148194857},{"id":53060,"source":651505,"target":74678,"data":{"properties":{"name":"Beneficiay"},"type":"is officer of"},"label":"Beneficiay","size":1,"color":"#d48a60","active":false,"hover":false,"read_cam0:size":2,"renderer1:size":5.958211148194857},{"id":53057,"source":651505,"target":97508,"data":{"properties":{"name":"Beneficiay"},"type":"is officer of"},"label":"Beneficiay","size":1,"color":"#d48a60","active":false,"hover":false,"read_cam0:size":2,"renderer1:size":5.958211148194857},{"id":53061,"source":651505,"target":167964,"data":{"properties":{"name":"Beneficiay"},"type":"is officer of"},"label":"Beneficiay","size":1,"color":"#d48a60","active":false,"hover":false,"read_cam0:size":2,"renderer1:size":5.958211148194857},{"id":53059,"source":651505,"target":177696,"data":{"properties":{"name":"Beneficiay"},"type":"is officer of"},"label":"Beneficiay","size":1,"color":"#d48a60","active":false,"hover":false,"read_cam0:size":2,"renderer1:size":5.958211148194857},{"id":53056,"source":651505,"target":238872,"data":{"properties":{"name":"Beneficiay"},"type":"is officer of"},"label":"Beneficiay","size":1,"color":"#d48a60","active":false,"read_cam0:size":2,"renderer1:size":5.958211148194857},{"id":68462,"source":410006,"target":265251,"data":{"properties":{"name":"Beneficial Owner"},"type":"is officer of"},"label":"Beneficial Owner","size":1,"color":"#d48a60","active":false,"hover":false,"read_cam0:size":2,"renderer1:size":5.958211148194857},{"id":68463,"source":410006,"target":74678,"data":{"properties":{"name":"Beneficial Owner"},"type":"is officer of"},"label":"Beneficial Owner","size":1,"type":"curvedArrow","cc":{"y":null},"color":"#d48a60","active":false,"hover":false,"read_cam0:size":2,"renderer1:size":5.958211148194857},{"id":580391,"source":410006,"target":74678,"data":{"properties":{"name":"Shareholder"},"type":"is officer of"},"label":"Shareholder","size":1,"type":"curvedArrow","cc":{"y":2},"color":"#d48a60","active":false,"hover":false,"read_cam0:size":2,"renderer1:size":5.958211148194857},{"id":68460,"source":410006,"target":97508,"data":{"properties":{"name":"Beneficial Owner"},"type":"is officer of"},"label":"Beneficial Owner","size":1,"color":"#d48a60","active":false,"read_cam0:size":2,"renderer1:size":5.958211148194857},{"id":68461,"source":410006,"target":249058,"data":{"properties":{"name":"Beneficial Owner"},"type":"is officer of"},"label":"Beneficial Owner","size":1,"color":"#d48a60","active":false,"hover":false,"read_cam0:size":2,"renderer1:size":5.958211148194857},{"id":68459,"source":410006,"target":177696,"data":{"properties":{"name":"Beneficial Owner"},"type":"is officer of"},"label":"Beneficial Owner","size":1,"color":"#d48a60","active":false,"read_cam0:size":2,"renderer1:size":5.958211148194857},{"id":68464,"source":410006,"target":167964,"data":{"properties":{"name":"Beneficial Owner"},"type":"is officer of"},"label":"Beneficial Owner","size":1,"color":"#d48a60","active":false,"hover":false,"read_cam0:size":2,"renderer1:size":5.958211148194857},{"id":68468,"source":410006,"target":52240,"data":{"properties":{"name":"Beneficial Owner"},"type":"is officer of"},"label":"Beneficial Owner","size":1,"color":"#d48a60","active":false,"hover":false,"read_cam0:size":2,"renderer1:size":5.958211148194857},{"id":68465,"source":410006,"target":238872,"data":{"properties":{"name":"Beneficial Owner"},"type":"is officer of"},"label":"Beneficial Owner","size":1,"color":"#d48a60","active":false,"hover":false,"read_cam0:size":2,"renderer1:size":5.958211148194857},{"id":68467,"source":410006,"target":47850,"data":{"properties":{"name":"Beneficial Owner"},"type":"is officer of"},"label":"Beneficial Owner","size":1,"color":"#d48a60","active":false,"hover":false,"read_cam0:size":2,"renderer1:size":5.958211148194857},{"id":68469,"source":410006,"target":153699,"data":{"properties":{"name":"Beneficial Owner"},"type":"is officer of"},"label":"Beneficial Owner","size":1,"color":"#d48a60","active":false,"hover":false,"read_cam0:size":2,"renderer1:size":5.958211148194857},{"id":68470,"source":410006,"target":205152,"data":{"properties":{"name":"Beneficial Owner"},"type":"is officer of"},"label":"Beneficial Owner","size":1,"color":"#d48a60","active":false,"hover":false,"read_cam0:size":2,"renderer1:size":5.958211148194857},{"id":68466,"source":410006,"target":3562,"data":{"properties":{"name":"Beneficial Owner"},"type":"is officer of"},"label":"Beneficial Owner","size":1,"color":"#d48a60","active":false,"hover":false,"read_cam0:size":2,"renderer1:size":5.958211148194857},{"id":68474,"source":407761,"target":265251,"data":{"properties":{"name":"Beneficial Owner"},"type":"is officer of"},"label":"Beneficial Owner","size":1,"color":"#d48a60","active":false,"hover":false,"read_cam0:size":2,"renderer1:size":5.958211148194857},{"id":68475,"source":407761,"target":74678,"data":{"properties":{"name":"Beneficial Owner"},"type":"is officer of"},"label":"Beneficial Owner","size":1,"color":"#d48a60","active":false,"hover":false,"read_cam0:size":2,"renderer1:size":5.958211148194857},{"id":68472,"source":407761,"target":97508,"data":{"properties":{"name":"Beneficial Owner"},"type":"is officer of"},"label":"Beneficial Owner","size":1,"color":"#d48a60","active":false,"hover":false,"read_cam0:size":2,"renderer1:size":5.958211148194857},{"id":390692,"source":407761,"target":249058,"data":{"properties":{"name":"Shareholder"},"type":"is officer of"},"label":"Shareholder","size":1,"type":"curvedArrow","cc":{"y":null},"color":"#d48a60","active":false,"hover":false,"read_cam0:size":2,"renderer1:size":5.958211148194857},{"id":68473,"source":407761,"target":249058,"data":{"properties":{"name":"Beneficial Owner"},"type":"is officer of"},"label":"Beneficial Owner","size":1,"type":"curvedArrow","cc":{"y":2},"color":"#d48a60","active":false,"hover":false,"read_cam0:size":2,"renderer1:size":5.958211148194857},{"id":68471,"source":407761,"target":177696,"data":{"properties":{"name":"Beneficial Owner"},"type":"is officer of"},"label":"Beneficial Owner","size":1,"color":"#d48a60","active":false,"hover":false,"read_cam0:size":2,"renderer1:size":5.958211148194857},{"id":68476,"source":407761,"target":167964,"data":{"properties":{"name":"Beneficial Owner"},"type":"is officer of"},"label":"Beneficial Owner","size":1,"color":"#d48a60","active":false,"read_cam0:size":2,"renderer1:size":5.958211148194857},{"id":68480,"source":407761,"target":52240,"data":{"properties":{"name":"Beneficial Owner"},"type":"is officer of"},"label":"Beneficial Owner","size":1,"color":"#d48a60","active":false,"read_cam0:size":2,"renderer1:size":5.958211148194857},{"id":68477,"source":407761,"target":238872,"data":{"properties":{"name":"Beneficial Owner"},"type":"is officer of"},"label":"Beneficial Owner","size":1,"color":"#d48a60","active":false,"read_cam0:size":2,"renderer1:size":5.958211148194857},{"id":68479,"source":407761,"target":47850,"data":{"properties":{"name":"Beneficial Owner"},"type":"is officer of"},"label":"Beneficial Owner","size":1,"color":"#d48a60","active":false,"hover":false,"read_cam0:size":2,"renderer1:size":5.958211148194857},{"id":68481,"source":407761,"target":153699,"data":{"properties":{"name":"Beneficial Owner"},"type":"is officer of"},"label":"Beneficial Owner","size":1,"color":"#d48a60","active":false,"read_cam0:size":2,"renderer1:size":5.958211148194857},{"id":68482,"source":407761,"target":205152,"data":{"properties":{"name":"Beneficial Owner"},"type":"is officer of"},"label":"Beneficial Owner","size":1,"color":"#d48a60","active":false,"hover":false,"read_cam0:size":2,"renderer1:size":5.958211148194857},{"id":68478,"source":407761,"target":3562,"data":{"properties":{"name":"Beneficial Owner"},"type":"is officer of"},"label":"Beneficial Owner","size":1,"color":"#d48a60","active":false,"read_cam0:size":2,"renderer1:size":5.958211148194857}]}