{"nodes":[{"id":193820,"nodelink":{"x":19.6,"y":-8.1,"fixed":true},"geo":{"latitudeDiff":0,"longitudeDiff":0},"data":{"properties":{"file_number":"58459","jurisdiction":"PMA","name":"MERCIER INTERNATIONAL S.A.","status":"CAR","inactivationDate":"19-JUN-2014","struck_off_date":"15-JUL-2015","registrationDate":"19-MAY-2010"},"categories":{"0":"Company"},"statistics":{"digest":{"0":{"edgeType":"is officer of","nodeCategories":{"0":"Officer"},"nodes":3,"edges":3},"1":{"edgeType":"registered","nodeCategories":{"0":"Client"},"nodes":1,"edges":1}},"edgeCount":4,"visibleEdgeCount":4,"hiddenEdgeCount":0}},"label":"MERCIER INTERNATIONAL S.A.","x":19.6,"y":-8.1,"fixed":true,"size":1,"glyphs":{"0":{"draw":false,"position":"top-right","content":"0"}},"colors":{"0":"#420e00"},"color":"#420e00","icon":{"font":"FontAwesome","scale":1,"color":"#fff","content":""},"read_cam0:size":5,"read_cam0:x":19.6,"read_cam0:y":-8.1,"renderer1:x":1311,"renderer1:y":373,"renderer1:size":31.547867224009664},{"id":460599,"nodelink":{"x":52.6,"y":8.3,"fixed":true},"geo":{"latitudeDiff":0,"longitudeDiff":0},"data":{"properties":{"name":"EL PORTADOR","certificateNumber":"1","numbershares":"50","classofshares":"","dateofissue":"20-05-2010","ceasedmembership":"","transferdate":"","sharestransferred":"","newcertificate":"","custodianname":"","custodianaddress":"","citizenship":"NO","pep":"NO","rst":"NOT NEGATIVE RESULT","registerlocation":""},"categories":{"0":"Officer"},"statistics":{"digest":{"0":{"edgeType":"is officer of","nodeCategories":{"0":"Company"},"nodes":1,"edges":1}},"edgeCount":1,"visibleEdgeCount":1,"hiddenEdgeCount":0}},"label":"EL PORTADOR","x":36.199999999999996,"y":9.299999999999995,"fixed":true,"size":1,"glyphs":{"0":{"draw":false,"position":"top-right","content":"0"},"1":{"draw":true,"position":"bottom-right","font":"FontAwesome","textColor":"#000","content":""}},"colors":{"0":"#be4400"},"color":"#be4400","icon":{"font":"FontAwesome","scale":1,"color":"#fff","content":""},"read_cam0:size":5,"read_cam0:x":36.199999999999996,"read_cam0:y":9.299999999999995,"renderer1:x":1477,"renderer1:y":547,"renderer1:size":31.547867224009664},{"id":460600,"nodelink":{"x":41.6,"y":-34.7,"fixed":true},"geo":{"latitudeDiff":0,"longitudeDiff":0},"data":{"properties":{"name":"EL PORTADOR","certificateNumber":"2","numbershares":"50","classofshares":"","dateofissue":"20-05-2010","ceasedmembership":"","transferdate":"","sharestransferred":"","newcertificate":"","custodianname":"","custodianaddress":"","citizenship":"NO","pep":"NO","rst":"NOT NEGATIVE RESULT","registerlocation":""},"categories":{"0":"Officer"},"statistics":{"digest":{"0":{"edgeType":"is officer of","nodeCategories":{"0":"Company"},"nodes":1,"edges":1}},"edgeCount":1,"visibleEdgeCount":1,"hiddenEdgeCount":0}},"label":"EL PORTADOR","x":38.2,"y":-28.299999999999997,"fixed":true,"size":1,"glyphs":{"0":{"draw":false,"position":"top-right","content":"0"},"1":{"draw":true,"position":"bottom-right","font":"FontAwesome","textColor":"#000","content":""}},"colors":{"0":"#be4400"},"color":"#be4400","icon":{"font":"FontAwesome","scale":1,"color":"#fff","content":""},"read_cam0:size":5,"read_cam0:x":38.2,"read_cam0:y":-28.299999999999997,"renderer1:x":1497,"renderer1:y":171,"renderer1:size":31.547867224009664},{"id":585287,"nodelink":{"x":-3.059,"y":18.134},"geo":{"latitudeDiff":0,"longitudeDiff":0},"data":{"properties":{"name":"ESTUDIO CHADICOV","status":"ACTIVE","client_number":"24788","client_name":"ESTUDIO CHADICOV","prospect_date":"","active_since":"09-JUN-2010","country":"URUGUAY","city":"MONTEVIDEO","former_name":"","cross_reference":"","activity":"ACCOUNTANT / CONSULTANTS","classification":"Special rates","subclassification":"","region":"PROFESSIONAL CLIENTS IN ARGENTINA AND URUGUAY","compliance_classification":"INTRODUCER"},"categories":{"0":"Client"},"statistics":{"digest":{"0":{"edgeType":"registered","nodeCategories":{"0":"Company"},"nodes":9,"edges":9}},"edgeCount":9,"visibleEdgeCount":1,"hiddenEdgeCount":8}},"label":"ESTUDIO CHADICOV","x":-2.1999999999999993,"y":7.699999999999999,"fixed":true,"size":1,"glyphs":{"0":{"draw":true,"position":"top-right","content":"8"},"1":{"draw":true,"position":"bottom-right","font":"FontAwesome","textColor":"#000","content":""}},"colors":{"0":"#851d00"},"color":"#851d00","icon":{"font":"FontAwesome","scale":1,"color":"#fff","content":""},"read_cam0:size":5,"read_cam0:x":-2.1999999999999993,"read_cam0:y":7.699999999999999,"renderer1:x":1093,"renderer1:y":531,"renderer1:size":31.547867224009664},{"id":667758,"nodelink":{"x":-5.2,"y":-28.1,"fixed":true},"geo":{"latitudeDiff":0,"longitudeDiff":0},"data":{"properties":{"name":"Néstor Grindetti"},"categories":{"0":"Officer"},"statistics":{"digest":{"0":{"edgeType":"is officer of","nodeCategories":{"0":"Company"},"nodes":1,"edges":1}},"edgeCount":1,"visibleEdgeCount":1,"hiddenEdgeCount":0}},"label":"Néstor Grindetti","x":-5.2,"y":-28.1,"fixed":true,"size":1,"glyphs":{"0":{"draw":false,"position":"top-right","content":"0"}},"colors":{"0":"#be4400"},"color":"#be4400","icon":{"font":"FontAwesome","scale":1,"color":"#fff","content":""},"read_cam0:size":5,"read_cam0:x":-5.2,"read_cam0:y":-28.1,"renderer1:x":1063,"renderer1:y":173,"renderer1:size":31.547867224009664}],"edges":[{"id":729464,"source":585287,"target":193820,"data":{"properties":{},"type":"registered"},"label":"registered","size":1,"color":"#8a6960","hover":false,"read_cam0:size":2,"renderer1:size":12.619146889603865},{"id":69525,"source":667758,"target":193820,"data":{"properties":{"date_end":"13/07/2013","name":"Power of attorney","date_start":"15/07/2010"},"type":"is officer of"},"label":"Power of attorney","size":1,"color":"#d48a60","hover":false,"read_cam0:size":2,"renderer1:size":12.619146889603865},{"id":845339,"source":460599,"target":193820,"data":{"properties":{"name":"Shareholder"},"type":"is officer of"},"label":"Shareholder","size":1,"color":"#d48a60","hover":false,"read_cam0:size":2,"renderer1:size":12.619146889603865},{"id":845340,"source":460600,"target":193820,"data":{"properties":{"name":"Shareholder"},"type":"is officer of"},"label":"Shareholder","size":1,"color":"#d48a60","hover":false,"read_cam0:size":2,"renderer1:size":12.619146889603865}]}