{"nodes":[{"id":148166,"nodelink":{"x":-8.865,"y":-15.589,"fixed":true},"geo":{"latitudeDiff":0,"longitudeDiff":0},"data":{"properties":{"file_number":"814375","jurisdiction":"BAH","name":"HAYLANDALE LIMITED","status":"MOR","inactivationDate":"11-DEC-2015","struck_off_date":"31-DEC-2013","registrationDate":"24-JUL-2003"},"categories":{"0":"Company"},"statistics":{"digest":{"0":{"edgeType":"is officer of","nodeCategories":{"0":"Officer"},"nodes":6,"edges":6},"1":{"edgeType":"registered","nodeCategories":{"0":"Client"},"nodes":1,"edges":1}},"edgeCount":7,"visibleEdgeCount":2,"hiddenEdgeCount":5}},"label":"HAYLANDALE LIMITED","x":-10.19999999999999,"y":-8.900000000000002,"fixed":true,"size":1,"glyphs":{"0":{"draw":true,"position":"top-right","content":"5"},"1":{"draw":true,"position":"bottom-right","font":"FontAwesome","textColor":"#000","content":""}},"active":false,"colors":{"0":"#420e00"},"color":"#420e00","icon":{"font":"FontAwesome","scale":1,"color":"#fff","content":""},"read_cam0:size":5,"read_cam0:x":-10.19999999999999,"read_cam0:y":-8.900000000000002,"renderer1:x":1048,"renderer1:y":300,"renderer1:size":31.547867224009664},{"id":295053,"nodelink":{"x":5.252,"y":4.511,"fixed":true},"geo":{"latitudeDiff":0,"longitudeDiff":0},"data":{"properties":{"name":"MICHAEL MATES","certificateNumber":"9","numbershares":"900,000","classofshares":"","dateofissue":"22-12-2007","ceasedmembership":"","transferdate":"","sharestransferred":"","newcertificate":"","custodianname":"","custodianaddress":"","citizenship":"NO","pep":"NO","rst":"NOT NEGATIVE RESULT","registerlocation":""},"categories":{"0":"Officer"},"statistics":{"digest":{"0":{"edgeType":"registered address","nodeCategories":{"0":"Address"},"nodes":1,"edges":1},"1":{"edgeType":"is officer of","nodeCategories":{"0":"Company"},"nodes":1,"edges":1}},"edgeCount":2,"visibleEdgeCount":2,"hiddenEdgeCount":0}},"label":"MICHAEL MATES","x":2.399999999999988,"y":13.300000000000006,"fixed":true,"size":1,"glyphs":{"0":{"draw":false,"position":"top-right","content":"0"},"1":{"draw":true,"position":"bottom-right","font":"FontAwesome","textColor":"#000","content":""}},"active":false,"colors":{"0":"#be4400"},"color":"#be4400","icon":{"font":"FontAwesome","scale":1,"color":"#fff","content":""},"read_cam0:size":5,"read_cam0:x":2.399999999999988,"read_cam0:y":13.300000000000006,"renderer1:x":1173.9999999999998,"renderer1:y":522,"renderer1:size":31.547867224009664},{"id":575916,"nodelink":{"x":29.552,"y":-2.389,"fixed":true},"geo":{"latitudeDiff":0,"longitudeDiff":0},"data":{"properties":{"name":"THE RED HOUSE; WEST MARDEN; WEST SUSSEX; ENGLAND"},"categories":{"0":"Address"},"statistics":{"digest":{"0":{"edgeType":"registered address","nodeCategories":{"0":"Officer"},"nodes":1,"edges":1}},"edgeCount":1,"visibleEdgeCount":1,"hiddenEdgeCount":0}},"label":"THE RED HOUSE; WEST MARDEN; WEST SUSSEX; ENGLAND","x":36.20000000000001,"y":-6.700000000000001,"fixed":true,"size":1,"glyphs":{"0":{"draw":false,"position":"top-right","content":"0"},"1":{"draw":true,"position":"bottom-right","font":"FontAwesome","textColor":"#000","content":""}},"active":false,"colors":{"0":"#937c6f"},"color":"#937c6f","icon":{"font":"FontAwesome","scale":1,"color":"#fff","content":""},"read_cam0:size":5,"read_cam0:x":36.20000000000001,"read_cam0:y":-6.700000000000001,"renderer1:x":1512,"renderer1:y":322,"renderer1:size":31.547867224009664},{"id":590963,"nodelink":{"x":9.751,"y":-16.055},"geo":{"latitudeDiff":0,"longitudeDiff":0},"data":{"properties":{"name":"MOSSACK FONSECA & CO. (U.K.) LIMITED","status":"ACTIVE","client_number":"6517","client_name":"MOSSACK FONSECA & CO. (U.K.) LIMITED","prospect_date":"","active_since":"25-SEP-1992","country":"UNITED KINGDOM","city":"LONDON","former_name":"RM COMPANY SERVICES LIMITED","cross_reference":"A & S TEST CLIENT","activity":"CO. FORMATION SERVICE","classification":"Special rates","subclassification":"Representative","region":"REPRESENTATIVE CLIENTS","compliance_classification":"INTRODUCER"},"categories":{"0":"Client"},"statistics":{"digest":{"0":{"edgeType":"registered","nodeCategories":{"0":"Company"},"nodes":2538,"edges":2538}},"edgeCount":2538,"visibleEdgeCount":1,"hiddenEdgeCount":2537}},"label":"MOSSACK FONSECA & CO. (U.K.) LIMITED","x":15.600000000000014,"y":-19.300000000000004,"fixed":true,"size":1,"glyphs":{"0":{"draw":true,"position":"top-right","content":"2.537k"},"1":{"draw":true,"position":"bottom-right","font":"FontAwesome","textColor":"#000","content":""}},"active":false,"colors":{"0":"#851d00"},"color":"#851d00","icon":{"font":"FontAwesome","scale":1,"color":"#fff","content":""},"read_cam0:size":5,"read_cam0:x":15.600000000000014,"read_cam0:y":-19.300000000000004,"renderer1:x":1306.0000000000002,"renderer1:y":195.99999999999994,"renderer1:size":31.547867224009664}],"edges":[{"id":240066,"source":295053,"target":575916,"data":{"properties":{},"type":"registered address"},"label":"registered address","size":1,"active":false,"color":"#baaba3","hover":false,"read_cam0:size":2,"renderer1:size":12.619146889603865},{"id":787796,"source":590963,"target":148166,"data":{"properties":{},"type":"registered"},"label":"registered","size":1,"active":false,"color":"#8a6960","hover":false,"read_cam0:size":2,"renderer1:size":12.619146889603865},{"id":460279,"source":295053,"target":148166,"data":{"properties":{"name":"Shareholder"},"type":"is officer of"},"label":"Shareholder","size":1,"active":false,"color":"#d48a60","hover":false,"read_cam0:size":2,"renderer1:size":12.619146889603865}]}