{"nodes":[{"id":39358,"nodelink":{"x":8.702,"y":5.965},"geo":{"latitudeDiff":0,"longitudeDiff":0},"selected":true,"data":{"properties":{"file_number":"14012","jurisdiction":"PMA","name":"DELANTERA FINANCIERA S.A.","status":"DIS","inactivationDate":"24-JUN-2014","struck_off_date":"15-JUL-2016","registrationDate":"23-MAY-1969"},"categories":{"0":"Company"},"statistics":{"digest":{"0":{"edgeType":"is officer of","nodeCategories":{"0":"Officer"},"nodes":1,"edges":2},"1":{"edgeType":"registered","nodeCategories":{"0":"Client"},"nodes":1,"edges":1}},"edgeCount":3,"visibleEdgeCount":3,"hiddenEdgeCount":0}},"label":"DELANTERA FINANCIERA S.A.","x":4.175474405288696,"y":-6.075677490234375,"fixed":true,"size":1,"glyphs":{"0":{"draw":false,"position":"top-right","content":"0"},"1":{"draw":true,"position":"bottom-right","font":"FontAwesome","textColor":"#000","content":""}},"active":true,"color":"#420e00","icon":{"font":"FontAwesome","scale":1,"color":"#fff","content":""},"colors":{"0":"#420e00"},"fa2_x":5.593252658843994,"fa2_y":-18.263914108276367,"read_cam0:size":5,"read_cam0:x":4.175474405288696,"read_cam0:y":-6.075677490234375,"renderer1:x":1413,"renderer1:y":267,"renderer1:size":31.547867224009664},{"id":590714,"nodelink":{"x":-5.941,"y":-4.072},"geo":{"latitudeDiff":0,"longitudeDiff":0},"data":{"properties":{"name":"GOMEZ-ACEBO & POMBO ABOGADOS","status":"ACTIVE","client_number":"4675","client_name":"GOMEZ-ACEBO & POMBO ABOGADOS","prospect_date":"","active_since":"30-SEP-1993","country":"SPAIN","city":"MADRID","former_name":"","cross_reference":"MULLERAT (MADRID)","activity":"ATTORNEY","classification":"Special rates","subclassification":"","region":"PROFESSIONAL CLIENTS","compliance_classification":"INTERMEDIARY"},"categories":{"0":"Client"},"statistics":{"digest":{"0":{"edgeType":"registered","nodeCategories":{"0":"Company"},"nodes":1,"edges":1}},"edgeCount":1,"visibleEdgeCount":1,"hiddenEdgeCount":0}},"label":"GOMEZ-ACEBO & POMBO ABOGADOS","x":-0.824525594711301,"y":12.324322509765627,"fixed":true,"size":1,"glyphs":{"0":{"draw":false,"position":"top-right","content":"0"},"1":{"draw":true,"position":"bottom-right","font":"FontAwesome","textColor":"#000","content":""}},"active":false,"color":"#851d00","icon":{"font":"FontAwesome","scale":1,"color":"#fff","content":""},"colors":{"0":"#851d00"},"fa2_x":-7.242303848266602,"fa2_y":16.812559127807617,"read_cam0:size":5,"read_cam0:x":-0.824525594711301,"read_cam0:y":12.324322509765627,"renderer1:x":1363,"renderer1:y":451,"renderer1:size":31.547867224009664},{"id":667729,"data":{"properties":{"name":"Pilar de Borbón"},"categories":{"0":"Officer"},"statistics":{"digest":{"0":{"edgeType":"is officer of","nodeCategories":{"0":"Company"},"nodes":1,"edges":2}},"edgeCount":2,"visibleEdgeCount":2,"hiddenEdgeCount":0}},"x":-22.42452559471129,"y":5.524322509765627,"label":"Pilar de Borbón","size":1,"glyphs":{"0":{"draw":false,"position":"top-right","content":"0"},"1":{"draw":true,"position":"bottom-right","font":"FontAwesome","textColor":"#000","content":""}},"colors":{"0":"#be4400"},"color":"#be4400","icon":{"font":"FontAwesome","scale":1,"color":"#fff","content":""},"fa2_x":0.18816611170768738,"fa2_y":0.09895913302898407,"fixed":true,"read_cam0:size":5,"read_cam0:x":-22.42452559471129,"read_cam0:y":5.524322509765627,"renderer1:x":1147,"renderer1:y":383,"renderer1:size":31.547867224009664}],"edges":[{"id":611930,"source":590714,"target":39358,"data":{"properties":{},"type":"registered"},"label":"registered","size":1,"active":false,"color":"#8a6960","hover":false,"read_cam0:size":2,"renderer1:size":12.619146889603865},{"id":69448,"source":667729,"target":39358,"data":{"properties":{"name":"Director","date_start":"08/08/1974","date_end":""},"type":"is officer of"},"label":"Director","size":1,"type":"curvedArrow","cc":{"y":null},"color":"#d48a60","hover":false,"read_cam0:size":2,"renderer1:size":12.619146889603865},{"id":69449,"source":667729,"target":39358,"data":{"properties":{"name":"President","date_start":"08/08/1974","date_end":""},"type":"is officer of"},"label":"President","size":1,"type":"curvedArrow","cc":{"y":2},"color":"#d48a60","read_cam0:size":2,"renderer1:size":12.619146889603865}]}