{"nodes":[{"id":215525,"nodelink":{"x":-7.799,"y":-6.149},"geo":{"latitudeDiff":0,"longitudeDiff":0},"selected":true,"data":{"properties":{"file_number":"18898","jurisdiction":"PMA","name":"TREI INVESTMENTS CORP.","status":"REN","inactivationDate":"04-APR-2003","struck_off_date":"10-MAR-2001","registrationDate":"10-DEC-1999"},"categories":{"0":"Company"},"statistics":{"digest":{"0":{"edgeType":"is officer of","nodeCategories":{"0":"Officer"},"nodes":1,"edges":2},"1":{"edgeType":"registered","nodeCategories":{"0":"Client"},"nodes":1,"edges":1}},"edgeCount":3,"visibleEdgeCount":3,"hiddenEdgeCount":0}},"label":"TREI INVESTMENTS CORP.","x":7.052376556396484,"y":-15.9698992729187,"fixed":true,"size":1,"glyphs":{"0":{"draw":false,"position":"top-right","content":"0"},"1":{"draw":true,"position":"bottom-right","font":"FontAwesome","textColor":"#000","content":""}},"active":true,"color":"#420e00","icon":{"font":"FontAwesome","scale":1,"color":"#fff","content":""},"colors":{"0":"#420e00"},"fa2_x":-0.29408618807792664,"fa2_y":1.4750128984451294,"read_cam0:size":5,"read_cam0:x":7.052376556396484,"read_cam0:y":-15.9698992729187,"renderer1:x":1356.5,"renderer1:y":207,"renderer1:size":31.547867224009664},{"id":588376,"nodelink":{"x":11.654,"y":9.189},"geo":{"latitudeDiff":0,"longitudeDiff":0},"data":{"properties":{"name":"MOSSACK FONSECA & CO. (PERU) CORP.","status":"ACTIVE","client_number":"7879","client_name":"MOSSACK FONSECA & CO. (PERU) CORP.","prospect_date":"","active_since":"05-SEP-1995","country":"PERU","city":"LIMA","former_name":"ARGENTA INTERNATIONAL LIMITED","cross_reference":"","activity":"STOCK EXCHANGE","classification":"Special rates","subclassification":"Representative","region":"REPRESENTATIVE CLIENTS","compliance_classification":"INTERMEDIARY"},"categories":{"0":"Client"},"statistics":{"digest":{"0":{"edgeType":"registered","nodeCategories":{"0":"Company"},"nodes":2055,"edges":2055}},"edgeCount":2055,"visibleEdgeCount":1,"hiddenEdgeCount":2054}},"label":"MOSSACK FONSECA & CO. (PERU) CORP.","x":-21.347623443603517,"y":-1.5698992729187022,"fixed":true,"size":1,"glyphs":{"0":{"draw":true,"position":"top-right","content":"2.054k"},"1":{"draw":true,"position":"bottom-right","font":"FontAwesome","textColor":"#000","content":""}},"active":false,"color":"#851d00","icon":{"font":"FontAwesome","scale":1,"color":"#fff","content":""},"colors":{"0":"#851d00"},"fa2_x":-11.027679443359375,"fa2_y":-8.318906784057617,"read_cam0:size":5,"read_cam0:x":-21.347623443603517,"read_cam0:y":-1.5698992729187022,"renderer1:x":1072.5,"renderer1:y":351,"renderer1:size":31.547867224009664},{"id":667735,"data":{"properties":{"name":"César Almeyda"},"categories":{"0":"Officer"},"statistics":{"digest":{"0":{"edgeType":"is officer of","nodeCategories":{"0":"Company"},"nodes":1,"edges":2}},"edgeCount":2,"visibleEdgeCount":2,"hiddenEdgeCount":0}},"x":20.15237655639649,"y":14.430100727081296,"label":"César Almeyda","size":1,"glyphs":{"0":{"draw":false,"position":"top-right","content":"0"},"1":{"draw":true,"position":"bottom-right","font":"FontAwesome","textColor":"#000","content":""}},"colors":{"0":"#be4400"},"color":"#be4400","icon":{"font":"FontAwesome","scale":1,"color":"#fff","content":""},"fa2_x":16.532432556152344,"fa2_y":15.079108238220215,"fixed":true,"read_cam0:size":5,"read_cam0:x":20.15237655639649,"read_cam0:y":14.430100727081296,"renderer1:x":1487.5,"renderer1:y":511,"renderer1:size":31.547867224009664}],"edges":[{"id":617702,"source":588376,"target":215525,"data":{"properties":{},"type":"registered"},"label":"registered","size":1,"active":false,"color":"#8a6960","hover":false,"read_cam0:size":2,"renderer1:size":12.619146889603865},{"id":69458,"source":667735,"target":215525,"data":{"properties":{"name":"Director","date_start":"14/12/1999","date_end":""},"type":"is officer of"},"label":"Director","size":1,"type":"curvedArrow","cc":{"y":null},"color":"#d48a60","hover":false,"read_cam0:size":2,"renderer1:size":12.619146889603865},{"id":69459,"source":667735,"target":215525,"data":{"properties":{"name":"Secretary","date_start":"14/12/1999","date_end":""},"type":"is officer of"},"label":"Secretary","size":1,"type":"curvedArrow","cc":{"y":2},"color":"#d48a60","hover":false,"read_cam0:size":2,"renderer1:size":12.619146889603865}]}