<?xml version="1.0" encoding="UTF-8"?>
<metadata>
  <identifier>OffshoreLeaksDatabase</identifier>
  <mediatype>texts</mediatype>
  <collection>opensource_media</collection>
  <creator>Anonymous</creator>
  <description>&lt;p&gt;The database contains ownership information about companies created in 
10 offshore jurisdictions including the British Virgin Islands, the Cook
 Islands and Singapore. It covers nearly 30 years until 2010.&lt;/p&gt;&lt;p&gt;There are legitimate uses for offshore companies and trusts. We do 
not intend to suggest or imply that any persons, companies or other 
entities included in the ICIJ Offshore Leaks Database have broken the 
law or otherwise acted improperly. If you find an error in the database 
please &lt;a href="http://offshoreleaks.icij.org/help" rel="nofollow"&gt;get in touch with us&lt;/a&gt;.&lt;/p&gt;
			&lt;hr /&gt;&lt;p&gt;Website licensed under Creative Commons &lt;a href="http://creativecommons.org/licenses/by-nc/3.0/" rel="nofollow"&gt;CC-BY-NC 3.0&lt;/a&gt;.
 Please cite The International Consortium of Investigative Journalists 
when you use information from the database in publications and other 
works. &lt;a href="http://offshoreleaks.icij.org/about/credits" rel="nofollow"&gt;Credits&lt;/a&gt;.&lt;/p&gt;</description>
  <scanner>Internet Archive HTML5 Uploader 1.4</scanner>
  <subject>Offshore</subject>
  <title>Offshore Leaks Database</title>
  <subject>Leaks</subject>
  <subject>Database</subject>
  <publicdate>2013-06-15 10:34:52</publicdate>
  <uploader>hans.eichenwald@outlook.de</uploader>
  <addeddate>2013-06-15 10:34:52</addeddate>
  <identifier-access>http://archive.org/details/OffshoreLeaksDatabase</identifier-access>
  <identifier-ark>ark:/13960/t8gf2dx71</identifier-ark>
  <repub_state>4</repub_state>
  <curation>[curator]malware@archive.org[/curator][date]20140323104057[/date][comment]checked for malware[/comment]</curation>
</metadata>
