<?xml version="1.0" encoding="UTF-8"?>
<files>
  <file name="edges.csv" source="original">
    <format>Comma-Separated Values</format>
    <mtime>1371292492</mtime>
    <size>75749097</size>
    <md5>98392d75a2107bbd4cdc81d26537c727</md5>
    <crc32>8aae3e02</crc32>
    <sha1>ba258203bf3c08afcf3077c2491231bff9c3b6e4</sha1>
  </file>
  <file name="edges.csv_meta.txt" source="original">
    <format>Metadata</format>
    <mtime>1371292492</mtime>
    <size>2475</size>
    <md5>5c7e53e14daef563a68a8e95c8b36dc8</md5>
    <crc32>2d766be7</crc32>
    <sha1>d593930d5e90485cb9390d91628781b0b6d48c3c</sha1>
  </file>
  <file name="nodes.csv_meta.txt" source="original">
    <format>Metadata</format>
    <mtime>1371294022</mtime>
    <size>2449</size>
    <md5>6e23843f1e595ed2fc6120c586cb4691</md5>
    <crc32>f712e02d</crc32>
    <sha1>16efad7613e709b045a319c8eb140850157e45ac</sha1>
  </file>
  <file name="nodes.csv" source="original">
    <format>Comma-Separated Values</format>
    <mtime>1371294021</mtime>
    <size>50936418</size>
    <md5>232141db5ea03ee0c1982beecad1b7ce</md5>
    <crc32>15f6f91a</crc32>
    <sha1>9ab1a1d5ea7b970a335264cb7312b19fe21a1a75</sha1>
  </file>
  <file name="OffshoreLeaksDatabase_meta.xml" source="original">
    <format>Metadata</format>
    <mtime>1395571257</mtime>
    <size>1926</size>
    <md5>1be486a6cd8f0d64df2d59eb722d6453</md5>
    <crc32>bfe3de75</crc32>
    <sha1>82ee977b0e412d7fa373b6068838f535eb56993c</sha1>
  </file>
  <file name="OffshoreLeaksDatabase_archive.torrent" source="metadata">
    <btih>0800dbc0cb8065acbb2049c3b801cfdac969de07</btih>
    <mtime>1395571258</mtime>
    <size>6523</size>
    <md5>341d4ad4241221d955d2bf56bcd7bb68</md5>
    <crc32>f76f83cf</crc32>
    <sha1>93a89edad3be999d1eba701ccab13baec6e6560e</sha1>
    <format>Archive BitTorrent</format>
  </file>
  <file name="OffshoreLeaksDatabase_files.xml" source="original">
    <format>Metadata</format>
    <md5>dd4bbc8129bd3d07d6eaf8b4499052c3</md5>
  </file>
</files>
